flight_id,aircraft_type,zero_fuel_weight_kg,planned_duration_min,planned_altitude_ft,max_altitude_ft,avg_speed_kts,median_speed_kts,std_dev_altitude_ft,duration_climb_min,duration_cruise_min,avg_fuel_flow_climb_kgs,avg_fuel_flow_cruise_kgs,avg_headwind_kts,departure_temperature_c,had_bad_weather,engine_health_modifier,flight_path_deviation_pct,weight_x_wind,alt_x_temp,total_fuel_consumed_kg
FLIGHT_0001,A330,165034,469,33077,33016,410,410,50.34,32.24,403.76,8.65,5.46,-1.84,26,1,1.059,0.98,-304041.59,860002,160856.1
FLIGHT_0002,A330,172899,671,30088,30069,411,411,112.74,29.28,611.38,9.01,5.64,26.2,22,0,1.033,1.13,4529234.63,661936,262680.16
FLIGHT_0003,B737,46649,160,37388,37153,461,463,137.45,38.75,79.26,4.65,3.21,-19.98,25,0,0.994,1.15,-932233.78,934700,23737.62
FLIGHT_0004,B777,134384,558,37874,38327,435,434,29.1,38.99,480.06,7.15,5.04,-4.05,31,0,1.034,0.29,-544151.36,1174094,166997.25
FLIGHT_0005,B777,156561,693,30348,30378,428,427,49.7,29.99,633.52,7.49,5.33,8.31,23,0,1.05,0.25,1301492.28,698004,238893.91
FLIGHT_0006,A330,147931,363,36261,36535,400,400,22.93,38.55,287.08,8.27,5.17,29.29,27,0,1.064,0.92,4333632.26,979047,136481.98
FLIGHT_0007,B737,57845,97,32596,32387,406,405,53.31,29.92,37.26,5.08,3.42,9.86,32,0,1.064,1.99,570623.07,1043072,21204.81
FLIGHT_0008,A330,136032,628,34990,34977,431,431,93.39,35.81,558.51,7.95,5.13,24.36,30,1,1.018,0.14,3314341.52,1049700,219354.41
FLIGHT_0009,A320,47873,81,31647,32074,476,474,37.6,33.48,13.2,4.75,3.06,24.52,27,1,1.048,1.79,1173767.6,854469,17697.85
FLIGHT_0010,A330,164588,444,31546,31961,471,472,131.15,34.07,375.47,7.76,5.46,22.9,28,1,1.0,0.11,3768590.24,883288,156933.36
FLIGHT_0011,A320,47804,167,36744,36350,434,436,115.74,39.39,85.82,4.35,3.01,-14.27,22,1,1.013,2.82,-682128.15,808368,25215.07
FLIGHT_0012,B777,146709,643,40422,40873,423,421,108.99,42.18,558.84,7.47,5.09,1.87,32,1,1.012,0.83,274601.43,1293504,199575.7
FLIGHT_0013,B737,51438,219,38871,39081,439,441,101.93,40.19,141.6,4.78,3.28,26.8,24,1,1.042,2.21,1378687.94,932904,53640.59
FLIGHT_0014,A320,51340,115,32446,32012,451,451,25.58,35.28,45.68,5.07,3.22,13.52,26,0,1.026,1.51,693962.26,843596,24504.01
FLIGHT_0015,A320,64775,106,33295,33777,441,441,70.86,33.96,40.78,5.25,3.62,22.66,34,1,1.002,1.02,1467881.21,1132030,25168.13
FLIGHT_0016,A330,164762,409,34399,34665,434,436,129.89,36.1,339.84,8.49,5.55,22.78,32,1,1.052,0.53,3752784.95,1100768,157558.14
FLIGHT_0017,A320,50162,93,34078,33587,428,428,106.41,32.0,27.54,4.56,3.24,-2.97,32,0,1.063,0.7,-148997.22,1090496,16793.97
FLIGHT_0018,A330,127553,711,38726,38261,425,423,76.49,37.32,639.67,6.65,4.74,8.78,24,0,1.046,0.35,1120331.83,929424,218777.05
FLIGHT_0019,B777,158055,368,32776,33061,449,449,65.66,31.08,304.72,8.33,5.24,-16.94,33,0,1.051,2.94,-2678156.5,1081608,113532.8
FLIGHT_0020,B777,162072,494,37010,37176,416,415,35.24,38.89,420.17,7.79,5.22,-4.32,34,1,1.016,1.33,-699729.7,1258340,154127.18
FLIGHT_0021,B737,57668,202,31227,30842,438,439,51.41,31.12,142.17,4.99,3.54,-18.23,31,0,1.023,2.85,-1051111.96,968037,37726.49
FLIGHT_0022,B737,50070,167,33917,34278,433,434,63.98,34.48,97.46,5.34,3.38,-4.89,33,1,1.007,2.74,-244904.37,1119261,32551.05
FLIGHT_0023,A320,64787,165,34314,34386,429,429,148.63,36.7,93.18,5.27,3.5,19.96,24,0,0.986,2.62,1293236.44,823536,38296.53
FLIGHT_0024,A330,121410,458,40454,40777,441,439,111.82,38.92,383.74,6.73,4.51,-4.29,34,0,0.986,1.01,-520773.03,1375436,118761.77
FLIGHT_0025,B737,64635,66,31724,31293,469,468,99.07,29.58,7.57,5.12,3.38,-4.89,32,1,1.032,0.27,-316060.83,1015168,12447.64
FLIGHT_0026,A320,46919,208,31790,31704,434,432,122.12,31.17,145.19,4.66,3.05,-13.42,34,0,0.988,1.79,-629643.82,1080860,32916.89
FLIGHT_0027,B777,123117,462,33390,33530,455,455,119.19,31.93,402.09,6.85,4.68,-18.82,25,0,1.012,1.34,-2316619.19,834750,118080.99
FLIGHT_0028,A320,54088,150,37059,36851,472,472,146.71,38.93,75.13,5.29,3.43,10.69,25,1,1.057,2.97,578347.39,926475,34744.45
FLIGHT_0029,A330,130513,428,31260,31078,479,480,48.92,33.73,361.96,7.55,4.9,7.65,23,0,1.067,1.39,998557.47,718980,139694.97
FLIGHT_0030,B777,139817,311,37350,37656,412,413,106.5,39.61,228.32,7.85,5.09,27.38,31,1,1.067,2.8,3828121.54,1157850,114566.24
FLIGHT_0031,B737,62045,123,32813,32410,427,427,107.58,31.42,60.3,5.26,3.48,21.97,30,0,1.062,2.2,1363365.48,984390,30676.52
FLIGHT_0032,B737,47757,174,38758,38560,417,417,63.62,38.58,93.88,4.89,3.26,1.83,28,1,1.022,0.1,87540.78,1085224,33260.91
FLIGHT_0033,B737,60834,186,36883,36421,403,401,123.5,36.25,114.44,5.27,3.61,-2.1,22,1,1.015,1.14,-127678.45,811426,38630.62
FLIGHT_0034,B737,50528,210,38789,38873,465,463,139.44,41.29,125.0,5.25,3.34,-9.68,27,1,0.999,0.66,-488987.02,1047303,38154.82
FLIGHT_0035,A320,57050,232,40204,40659,409,407,38.0,38.04,159.79,4.87,3.17,17.75,33,0,0.983,0.35,1012614.33,1326732,48766.33
FLIGHT_0036,A330,134478,590,36128,36437,422,424,133.55,38.36,517.73,7.88,5.05,21.68,23,0,0.983,1.96,2915510.53,830944,197537.3
FLIGHT_0037,B777,138864,710,37891,38328,465,464,83.81,38.36,630.54,6.94,4.86,-17.04,32,0,1.037,2.15,-2365676.14,1212512,196548.59
FLIGHT_0038,B737,52596,229,32266,32588,442,441,59.31,29.98,167.25,4.97,3.26,18.08,34,0,1.045,2.8,951027.02,1097044,52841.58
FLIGHT_0039,A330,139587,624,39538,39430,441,441,104.67,37.72,552.74,6.82,4.82,26.57,34,1,0.99,2.96,3709178.41,1344292,206541.71
FLIGHT_0040,A320,49098,148,40100,40298,451,449,128.25,38.59,71.72,4.86,3.3,10.16,24,1,1.007,1.31,498720.99,962400,30617.19
FLIGHT_0041,A320,55371,233,32271,32352,417,418,59.21,32.24,165.42,5.13,3.56,-10.2,26,1,1.034,0.54,-564683.62,839046,45290.88
FLIGHT_0042,B737,51242,107,37091,36655,452,453,37.89,35.05,38.1,4.65,3.18,27.24,27,1,1.051,0.78,1396089.68,1001457,24505.02
FLIGHT_0043,A330,170141,376,38569,38183,472,473,83.05,39.24,298.04,8.11,5.69,29.42,28,1,1.04,2.68,5005904.9,1079932,149758.67
FLIGHT_0044,A330,123317,375,35333,34906,425,424,122.53,37.74,301.63,6.46,4.59,-3.4,23,0,1.023,2.28,-418942.17,812659,102703.09
FLIGHT_0045,A320,56598,88,36694,36374,445,444,55.76,36.14,17.29,4.98,3.34,-10.91,30,0,1.029,0.74,-617493.44,1100820,15507.07
FLIGHT_0046,B777,138033,559,35350,35405,425,426,90.06,36.98,486.78,7.4,5.06,14.45,28,1,1.015,2.26,1994257.51,989800,185592.34
FLIGHT_0047,B737,55837,81,35814,35576,406,406,144.19,35.47,12.57,4.97,3.31,18.74,23,0,1.005,2.4,1046507.53,823722,17410.46
FLIGHT_0048,A320,58346,136,31308,31116,460,459,125.02,29.5,78.86,4.94,3.46,-12.92,30,1,1.039,0.82,-753591.96,939240,25441.39
FLIGHT_0049,A320,55585,138,33345,33813,441,440,114.54,30.7,77.31,4.8,3.33,7.4,25,1,1.003,0.32,411191.04,833625,28041.61
FLIGHT_0050,B777,135719,550,36598,36206,439,439,116.96,38.84,476.27,7.02,4.8,15.09,29,0,1.053,2.88,2048212.26,1061342,182433.38
FLIGHT_0051,B737,46103,133,30062,29841,400,401,110.16,29.62,76.55,4.59,3.12,17.93,30,1,1.054,2.23,826854.4,901860,29475.1
FLIGHT_0052,B777,126928,367,32905,33016,466,467,99.06,34.04,300.69,6.6,4.67,8.24,30,0,1.016,0.84,1045663.85,987150,106775.26
FLIGHT_0053,B737,52821,66,30694,30385,441,440,83.82,28.02,10.34,4.63,3.23,2.54,27,0,0.991,1.92,134220.33,828738,11637.64
FLIGHT_0054,B777,156163,314,36071,35968,458,459,58.16,37.22,242.04,7.33,5.22,-7.45,27,0,1.019,0.91,-1163908.19,973917,93708.96
FLIGHT_0055,A320,59117,93,40474,40818,421,420,73.26,39.02,15.57,5.2,3.45,17.19,33,1,1.063,2.84,1015975.92,1335642,21661.7
FLIGHT_0056,A320,45614,168,37844,37985,442,442,29.7,39.78,89.26,4.86,3.1,25.6,22,1,1.058,2.12,1167810.03,832568,39436.8
FLIGHT_0057,A330,161394,670,35756,36217,456,455,145.66,34.62,600.51,8.29,5.5,26.66,30,1,0.981,1.28,4302647.98,1072680,243559.09
FLIGHT_0058,B737,53253,198,34178,34201,430,432,61.43,31.69,134.07,4.46,3.08,26.59,23,0,1.013,2.0,1416008.21,786094,43679.8
FLIGHT_0059,B737,54789,183,39186,39611,471,470,55.11,38.72,106.11,5.06,3.32,4.98,30,1,1.005,0.32,272675.79,1175580,36512.69
FLIGHT_0060,A330,159176,450,34603,35018,468,469,71.79,36.61,378.49,7.66,5.47,11.57,33,0,0.997,2.85,1841028.94,1141899,155633.72
FLIGHT_0061,B777,127921,497,32342,31974,456,457,69.6,31.56,435.01,6.94,4.81,0.29,33,1,1.056,0.04,36495.02,1067286,149645.4
FLIGHT_0062,B777,139617,445,31985,31729,449,448,111.27,34.77,378.01,7.22,5.06,-15.92,22,0,1.002,1.37,-2222047.1,703670,123302.38
FLIGHT_0063,A330,130675,641,34617,34755,436,437,147.79,37.14,566.06,7.09,4.67,-18.72,26,1,1.055,0.04,-2445742.87,900042,167964.34
FLIGHT_0064,B777,136648,491,35316,35724,462,463,32.0,36.48,421.74,7.19,4.88,-0.08,26,1,1.042,1.08,-10320.2,918216,149033.38
FLIGHT_0065,A330,149518,418,39038,38916,447,447,97.6,39.78,337.59,8.43,5.27,0.73,33,0,1.037,0.21,109331.77,1288254,135543.53
FLIGHT_0066,B737,57271,81,39829,39929,444,444,56.73,37.02,4.27,5.08,3.43,28.11,32,1,1.032,1.46,1609666.59,1274528,18778.88
FLIGHT_0067,B737,50173,189,34214,33895,440,438,82.39,31.23,129.49,4.39,3.08,-13.94,34,1,1.05,0.5,-699310.5,1163276,31622.34
FLIGHT_0068,B777,175263,312,30237,29774,456,457,77.07,33.01,246.08,8.06,5.73,13.75,24,0,0.987,1.0,2410628.62,725688,109204.03
FLIGHT_0069,B777,167483,568,37369,37854,414,415,90.36,35.86,496.69,8.62,5.46,-3.5,22,1,1.002,2.14,-586578.82,822118,185914.67
FLIGHT_0070,B737,50267,136,35492,35517,471,471,60.78,34.35,69.74,4.41,3.09,10.53,29,0,1.049,1.86,529248.74,1029268,27079.24
FLIGHT_0071,A320,56441,71,30679,30717,436,437,39.64,32.64,7.76,5.35,3.45,17.7,22,0,0.981,0.93,998779.57,674938,15569.31
FLIGHT_0072,B737,51526,166,34420,34044,450,451,55.28,33.45,101.6,4.73,3.15,22.33,23,1,0.999,2.34,1150626.05,791660,36786.97
FLIGHT_0073,A320,45812,64,40529,40094,451,452,71.4,39.83,0.0,5.1,3.25,-16.24,31,1,1.024,1.03,-744215.5,1256399,13236.2
FLIGHT_0074,A330,131482,615,38451,38494,423,422,46.51,41.35,537.26,7.42,4.81,-9.77,31,0,1.037,0.81,-1284055.97,1191981,175131.28
FLIGHT_0075,A320,61652,66,39324,39284,448,449,88.51,39.98,0.0,5.24,3.31,29.09,30,0,1.019,0.42,1793433.11,1179720,17870.22
FLIGHT_0076,A330,146131,547,39316,39044,479,480,66.79,41.73,465.98,7.5,5.28,18.22,30,1,1.04,2.12,2662112.12,1179480,195085.28
FLIGHT_0077,B737,62359,65,32555,32159,465,464,74.8,32.31,1.29,5.2,3.41,29.12,31,1,1.034,0.0,1816128.0,1009205,15402.03
FLIGHT_0078,A330,133533,544,32130,31817,461,461,126.17,30.54,480.26,7.64,4.96,1.78,34,0,0.983,0.73,238217.12,1092420,159560.6
FLIGHT_0079,B737,62549,216,38515,38045,471,472,37.25,36.34,141.2,5.36,3.4,21.21,23,0,1.052,1.57,1326861.62,885845,52223.18
FLIGHT_0080,A330,167565,474,37748,37937,447,447,20.23,37.92,400.18,8.18,5.55,12.78,27,1,1.019,0.62,2140912.86,1019196,168791.84
FLIGHT_0081,A320,48411,161,33281,33425,459,460,149.24,31.73,95.75,4.62,3.08,-11.46,22,1,0.981,2.34,-554925.49,732182,25554.86
FLIGHT_0082,A330,164290,703,36120,35886,474,474,78.64,35.86,630.17,8.08,5.57,15.44,32,0,0.981,2.81,2536576.96,1155840,249121.88
FLIGHT_0083,B777,125752,617,30495,30349,440,440,73.44,29.76,556.24,7.28,4.66,27.34,22,1,1.013,0.45,3438706.77,670890,199737.46
FLIGHT_0084,A320,59008,149,30156,29773,414,414,54.05,32.93,81.05,5.13,3.47,14.77,24,1,1.01,0.51,871555.62,723744,33000.9
FLIGHT_0085,B777,132610,593,40695,41068,459,461,47.04,41.26,509.1,7.18,4.64,-9.25,26,0,1.046,0.49,-1226918.61,1058070,162000.2
FLIGHT_0086,A330,129640,586,30274,30721,409,408,124.19,29.11,528.75,7.51,4.79,25.29,27,1,1.032,0.63,3278777.92,817398,196529.0
FLIGHT_0087,A330,122756,553,33616,33134,462,464,101.28,35.02,480.12,6.69,4.63,-2.18,34,0,1.067,1.24,-267294.49,1142944,159669.01
FLIGHT_0088,B777,175483,369,32949,33108,469,467,120.66,34.96,297.52,8.83,5.76,-13.88,25,0,1.039,1.97,-2435067.88,823725,124411.64
FLIGHT_0089,A330,150398,651,40383,40106,477,475,116.37,42.74,564.93,7.56,5.09,3.41,29,0,1.064,1.69,512441.69,1171107,214860.42
FLIGHT_0090,A320,45080,147,31781,32279,428,426,106.11,33.7,77.66,4.89,3.16,25.75,33,1,0.992,0.14,1160720.2,1048773,31885.17
FLIGHT_0091,A320,45667,200,37821,37602,427,428,91.82,35.3,126.54,4.67,3.21,22.82,27,1,1.045,1.49,1042298.94,1021167,45728.64
FLIGHT_0092,B777,170665,370,40669,40674,441,440,47.92,41.01,289.09,8.29,5.59,16.01,30,1,1.012,2.23,2732392.79,1220070,133893.03
FLIGHT_0093,A330,169983,507,39502,39515,435,434,95.03,38.25,434.98,8.76,5.82,-6.38,24,1,1.063,1.7,-1084342.37,948048,184761.3
FLIGHT_0094,A320,52887,104,37854,37791,411,413,59.03,39.07,23.51,4.92,3.29,-6.47,29,0,1.065,0.07,-342342.29,1097766,18183.05
FLIGHT_0095,A320,58932,211,32490,32489,440,440,119.0,31.52,149.75,5.03,3.48,-5.25,22,0,1.023,0.7,-309303.23,714780,41875.31
FLIGHT_0096,A320,58796,95,33474,33111,446,445,37.86,31.51,30.96,5.02,3.44,23.73,31,1,0.992,2.54,1394996.21,1037694,21327.88
FLIGHT_0097,B777,132314,486,31436,31212,457,456,140.88,34.07,420.28,7.16,4.82,-0.01,32,1,1.027,0.32,-709.54,1005952,142638.0
FLIGHT_0098,A320,64701,186,39587,39496,459,460,45.14,38.34,111.12,5.54,3.5,-15.14,33,1,1.026,0.61,-979876.25,1306371,35017.21
FLIGHT_0099,B737,52985,208,39937,39669,411,412,135.15,40.2,127.08,4.55,3.11,13.53,22,0,1.022,0.28,716988.61,878614,41762.98
FLIGHT_0100,A320,47541,81,30097,30304,425,426,68.27,28.56,25.11,4.71,3.2,-4.85,30,0,1.028,2.64,-230408.48,902910,14369.69
FLIGHT_0101,B777,123021,604,31264,31184,443,442,147.22,31.77,543.97,6.93,4.54,10.54,32,1,0.99,0.98,1296693.74,1000448,173151.02
FLIGHT_0102,B777,174491,486,38127,38434,459,459,87.49,36.53,414.01,9.23,5.81,9.37,31,1,1.024,1.52,1635046.95,1181937,180923.84
FLIGHT_0103,A320,45484,192,33014,33021,441,441,146.49,31.05,132.66,5.08,3.25,1.2,29,1,1.027,0.12,54773.81,957406,38117.3
FLIGHT_0104,A330,140563,586,32518,32183,465,466,118.24,31.66,520.41,7.4,4.88,-9.08,28,1,0.999,0.16,-1276129.08,910504,161196.55
FLIGHT_0105,A330,162775,548,37420,37741,451,451,57.32,38.21,474.3,7.72,5.36,23.88,23,0,1.005,1.44,3886944.56,860660,196354.43
FLIGHT_0106,B737,46308,172,38817,39152,450,450,74.52,40.48,87.11,4.55,2.86,22.21,26,0,0.994,0.78,1028732.76,1009242,33522.18
FLIGHT_0107,B737,64394,205,36536,36501,420,418,35.42,34.02,140.31,5.4,3.52,-7.76,27,1,1.019,1.95,-499834.36,986472,41436.02
FLIGHT_0108,A330,150308,305,37010,36827,428,429,95.73,37.01,230.35,8.16,5.14,-4.49,30,0,1.06,0.21,-675562.16,1110300,95614.3
FLIGHT_0109,A320,50470,198,36795,36875,414,413,149.34,36.93,123.05,5.0,3.26,20.1,27,0,1.057,1.49,1014680.17,993465,45942.88
FLIGHT_0110,A330,136029,320,31203,31377,431,429,133.41,30.48,259.35,7.1,4.78,11.83,26,0,1.002,1.29,1609347.51,811278,96422.19
FLIGHT_0111,A320,54797,91,31904,31413,402,401,50.46,29.69,34.21,4.76,3.27,27.23,31,0,1.015,0.61,1491968.48,989024,20799.18
FLIGHT_0112,B777,156935,516,36314,36611,421,423,131.5,33.76,449.69,8.3,5.42,15.51,22,1,1.047,0.6,2434317.13,798908,187574.03
FLIGHT_0113,A320,53087,171,40554,41030,450,448,52.99,38.57,97.16,5.07,3.22,-7.44,33,0,1.041,1.49,-394778.9,1338282,32056.26
FLIGHT_0114,A330,177620,617,34027,34498,457,455,85.12,35.57,550.12,8.68,5.84,12.61,22,0,1.022,2.31,2239504.05,748594,235849.78
FLIGHT_0115,A330,161987,316,33382,33419,404,403,145.55,31.53,254.37,8.93,5.66,3.76,30,0,1.027,1.69,608865.11,1001460,112411.98
FLIGHT_0116,A320,45737,103,38162,37924,456,455,23.45,38.06,26.32,4.58,3.12,14.76,29,0,1.055,2.16,675242.78,1106698,21179.85
FLIGHT_0117,A330,153481,621,30744,30707,400,402,56.69,32.04,554.74,7.53,5.21,1.81,26,0,1.031,2.85,278229.39,799344,203949.56
FLIGHT_0118,B737,62935,82,30550,30250,466,466,74.56,32.69,15.87,5.2,3.55,-14.96,34,0,0.986,2.98,-941782.67,1038700,13832.08
FLIGHT_0119,B777,140213,657,34474,34584,448,449,132.61,34.86,588.87,7.84,4.96,17.89,25,0,0.993,0.97,2508045.26,861850,212497.4
FLIGHT_0120,B777,133013,328,31125,31600,438,437,95.52,33.01,260.33,6.91,4.93,-7.01,33,0,1.058,0.8,-932522.49,1027125,95938.9
FLIGHT_0121,B777,131394,413,35223,34810,462,463,40.99,34.15,345.97,7.53,4.88,7.76,31,1,1.03,1.21,1019828.01,1091913,129626.24
FLIGHT_0122,B737,61231,227,34590,34465,461,459,120.74,37.2,151.6,5.07,3.39,-0.66,27,1,1.068,2.31,-40377.09,933930,47884.69
FLIGHT_0123,A320,63475,175,33361,33034,420,421,26.39,30.95,114.91,5.4,3.42,-19.06,30,1,1.025,1.56,-1210021.33,1000830,31479.2
FLIGHT_0124,B737,52681,84,33086,33579,460,461,77.23,33.45,17.95,4.53,3.21,10.49,22,1,1.059,2.33,552591.17,727892,17039.26
FLIGHT_0125,B777,145426,480,31614,31777,422,420,145.54,31.43,418.95,7.82,5.01,7.46,31,0,1.023,1.99,1084233.39,980034,154644.43
FLIGHT_0126,B777,150912,375,32783,32884,449,450,140.38,30.35,317.34,8.12,5.28,-12.66,34,0,1.015,0.11,-1911131.5,1114622,112004.68
FLIGHT_0127,A320,62635,96,38946,38453,443,444,74.43,38.63,20.35,5.0,3.41,-5.92,25,0,1.001,1.63,-370623.07,973650,17012.38
FLIGHT_0128,A330,150448,423,31065,30775,463,461,89.11,32.18,357.43,8.19,5.25,-5.47,30,0,1.062,0.96,-822363.35,931950,136292.91
FLIGHT_0129,B737,48646,238,36846,36361,451,450,77.3,36.35,169.71,5.34,3.36,1.4,22,0,1.005,1.9,68188.69,810612,49419.1
FLIGHT_0130,A320,52846,102,35303,34880,470,470,148.95,34.24,32.67,5.12,3.25,-2.34,26,0,0.99,2.15,-123838.1,917878,18432.03
FLIGHT_0131,A320,64278,223,34566,34347,429,428,112.57,34.27,151.8,5.56,3.6,-7.12,25,1,0.981,0.55,-457770.02,864150,43697.12
FLIGHT_0132,B737,62419,76,39642,39424,428,428,79.69,41.73,0.0,5.54,3.48,-7.63,28,1,1.052,0.09,-475968.61,1109976,15979.95
FLIGHT_0133,A320,48413,154,39356,39767,412,414,83.04,39.42,72.83,5.0,3.18,27.23,23,1,1.018,0.85,1318129.82,905188,35544.32
FLIGHT_0134,A330,123989,417,37621,37783,476,475,45.11,36.39,342.22,6.58,4.6,-10.54,29,0,0.98,2.63,-1306935.71,1091009,106245.75
FLIGHT_0135,A320,53756,133,39099,39576,424,423,91.02,39.92,56.75,5.11,3.28,-6.67,29,1,1.054,0.8,-358535.68,1133871,25607.94
FLIGHT_0136,B737,50693,159,34171,34229,444,442,116.19,31.38,98.47,4.72,3.2,-10.41,33,1,1.014,2.63,-527772.75,1127643,27941.27
FLIGHT_0137,B737,64827,93,39614,39271,406,407,143.19,41.57,12.35,5.43,3.65,-6.8,30,0,0.995,2.56,-440754.92,1188420,17808.53
FLIGHT_0138,B737,61620,122,31771,31346,409,409,149.66,31.09,60.03,5.4,3.46,-14.83,29,1,0.983,1.32,-913563.35,921359,21491.87
FLIGHT_0139,B737,46316,94,37312,36880,431,431,139.3,37.74,22.12,4.41,3.06,17.56,24,0,1.044,1.81,813132.75,895488,19467.2
FLIGHT_0140,A330,172900,609,38535,38079,414,414,129.25,39.21,528.94,8.66,5.42,-16.49,30,0,1.064,0.29,-2851300.66,1156050,192615.14
FLIGHT_0141,A330,173409,415,38011,38289,455,453,41.4,40.39,331.41,8.2,5.75,0.39,29,0,0.993,1.96,67724.09,1102319,139800.02
FLIGHT_0142,B777,160788,339,30801,30381,421,421,92.14,28.95,280.03,7.88,5.38,11.37,23,1,0.988,1.46,1828585.34,708423,112784.55
FLIGHT_0143,B777,170881,683,34753,35036,415,414,66.16,34.57,614.27,8.83,5.68,27.83,23,1,1.059,0.23,4755198.66,799319,274609.74
FLIGHT_0144,B777,153565,641,40140,39798,464,463,131.68,40.68,563.35,8.14,5.32,8.02,33,0,1.053,2.13,1231715.46,1324620,225572.52
FLIGHT_0145,B737,60692,122,31086,31196,450,450,46.51,30.3,60.3,4.99,3.47,3.64,26,0,1.016,0.89,221060.37,808236,24875.97
FLIGHT_0146,B777,155233,354,37344,37479,437,437,59.75,35.9,286.1,7.77,5.37,8.48,32,1,0.995,0.87,1316464.09,1195008,116259.29
FLIGHT_0147,A330,129564,684,38452,38099,408,406,50.74,39.06,607.33,6.72,4.78,14.41,23,1,1.066,0.34,1867270.38,884396,222090.97
FLIGHT_0148,A330,158366,648,31000,30933,423,422,88.65,28.91,589.25,8.06,5.18,0.53,23,0,1.044,0.08,83454.71,713000,208986.21
FLIGHT_0149,A330,155140,593,31157,31066,407,408,138.16,31.82,531.8,7.74,5.24,-7.38,31,1,1.033,2.55,-1144303.99,965867,188579.02
FLIGHT_0150,A330,134324,324,36701,37106,428,427,41.99,34.2,255.22,6.92,4.92,27.86,23,0,1.023,0.77,3742143.92,844123,108494.53
FLIGHT_0151,B777,144036,422,36851,36447,478,479,139.85,37.8,344.54,7.05,4.9,-6.95,23,1,1.023,0.45,-1001348.31,847573,119085.92
FLIGHT_0152,A320,54716,71,39411,39301,446,447,73.91,38.95,0.0,4.59,3.15,15.27,28,1,1.062,0.37,835286.07,1103508,15517.74
FLIGHT_0153,A320,45998,106,38880,38750,461,462,78.23,38.08,27.27,4.59,3.16,-11.31,23,0,1.042,1.26,-520468.34,894240,17143.82
FLIGHT_0154,B777,137643,631,30809,30972,464,464,43.67,30.83,571.97,6.84,4.84,-16.34,22,1,1.048,0.11,-2248742.17,677798,173618.87
FLIGHT_0155,B737,49369,103,39295,39718,433,433,95.89,39.49,22.89,4.55,3.02,1.91,30,0,0.982,2.37,94388.37,1178850,17216.75
FLIGHT_0156,A320,48891,181,40400,40878,468,467,86.75,42.51,95.57,4.59,3.11,21.21,29,1,1.018,1.64,1036785.57,1171600,38536.7
FLIGHT_0157,A330,139613,537,39439,39549,435,437,128.75,40.51,456.52,7.78,5.06,13.61,23,0,1.046,1.01,1899874.87,907097,180822.42
FLIGHT_0158,A320,64752,162,39306,39225,424,422,91.96,40.25,80.95,5.37,3.66,-19.81,26,1,1.03,2.12,-1282983.0,1021956,30473.21
FLIGHT_0159,B737,46616,155,32326,32413,435,435,139.81,30.47,95.16,4.81,3.27,-7.99,27,0,0.986,2.83,-372564.8,872802,27470.04
FLIGHT_0160,A320,46874,225,40244,39808,418,416,118.78,40.55,145.88,5.06,3.21,14.94,25,1,1.003,0.87,700233.19,1006100,48365.05
FLIGHT_0161,B777,150561,558,39227,38887,466,468,135.56,36.44,482.54,8.4,5.25,16.58,26,1,1.002,2.31,2495972.42,1019902,192316.36
FLIGHT_0162,A330,145926,620,35670,36105,420,420,89.44,37.75,544.23,7.98,5.02,14.38,23,1,1.043,1.6,2099111.62,820410,210537.65
FLIGHT_0163,A320,53944,232,34909,34648,460,460,45.37,32.33,164.62,4.65,3.24,-14.98,22,1,1.04,2.11,-808085.74,767998,40486.38
FLIGHT_0164,A320,47440,200,37380,37532,427,427,105.66,38.48,127.04,4.91,3.24,-10.64,34,0,1.008,0.6,-504673.77,1270920,35198.62
FLIGHT_0165,B777,171623,642,36555,36849,448,450,70.73,33.99,575.37,7.62,5.37,27.6,24,1,1.039,1.46,4737291.71,877320,242064.18
FLIGHT_0166,B737,58497,91,31227,30945,420,418,65.93,31.59,28.01,4.93,3.31,10.85,22,1,1.003,0.44,634947.09,686994,18445.07
FLIGHT_0167,B777,147734,650,33961,34174,437,439,83.07,32.47,584.45,7.64,5.15,-6.57,24,0,1.069,1.94,-970315.64,815064,208495.31
FLIGHT_0168,B737,46956,186,38211,37745,417,417,101.27,37.44,113.09,4.99,3.12,-5.5,33,1,1.02,0.44,-258140.0,1260963,33834.98
FLIGHT_0169,B777,155258,497,40251,40372,441,440,135.25,40.75,413.16,8.08,5.25,18.95,22,0,1.027,2.74,2942590.54,885522,175834.98
FLIGHT_0170,B777,130245,657,31015,31304,471,471,44.38,29.19,599.7,7.43,4.69,29.43,25,1,1.064,0.44,3833291.17,775375,227180.95
FLIGHT_0171,B777,155926,666,31926,31919,445,444,81.42,32.47,601.07,7.25,5.17,-2.35,30,1,1.017,1.29,-365743.95,957780,206731.93
FLIGHT_0172,B737,53928,119,36479,36863,432,430,61.62,37.95,40.82,5.2,3.41,19.33,24,0,0.997,2.57,1042209.83,875496,26283.67
FLIGHT_0173,A320,50751,102,39608,39257,446,448,43.3,38.18,28.33,4.57,3.14,16.17,23,1,0.983,1.58,820907.7,910984,20361.15
FLIGHT_0174,A330,137564,469,39876,39798,421,421,126.93,37.52,396.9,7.33,5.06,-7.66,30,0,1.01,0.41,-1054029.98,1196280,136134.45
FLIGHT_0175,A330,176447,634,36013,36296,467,468,141.85,36.72,561.69,8.73,5.97,17.08,28,0,0.991,0.17,3012872.02,1008364,238416.15
FLIGHT_0176,A320,46456,97,38081,37681,455,455,68.22,39.18,22.67,4.9,3.07,26.17,28,0,0.999,2.58,1215912.0,1066268,21977.2
FLIGHT_0177,B777,148314,472,34607,34857,478,477,71.37,36.14,397.98,7.98,5.04,15.69,26,0,1.057,1.97,2327174.7,899782,163491.93
FLIGHT_0178,A320,47184,159,31390,31851,446,445,135.39,33.68,91.44,4.72,3.09,-5.42,26,0,1.005,1.98,-255671.19,816140,27518.41
FLIGHT_0179,B777,177563,325,38103,37721,435,436,48.27,37.61,252.63,8.9,5.69,19.53,27,1,1.003,0.11,3468214.64,1028781,120173.86
FLIGHT_0180,B737,64816,120,40796,41166,430,428,135.13,39.85,41.6,5.09,3.36,5.2,34,0,1.019,2.17,336815.7,1387064,24459.8
FLIGHT_0181,B737,48102,231,40529,40057,433,434,81.18,39.35,153.47,5.04,3.27,12.7,30,1,1.03,0.48,610798.39,1215870,50144.34
FLIGHT_0182,A320,46370,86,35122,35314,426,426,81.17,34.57,20.64,5.16,3.25,-14.12,26,1,1.043,1.06,-654901.75,913172,15579.25
FLIGHT_0183,A330,130746,486,35595,36026,466,465,117.61,35.7,418.55,7.15,4.53,-2.49,28,1,0.988,1.18,-326181.94,996660,129653.22
FLIGHT_0184,A330,167549,402,31407,31745,464,464,111.41,31.69,337.08,8.31,5.5,12.58,34,1,0.996,1.09,2108593.6,1067838,138887.39
FLIGHT_0185,B777,143798,535,38478,37995,444,444,137.24,36.35,466.03,7.36,4.94,7.26,24,0,1.01,1.47,1043830.67,923472,166894.68
FLIGHT_0186,B737,54664,232,32026,32462,460,458,20.14,33.1,167.67,4.79,3.25,10.15,30,1,1.046,1.88,554818.51,960780,50799.83
FLIGHT_0187,B777,139967,657,40689,40997,465,467,94.73,38.25,577.12,7.31,5.03,26.53,27,1,1.01,1.58,3712961.52,1098603,225181.04
FLIGHT_0188,B777,162357,470,33302,33383,427,429,103.44,36.23,400.19,8.45,5.52,10.42,29,1,1.068,0.64,1691279.41,965758,173024.57
FLIGHT_0189,B777,156775,603,40571,40430,403,402,74.42,42.14,521.58,7.84,5.39,29.72,23,1,1.066,1.29,4659903.48,933133,236122.29
FLIGHT_0190,A330,175173,366,36007,36065,451,451,23.7,37.02,294.81,7.81,5.57,11.14,29,1,1.017,1.77,1951613.43,1044203,129815.07
FLIGHT_0191,A330,137238,524,30395,30562,475,477,93.96,29.34,465.36,7.27,4.91,22.15,31,0,0.993,1.96,3039846.99,942245,171048.44
FLIGHT_0192,A320,57468,97,38094,37721,467,468,52.16,39.24,15.31,5.18,3.31,16.85,30,1,0.987,1.72,968362.14,1142820,19560.93
FLIGHT_0193,A330,123375,561,35444,35873,475,477,89.57,37.42,486.83,7.28,4.71,27.15,27,1,1.063,1.0,3349082.52,956988,193190.64
FLIGHT_0194,B777,179836,602,34330,34603,445,443,133.53,31.66,536.45,8.7,5.86,17.18,26,1,1.016,1.49,3089074.76,892580,231138.32
FLIGHT_0195,A320,63767,138,30988,31081,425,426,53.03,30.36,80.71,5.19,3.37,14.28,25,0,0.986,0.85,910854.32,774700,29741.87
FLIGHT_0196,A330,140536,581,36486,36056,466,465,52.68,37.99,505.08,7.47,5.15,16.74,22,1,0.993,2.8,2352507.46,802692,194420.68
FLIGHT_0197,B777,168477,539,37205,36997,463,465,119.74,39.25,461.52,8.23,5.65,4.21,27,1,0.981,2.17,709905.26,1004535,183604.56
FLIGHT_0198,A330,131108,429,39186,38754,422,422,90.49,36.52,356.77,7.25,4.79,23.17,26,1,0.982,1.45,3037619.08,1018836,135488.4
FLIGHT_0199,B777,162007,317,36360,36453,408,410,118.59,37.19,242.05,8.78,5.51,12.75,30,0,1.044,1.29,2066315.6,1090800,115039.42
FLIGHT_0200,A320,58128,197,35153,35248,443,444,59.61,36.82,127.18,5.16,3.39,-2.79,22,1,1.02,1.72,-162016.21,773366,39485.87
FLIGHT_0201,B777,139052,677,33510,33325,434,433,26.57,33.64,608.64,7.26,4.92,22.41,23,0,0.991,0.16,3116810.44,770730,217612.26
FLIGHT_0202,A320,47301,191,34692,34713,414,415,20.84,32.24,128.54,4.59,3.05,-7.05,28,1,1.046,2.68,-333461.34,971376,34503.85
FLIGHT_0203,B737,46581,175,35631,35771,421,422,53.41,32.82,108.54,4.58,3.06,12.38,27,0,1.02,0.26,576860.79,962037,34584.04
FLIGHT_0204,B777,148564,501,39225,39039,414,414,133.1,37.97,425.58,7.44,5.22,3.28,27,1,1.04,2.88,487804.14,1059075,167281.39
FLIGHT_0205,A320,45766,126,35620,35780,436,436,71.2,37.85,54.3,4.55,3.17,1.56,22,0,1.003,0.41,71341.06,783640,23061.22
FLIGHT_0206,A320,57017,156,35928,36182,478,479,95.31,37.27,85.31,4.84,3.43,18.81,34,0,1.002,1.38,1072474.7,1221552,35070.59
FLIGHT_0207,B777,129032,417,36524,36647,430,431,93.88,34.06,347.75,6.95,4.86,-19.49,29,0,1.059,0.2,-2515199.64,1059196,112445.58
FLIGHT_0208,B777,147945,326,35914,36333,472,470,52.96,37.46,249.64,7.62,5.1,8.88,25,0,1.039,2.09,1313373.3,897850,106651.17
FLIGHT_0209,B777,142517,667,36437,36162,448,450,117.59,34.66,595.27,7.87,5.09,-0.75,32,1,1.006,2.4,-107500.08,1165984,207164.79
FLIGHT_0210,A320,47237,165,31482,31154,455,456,81.29,29.03,105.64,4.62,3.25,20.08,27,1,1.012,1.95,948755.71,850014,36353.01
FLIGHT_0211,B777,155529,709,33760,33455,473,475,90.44,35.43,637.67,8.09,5.3,8.12,28,0,0.999,0.49,1263044.23,945280,232542.19
FLIGHT_0212,B777,176512,446,40952,41221,431,433,26.49,43.36,363.44,8.62,5.56,-3.31,32,0,1.051,2.39,-584039.0,1310464,156636.86
FLIGHT_0213,A330,169721,356,33667,33201,468,470,49.49,31.99,293.57,8.57,5.57,13.47,22,0,1.053,2.71,2285501.13,740674,134338.09
FLIGHT_0214,A320,50473,161,30680,31001,450,451,142.07,33.18,97.74,5.01,3.19,29.29,25,0,1.002,2.76,1478128.93,767000,38041.83
FLIGHT_0215,B737,51966,75,35618,35184,467,466,126.66,34.1,8.6,4.86,3.26,0.11,33,1,0.993,1.45,5573.89,1175394,13381.63
FLIGHT_0216,B777,133620,463,32688,32881,468,468,96.9,30.9,402.91,7.05,4.83,-15.31,25,0,1.002,2.9,-2045075.76,817200,125677.21
FLIGHT_0217,A330,162370,314,30475,30649,404,405,24.04,29.13,253.82,8.94,5.59,-12.92,27,0,1.042,1.45,-2098602.11,822825,102609.97
FLIGHT_0218,A330,167007,558,31858,31793,439,439,130.74,30.1,497.83,8.64,5.56,-5.8,30,1,1.056,2.89,-969458.62,955740,195036.48
FLIGHT_0219,A320,48912,176,40178,40005,403,401,87.36,39.42,96.14,4.89,3.32,1.01,31,0,1.023,1.24,49212.54,1245518,34140.39
FLIGHT_0220,A320,63084,128,34581,34781,473,474,137.72,36.28,57.7,5.05,3.48,24.35,26,1,0.981,1.88,1536060.0,899106,29297.57
FLIGHT_0221,B777,173084,559,39439,39849,462,461,113.44,40.79,478.99,8.77,5.68,-18.18,30,0,1.026,1.76,-3146318.43,1183170,181329.51
FLIGHT_0222,B777,126110,379,31993,32233,402,402,85.66,34.71,310.95,6.56,4.65,26.07,32,0,0.981,0.23,3288073.36,1023776,116076.65
FLIGHT_0223,B737,51698,198,40756,40308,455,456,88.7,43.01,116.16,4.69,3.3,24.57,28,1,1.001,0.64,1270000.49,1141168,44572.36
FLIGHT_0224,B777,161746,586,33737,33664,401,403,43.38,34.94,516.75,8.18,5.44,-8.97,24,0,1.033,0.95,-1451339.9,809688,188426.95
FLIGHT_0225,A320,54869,133,33446,33828,415,414,28.58,32.4,66.2,4.75,3.18,24.03,26,1,1.039,2.14,1318462.71,869596,29956.19
FLIGHT_0226,B737,54214,140,36180,36146,432,433,88.37,38.49,63.01,4.92,3.22,26.7,29,0,1.043,2.99,1447541.58,1049220,33003.5
FLIGHT_0227,B737,48264,195,34112,34049,453,452,56.46,36.48,121.0,5.04,3.28,-18.12,33,0,1.06,1.28,-874588.52,1125696,34085.09
FLIGHT_0228,A320,51063,187,33931,34153,416,415,91.53,33.34,118.3,4.62,3.22,0.42,27,1,1.042,0.39,21277.69,916137,35831.89
FLIGHT_0229,A320,46299,217,34403,34114,451,450,139.85,36.09,147.7,4.81,3.23,-1.12,29,0,0.991,2.43,-51708.93,997687,40596.29
FLIGHT_0230,A330,160234,425,37858,37855,441,440,125.67,35.68,353.64,8.0,5.46,20.16,34,1,1.01,2.32,3230417.43,1287172,154056.61
FLIGHT_0231,B737,56690,108,39639,39274,415,415,113.34,41.98,26.07,4.64,3.08,10.65,28,0,1.015,0.06,603925.77,1109892,20284.45
FLIGHT_0232,A330,128380,357,31185,31242,431,429,93.88,32.33,293.42,7.55,4.85,21.36,25,0,1.01,1.14,2741818.24,779625,115982.28
FLIGHT_0233,B777,172017,450,30935,30544,430,431,45.08,32.62,388.37,8.21,5.63,14.58,26,1,1.059,2.92,2508220.33,804310,173820.46
FLIGHT_0234,A320,59085,233,38883,38848,415,417,28.79,37.27,158.79,5.13,3.57,0.94,34,1,0.998,1.01,55328.08,1322022,48552.36
FLIGHT_0235,B737,45903,61,34509,34438,409,410,131.49,32.24,0.0,4.78,3.1,18.0,31,0,1.015,2.94,826225.71,1069779,13059.66
FLIGHT_0236,A320,53780,234,33397,33512,426,424,57.1,35.4,165.43,4.82,3.3,1.13,23,0,1.018,0.44,60622.93,768131,46215.76
FLIGHT_0237,A330,170896,407,40822,40394,421,420,55.1,41.9,323.29,7.94,5.6,10.2,28,0,0.994,2.87,1743350.0,1143016,141853.89
FLIGHT_0238,B777,140003,456,37452,37634,446,444,116.18,37.66,378.67,7.42,5.0,10.91,31,0,1.01,1.76,1527583.46,1161012,144072.09
FLIGHT_0239,B777,158762,544,33915,33769,474,473,110.65,36.64,470.25,8.06,5.45,28.91,24,0,1.016,1.08,4589601.1,813960,203337.78
FLIGHT_0240,B777,136928,480,30660,31005,471,471,125.13,29.26,424.41,6.98,4.83,-4.6,26,1,1.058,2.4,-629401.34,797160,145150.18
FLIGHT_0241,A330,179102,524,38550,38431,431,431,81.57,40.78,444.73,9.05,5.88,-1.69,22,0,1.04,0.26,-303117.43,848100,189380.81
FLIGHT_0242,A320,61367,204,33447,33579,431,433,31.19,33.39,134.69,4.73,3.37,19.45,32,0,1.041,0.5,1193816.21,1070304,46640.64
FLIGHT_0243,A330,163730,390,40597,40937,431,432,81.07,39.32,315.65,8.02,5.48,-10.05,27,1,1.019,2.43,-1644894.14,1096119,125109.78
FLIGHT_0244,B777,154517,371,35515,35137,469,469,111.43,37.27,296.01,8.28,5.3,12.99,28,1,1.057,1.1,2006484.27,994420,131074.58
FLIGHT_0245,A320,60123,142,32394,32876,458,457,49.37,34.76,70.07,4.83,3.26,15.47,28,1,1.018,2.28,929836.53,907032,30610.36
FLIGHT_0246,A320,51031,197,32226,32061,416,415,129.4,31.08,137.57,5.03,3.24,8.39,33,0,1.022,0.02,428109.39,1063458,40854.03
FLIGHT_0247,A320,46308,227,38634,38557,467,466,131.14,39.01,152.39,4.93,3.11,24.61,33,0,1.039,1.05,1139561.21,1274922,52669.11
FLIGHT_0248,A320,61192,62,35544,35534,440,439,117.11,34.97,0.0,5.17,3.43,13.35,23,1,1.018,1.66,816707.76,817512,14478.02
FLIGHT_0249,A320,58861,181,36202,36055,409,407,146.43,35.93,106.74,5.09,3.29,16.58,29,0,1.05,0.5,975826.15,1049858,40198.4
FLIGHT_0250,A330,130369,405,36683,36454,475,476,142.35,37.48,331.37,6.99,4.71,0.01,33,1,0.994,0.55,1587.11,1210539,112535.27
FLIGHT_0251,A320,60758,121,38785,39247,458,458,148.99,40.2,44.6,5.39,3.49,-10.83,26,1,0.989,1.9,-657813.63,1008410,22781.17
FLIGHT_0252,B777,153921,580,37082,36699,479,478,123.95,36.03,509.93,8.12,5.31,-19.96,33,0,1.036,0.71,-3071714.01,1223706,172159.29
FLIGHT_0253,B777,146278,349,34654,35150,420,420,90.85,31.69,287.06,7.35,5.07,-12.08,26,1,1.042,0.06,-1766482.4,901004,101873.43
FLIGHT_0254,B737,53147,171,40284,40180,413,412,93.66,39.55,90.32,5.15,3.31,-0.33,31,1,1.058,0.19,-17283.71,1248804,34514.63
FLIGHT_0255,A330,176077,644,30398,30672,476,477,125.6,28.64,588.84,8.75,5.73,11.97,32,1,1.027,2.63,2107156.24,972736,243589.59
FLIGHT_0256,B737,57384,145,40718,40854,440,439,31.11,42.98,59.63,4.74,3.25,28.8,33,0,1.052,1.6,1652394.18,1343694,34500.92
FLIGHT_0257,A320,58964,142,34854,34616,423,423,23.58,33.54,74.87,5.12,3.48,0.09,30,1,0.996,1.78,5387.82,1045620,28382.96
FLIGHT_0258,A330,140537,394,34648,35061,449,449,29.25,37.11,317.81,7.63,5.23,-0.81,34,1,1.011,0.61,-113234.06,1178032,121106.94
FLIGHT_0259,B777,129694,492,36276,36399,409,408,107.06,36.6,420.18,7.09,4.73,28.96,27,0,1.009,0.41,3756530.6,979452,161341.49
FLIGHT_0260,A330,166497,315,32057,31607,450,450,61.97,30.99,251.97,8.25,5.45,17.66,32,1,1.056,2.17,2940142.31,1025824,117590.67
FLIGHT_0261,A320,52532,126,38295,38257,451,452,86.57,39.05,45.41,5.07,3.22,-9.29,31,0,1.005,0.53,-488040.15,1187145,20774.57
FLIGHT_0262,B777,155397,367,33507,33170,457,456,120.38,31.15,306.9,8.0,5.38,15.81,28,1,0.998,1.94,2456115.14,938196,127747.77
FLIGHT_0263,A320,63244,90,37478,37379,417,416,41.23,38.5,9.9,5.34,3.44,-6.45,34,0,1.032,1.05,-408010.5,1274252,16277.2
FLIGHT_0264,A320,54403,171,38121,37840,415,415,147.52,36.28,99.76,4.65,3.11,-5.26,25,1,1.005,1.66,-286141.15,953025,30154.67
FLIGHT_0265,A330,153310,589,35610,35942,453,453,100.32,36.09,520.67,8.35,5.34,-15.72,32,1,1.001,0.04,-2409716.73,1139520,174155.03
FLIGHT_0266,B777,162467,579,34027,34388,471,470,66.98,31.98,512.54,7.92,5.47,21.41,31,0,1.019,2.97,3478351.37,1054837,214622.49
FLIGHT_0267,A330,140632,562,36291,36773,459,460,88.33,35.17,496.09,7.71,4.96,0.64,31,0,1.066,0.47,90190.0,1125021,178673.71
FLIGHT_0268,B777,161141,485,31770,31988,427,428,31.92,29.59,427.72,7.9,5.47,-8.45,23,0,1.055,0.43,-1362346.52,730710,159589.31
FLIGHT_0269,B777,159744,700,37173,37358,418,420,64.26,35.27,628.7,8.13,5.45,-9.86,34,0,1.016,1.95,-1574383.76,1263882,223915.81
FLIGHT_0270,B777,157998,383,35823,35474,458,458,135.92,37.19,305.97,7.85,5.18,-5.17,29,1,1.037,1.09,-817141.87,1038867,119064.41
FLIGHT_0271,A330,123419,689,33802,33856,442,440,116.52,31.31,628.38,6.79,4.73,-6.95,28,0,1.037,0.89,-857804.49,946456,194517.58
FLIGHT_0272,B777,132912,677,37265,37632,442,443,57.41,35.64,606.91,7.38,4.71,-10.51,29,1,0.99,0.61,-1397451.0,1080685,178725.96
FLIGHT_0273,B777,124537,449,40688,40716,434,434,94.9,42.97,364.93,6.91,4.58,8.08,28,0,1.042,0.28,1006242.47,1139264,131625.95
FLIGHT_0274,A320,62284,83,35806,36257,450,452,82.13,32.88,16.09,5.06,3.59,14.05,28,1,1.021,0.37,875220.44,1002568,17555.46
FLIGHT_0275,A320,56683,176,35180,35071,435,434,75.07,32.82,110.94,4.89,3.43,2.07,29,0,1.015,2.93,117183.71,1020220,36423.68
FLIGHT_0276,A320,63638,204,34238,34030,425,424,107.38,32.61,139.64,5.52,3.46,-4.83,27,1,1.067,2.1,-307510.88,924426,43740.9
FLIGHT_0277,A320,53752,226,35353,35097,450,451,32.12,35.06,153.35,4.87,3.3,2.7,25,1,0.984,0.81,145197.49,883825,43207.73
FLIGHT_0278,A330,170136,335,37844,37344,433,433,82.99,40.55,250.71,8.57,5.58,24.63,22,1,1.006,2.23,4190271.86,832568,123987.91
FLIGHT_0279,B737,48985,116,36439,36032,411,411,111.26,36.21,42.16,4.65,3.22,-16.51,26,0,1.046,1.57,-808692.98,947414,18249.4
FLIGHT_0280,B737,57217,95,40860,40890,427,428,46.35,41.73,15.47,4.98,3.33,11.9,22,1,1.069,1.43,680817.61,898920,21269.24
FLIGHT_0281,B737,49839,212,37750,37672,479,478,125.64,37.54,138.25,4.5,3.16,25.72,23,1,1.045,0.09,1281911.32,868250,48981.01
FLIGHT_0282,A320,55921,214,38711,38661,427,429,48.92,40.7,130.38,4.58,3.11,-0.67,31,0,1.017,2.85,-37328.4,1200041,38911.97
FLIGHT_0283,B777,130030,547,34406,34263,438,438,144.59,35.66,476.69,7.04,4.78,3.47,33,0,1.04,1.84,451187.1,1135398,165966.52
FLIGHT_0284,B777,128866,406,37037,37104,453,452,148.31,36.89,331.81,7.16,4.78,4.37,24,1,1.048,1.59,563477.36,888888,124214.31
FLIGHT_0285,A320,62012,125,40767,40412,428,429,61.98,41.77,40.9,5.32,3.46,-10.49,22,1,0.984,0.4,-650346.09,896874,21828.29
FLIGHT_0286,A320,50548,124,35345,35036,440,440,56.7,32.67,60.06,4.84,3.12,-11.44,30,1,1.013,1.95,-578286.17,1060350,21221.78
FLIGHT_0287,A320,55695,228,31396,31106,475,474,25.69,30.33,168.31,5.37,3.45,-14.81,32,1,1.016,2.43,-824761.5,1004672,43260.6
FLIGHT_0288,A330,153973,313,38161,38235,473,474,87.02,37.41,235.14,8.46,5.31,18.18,29,1,1.069,2.54,2798996.15,1106669,116268.44
FLIGHT_0289,B777,169166,381,31569,31957,467,465,138.81,33.61,312.4,8.3,5.59,15.71,24,0,1.061,2.32,2657442.72,757656,144620.78
FLIGHT_0290,A330,153346,475,36948,37210,470,469,102.93,35.8,407.16,7.59,5.18,27.78,32,1,0.984,1.75,4259535.61,1182336,165712.47
FLIGHT_0291,B777,177055,708,33592,33724,462,464,69.7,31.08,644.35,8.32,5.88,9.31,26,1,0.989,2.2,1648865.69,873392,258586.22
FLIGHT_0292,B777,120057,680,33898,33654,419,417,130.65,34.74,609.14,6.59,4.63,18.68,33,0,0.995,0.38,2242455.65,1118634,203897.88
FLIGHT_0293,A320,64244,180,35120,34849,445,444,114.87,34.65,108.02,5.37,3.43,6.52,33,0,1.005,2.12,418931.85,1158960,38174.49
FLIGHT_0294,A320,45100,232,38538,38328,455,456,51.09,38.27,157.91,4.64,2.99,20.56,30,1,1.035,2.73,927305.66,1156140,50989.83
FLIGHT_0295,B737,46606,90,40598,41080,442,440,122.11,39.14,12.48,4.5,3.14,24.55,26,1,1.064,0.34,1144432.24,1055548,19272.24
FLIGHT_0296,B777,140078,557,39290,39169,414,412,70.84,38.52,481.18,7.73,5.0,21.0,32,0,1.003,1.47,2941705.08,1257280,185427.95
FLIGHT_0297,B777,147196,575,36827,37233,441,442,53.77,37.11,502.19,7.26,5.06,-19.82,26,1,1.043,0.98,-2917160.9,957502,162706.67
FLIGHT_0298,A330,132826,334,35000,35046,461,462,142.16,34.85,266.47,7.32,4.85,16.14,28,0,0.983,1.59,2143163.29,980000,103587.6
FLIGHT_0299,B777,136829,615,40335,39951,436,438,111.57,38.82,540.43,7.31,4.88,-12.65,26,0,1.001,2.25,-1730699.79,1048710,170263.24
FLIGHT_0300,B777,174889,681,35832,35471,428,429,124.47,36.16,612.8,8.86,5.74,12.92,22,1,1.009,1.69,2258967.79,788304,252832.5
FLIGHT_0301,A320,58426,74,31682,31509,439,441,96.98,34.2,7.52,4.76,3.37,6.73,29,0,1.024,2.52,393310.98,918778,14735.04
FLIGHT_0302,B737,47835,165,32597,32593,460,458,143.73,35.1,96.06,4.54,2.99,8.81,31,1,1.041,1.09,421405.84,1010507,32591.8
FLIGHT_0303,A320,61869,124,38357,38733,462,461,132.77,37.24,52.83,5.15,3.39,-13.49,23,1,1.03,2.58,-834878.54,882211,23168.49
FLIGHT_0304,B777,156669,372,37540,37670,440,442,47.15,34.86,301.35,7.77,5.3,-5.85,34,0,1.032,0.94,-916873.81,1276360,115970.95
FLIGHT_0305,B737,62818,227,31713,31227,413,411,118.84,33.49,157.78,5.21,3.49,-3.86,23,1,1.013,2.42,-242730.17,729399,45953.6
FLIGHT_0306,B777,149887,527,35053,35510,422,421,22.54,35.67,455.7,8.13,5.15,20.6,24,0,1.068,2.62,3086983.06,841272,194240.47
FLIGHT_0307,A330,178740,328,35484,35337,470,468,138.4,35.34,256.31,8.58,5.95,10.15,28,1,1.06,1.16,1814005.57,993552,127254.39
FLIGHT_0308,B737,63456,222,38428,38309,479,480,69.68,38.04,145.85,4.54,3.24,5.89,27,1,1.022,1.45,373524.42,1037556,44437.48
FLIGHT_0309,A330,138192,309,30982,31257,414,413,73.02,29.21,250.73,8.04,5.1,26.2,27,0,0.989,0.93,3620662.04,836514,104885.31
FLIGHT_0310,A320,59427,85,34412,34244,420,421,32.52,34.66,17.49,5.11,3.46,14.04,23,0,0.995,0.51,834395.33,791476,18056.51
FLIGHT_0311,B737,59027,182,35614,36015,400,398,94.63,38.37,106.46,5.34,3.42,8.23,25,1,1.035,1.95,485577.01,890350,40507.13
FLIGHT_0312,A320,52450,228,37593,37402,477,477,23.59,37.56,153.21,4.7,3.21,3.46,29,1,1.014,2.21,181499.56,1090197,44473.52
FLIGHT_0313,B737,45668,121,31691,31327,410,411,85.72,29.6,63.82,4.42,2.98,29.81,23,1,1.067,2.84,1361436.06,728893,28465.62
FLIGHT_0314,B777,159490,448,30021,29597,400,400,85.27,31.77,386.18,8.28,5.42,12.35,34,1,1.069,1.24,1970352.47,1020714,164680.1
FLIGHT_0315,A330,137620,514,33714,33903,465,467,73.95,33.2,448.77,7.34,4.91,-16.5,34,1,1.013,1.38,-2270572.63,1146276,140672.08
FLIGHT_0316,B737,61641,130,38293,38237,448,448,119.81,37.68,56.16,5.08,3.52,5.92,30,0,1.049,0.3,365092.05,1148790,27476.45
FLIGHT_0317,A330,131024,427,38202,37767,412,410,120.1,38.28,347.1,7.7,4.87,8.15,25,1,1.069,1.5,1067535.48,955050,138593.74
FLIGHT_0318,A330,121795,418,31221,31406,454,452,132.38,29.04,361.59,6.92,4.64,17.78,34,0,0.996,1.34,2165683.51,1061514,127149.15
FLIGHT_0319,A320,59346,81,38298,37854,433,431,136.01,40.52,1.28,5.06,3.36,-6.7,24,1,1.016,1.73,-397357.78,919152,14825.23
FLIGHT_0320,B737,57468,234,33119,32714,428,427,27.27,30.55,170.69,5.09,3.41,4.82,26,1,1.025,1.72,277158.47,861094,49957.69
FLIGHT_0321,A330,150296,314,32227,31879,450,448,138.29,30.53,251.2,7.95,5.21,-14.04,28,1,1.033,1.5,-2110346.35,902356,93910.44
FLIGHT_0322,A320,56920,173,39959,40272,461,460,91.12,38.63,98.18,4.7,3.25,28.85,33,1,1.009,1.56,1641929.14,1318647,40776.52
FLIGHT_0323,B777,142061,428,39605,39260,448,446,32.82,38.11,354.24,6.97,4.95,5.59,22,1,1.042,0.71,794193.69,871310,133258.25
FLIGHT_0324,B737,56118,182,34973,35223,476,478,97.08,37.74,103.62,5.06,3.23,-3.04,24,1,1.032,1.68,-170488.68,839352,34221.86
FLIGHT_0325,B777,176541,702,30055,30121,417,416,125.38,30.93,642.55,8.81,5.76,8.95,22,1,1.053,0.45,1579183.09,661210,264641.08
FLIGHT_0326,A330,120175,310,38604,38166,438,436,84.53,41.41,231.01,7.13,4.66,24.67,24,0,1.033,2.15,2964716.36,926496,101304.66
FLIGHT_0327,B777,178859,422,30865,30366,408,410,95.51,30.11,362.63,8.47,5.76,-7.28,28,0,0.997,2.17,-1302412.46,864220,141286.53
FLIGHT_0328,B777,121021,428,40735,40418,401,400,133.96,40.26,347.12,7.29,4.61,22.0,28,0,1.047,0.98,2662420.06,1140580,137720.12
FLIGHT_0329,A330,139888,646,38611,38176,420,420,32.76,37.83,570.6,7.54,5.0,19.57,34,1,1.059,1.1,2737954.13,1312774,224816.48
FLIGHT_0330,A320,50025,154,32032,32122,415,415,74.86,30.2,95.78,4.96,3.49,4.58,27,1,1.025,0.46,229042.11,864864,32504.64
FLIGHT_0331,A330,139553,354,34615,34321,471,470,127.14,34.48,285.38,7.47,4.83,-4.86,28,1,1.032,1.05,-678924.33,969220,102687.71
FLIGHT_0332,B737,64520,227,33508,33432,420,421,44.51,35.16,156.16,5.09,3.43,24.99,30,1,0.982,0.73,1612107.83,1005240,53121.69
FLIGHT_0333,A330,135875,607,36074,35614,453,454,80.67,34.82,535.14,7.01,4.97,-2.91,23,1,1.027,1.1,-395640.05,829702,181185.69
FLIGHT_0334,A330,121801,601,34828,34548,448,449,87.56,35.93,532.86,6.95,4.82,-15.3,27,0,1.048,1.05,-1863219.45,940356,167411.78
FLIGHT_0335,A320,52966,232,40105,40087,421,421,74.38,38.58,158.44,5.15,3.39,14.93,23,0,1.009,2.06,790639.04,922415,52897.04
FLIGHT_0336,B737,63178,66,39140,39093,445,447,52.33,37.94,0.0,5.13,3.36,3.82,22,1,1.041,2.22,241364.17,861080,15391.56
FLIGHT_0337,A320,50779,123,33810,34141,467,467,138.42,34.5,51.38,4.62,3.02,-2.96,33,0,1.005,2.58,-150481.53,1115730,20899.61
FLIGHT_0338,B737,55218,156,34360,34681,403,401,122.28,33.79,88.44,4.89,3.19,29.73,33,1,1.033,1.71,1641479.63,1133880,37279.37
FLIGHT_0339,B737,53946,184,37486,37295,424,422,30.09,39.49,103.51,4.95,3.34,0.98,26,1,0.993,2.46,53127.08,974636,35826.01
FLIGHT_0340,B737,48066,178,32474,32787,419,418,122.47,34.7,106.07,4.45,3.0,26.07,29,1,0.997,0.82,1252986.15,941746,37346.51
FLIGHT_0341,A320,53236,132,30718,30375,471,470,101.2,28.06,74.16,5.07,3.32,7.69,34,0,1.069,0.28,409389.48,1044412,28573.69
FLIGHT_0342,A320,63731,238,39070,39183,402,401,106.68,37.32,163.92,5.36,3.45,8.19,27,1,1.031,0.84,522188.59,1054890,53402.8
FLIGHT_0343,B777,135993,384,32773,32594,401,399,55.93,35.07,312.07,7.25,4.97,5.22,24,0,0.991,2.66,709855.52,786552,116065.15
FLIGHT_0344,B777,130867,617,32342,32762,432,433,140.62,29.5,556.85,7.79,4.89,-16.78,30,0,0.998,2.87,-2196053.23,970260,168754.9
FLIGHT_0345,B737,62137,155,37776,37726,433,432,76.52,35.36,82.1,5.09,3.4,-10.46,30,0,1.009,2.74,-650151.8,1133280,28138.26
FLIGHT_0346,A320,48518,216,30190,30618,407,406,92.11,30.73,154.62,4.57,3.26,16.57,31,1,1.042,0.04,803979.63,935890,47503.69
FLIGHT_0347,B777,171834,351,31742,31937,412,411,58.65,34.65,279.01,8.09,5.64,-19.65,26,1,1.033,0.7,-3375982.22,825292,108105.55
FLIGHT_0348,B737,45591,214,33596,33330,478,479,115.92,35.15,145.64,4.62,2.98,-19.74,22,0,1.059,0.53,-900109.43,739112,32918.84
FLIGHT_0349,B777,139791,302,39342,39310,441,439,129.67,42.02,215.64,7.18,4.79,11.16,34,1,1.009,0.47,1559517.07,1337628,89249.11
FLIGHT_0350,A330,178468,622,36238,36326,409,410,102.63,34.96,556.03,7.99,5.66,3.52,31,1,1.053,1.82,628775.07,1123378,227440.87
FLIGHT_0351,A320,57680,151,38491,38241,405,406,67.28,38.13,77.67,5.18,3.3,-9.95,22,1,1.059,1.48,-573671.64,846802,28564.75
FLIGHT_0352,B737,56017,203,32669,32286,464,466,116.0,30.44,141.26,5.18,3.37,-3.53,32,1,1.046,2.17,-197610.82,1045408,41840.22
FLIGHT_0353,A320,61818,114,39189,39083,458,458,33.71,38.59,38.5,4.82,3.37,9.94,26,0,0.981,2.97,614332.07,1018914,22566.31
FLIGHT_0354,A320,61002,131,34505,34470,478,477,137.81,36.68,60.22,4.91,3.39,0.04,33,0,1.02,2.1,2533.25,1138665,26083.08
FLIGHT_0355,B737,45058,95,31906,31967,468,469,76.63,29.05,35.71,4.69,3.12,24.13,34,1,1.056,0.85,1087105.55,1084804,21253.69
FLIGHT_0356,B777,121985,483,35225,35487,449,448,87.45,36.55,410.19,7.01,4.52,14.11,34,0,1.001,1.29,1721375.84,1197650,141646.85
FLIGHT_0357,B777,156783,463,38181,38062,400,400,96.19,35.6,394.95,7.88,5.27,14.6,31,1,1.035,2.73,2288796.94,1183611,164303.8
FLIGHT_0358,A320,50821,197,39004,38826,466,467,24.85,39.12,115.96,4.63,3.24,11.58,22,1,1.046,2.66,588634.43,858088,41445.53
FLIGHT_0359,A320,58904,87,38539,38458,418,418,37.46,38.8,9.6,5.29,3.36,19.62,32,1,1.019,1.7,1155636.86,1233248,19278.54
FLIGHT_0360,B737,57341,168,39910,39525,424,425,112.84,41.24,82.91,4.73,3.25,1.83,28,1,0.992,0.12,105146.8,1117480,30725.51
FLIGHT_0361,B737,45788,213,31300,30969,469,467,143.63,31.08,151.86,4.53,3.21,-5.85,26,1,0.982,1.51,-267868.37,813800,37418.63
FLIGHT_0362,A330,158526,577,37675,37705,471,472,112.36,40.3,497.25,8.07,5.48,10.48,32,0,1.02,0.86,1661488.49,1205600,200451.6
FLIGHT_0363,A320,58807,128,32314,32376,456,457,34.01,30.5,65.29,5.31,3.44,-6.5,32,1,1.063,2.53,-382275.88,1034048,25978.2
FLIGHT_0364,A330,140410,616,35474,35891,401,402,81.2,38.25,542.59,7.45,5.14,-17.89,27,0,1.052,0.42,-2512182.6,957798,180920.72
FLIGHT_0365,B777,133843,369,40920,41235,402,400,26.54,37.96,293.34,7.18,4.85,29.92,33,0,0.994,2.6,4005008.07,1350360,122648.11
FLIGHT_0366,B777,142311,463,38451,38653,451,452,64.32,38.78,384.84,7.31,5.08,-1.53,29,0,1.032,0.72,-218198.91,1115079,142003.83
FLIGHT_0367,B737,49270,81,40008,39626,446,446,72.91,40.37,0.37,4.52,3.09,20.24,29,0,1.069,2.17,997169.8,1160232,16351.21
FLIGHT_0368,A320,51750,119,36579,36855,427,428,83.28,36.24,44.19,5.48,3.45,-6.92,23,0,1.039,2.23,-358210.84,841317,23198.19
FLIGHT_0369,A320,45569,207,33498,33045,418,419,117.97,32.6,140.82,4.63,3.24,19.13,33,1,1.063,2.26,871574.89,1105434,47930.15
FLIGHT_0370,B777,164081,573,39834,39346,460,460,99.71,37.94,497.47,8.17,5.34,25.84,29,0,1.011,0.64,4239070.41,1155186,207086.2
FLIGHT_0371,B737,58835,94,37430,37460,474,473,129.1,37.33,22.59,5.84,3.69,-10.72,27,0,1.037,0.17,-630843.72,1010610,19194.38
FLIGHT_0372,A320,58480,173,31583,31608,432,433,37.5,34.2,108.44,4.75,3.32,12.98,33,0,1.0,1.72,759048.25,1042239,36847.51
FLIGHT_0373,B737,45589,128,37726,37235,411,412,91.76,38.49,52.02,4.97,3.17,-19.42,33,1,0.981,2.41,-885562.61,1244958,19546.47
FLIGHT_0374,B737,57178,235,33079,33379,465,463,82.43,33.76,167.03,5.01,3.55,21.95,31,0,0.986,2.64,1255123.54,1025449,55882.29
FLIGHT_0375,A330,157714,390,40257,40358,412,414,41.68,39.49,310.86,8.59,5.44,6.29,32,1,1.02,2.12,991770.42,1288224,134133.21
FLIGHT_0376,B777,176559,419,35031,35148,400,398,32.76,37.57,341.54,8.3,5.84,-10.21,33,1,1.017,2.95,-1802634.73,1156023,141847.68
FLIGHT_0377,B777,140371,538,34322,33933,444,445,135.67,31.88,472.65,7.23,4.98,-9.53,27,0,1.06,0.84,-1338193.47,926694,160573.76
FLIGHT_0378,B777,162038,489,31844,32128,432,432,142.38,34.37,419.56,7.6,5.37,17.13,24,1,1.054,1.44,2775399.69,764256,177565.48
FLIGHT_0379,B777,141479,338,31865,32237,436,437,51.36,32.3,270.89,7.25,4.9,-11.38,25,0,1.026,1.02,-1609887.83,796625,93539.59
FLIGHT_0380,A320,45856,94,33901,33892,421,422,89.68,34.33,28.61,4.34,2.99,25.77,30,0,1.017,1.78,1181503.43,1017030,20024.46
FLIGHT_0381,A330,135898,524,37633,37202,431,431,37.37,35.5,452.11,7.06,5.01,-1.66,33,0,0.998,2.61,-225486.03,1241889,156315.37
FLIGHT_0382,B777,147532,363,38217,38205,451,451,68.53,39.23,285.25,7.64,5.36,27.38,30,0,1.064,0.16,4039961.03,1146510,136618.75
FLIGHT_0383,B777,147975,627,31802,31408,444,445,45.72,31.16,563.64,7.72,5.1,21.65,22,1,1.026,2.48,3203912.17,699644,220296.3
FLIGHT_0384,B737,54102,114,40448,40726,443,443,59.9,38.78,34.25,5.29,3.45,-14.3,25,1,0.992,1.29,-773889.16,1011200,19329.47
FLIGHT_0385,B777,127415,466,40797,41167,418,416,129.31,42.4,381.36,7.26,4.69,-11.34,31,0,1.05,1.8,-1444609.46,1264707,129903.78
FLIGHT_0386,A320,46103,137,34117,34436,425,425,31.9,32.75,71.69,4.68,3.11,8.07,27,0,1.027,0.26,372091.38,921159,26417.21
FLIGHT_0387,B777,171931,468,38687,38981,404,403,25.04,41.03,384.02,8.59,5.65,-4.37,31,1,1.032,2.44,-751552.86,1199297,160447.96
FLIGHT_0388,B777,158850,576,36945,37307,404,402,103.94,34.16,505.34,8.46,5.44,1.71,27,0,1.048,1.2,271886.53,997515,198044.19
FLIGHT_0389,A330,135895,625,39668,39931,449,450,36.54,38.62,550.41,7.84,4.95,24.04,25,0,0.988,1.86,3266938.09,991700,207376.9
FLIGHT_0390,A320,54239,187,36461,36858,403,403,78.93,33.7,122.67,5.27,3.3,19.25,32,0,1.015,0.58,1044198.06,1166752,43118.22
FLIGHT_0391,A320,49564,145,37074,36585,417,416,55.17,37.57,67.33,4.99,3.29,15.54,22,1,1.068,0.37,770345.58,815628,32142.21
FLIGHT_0392,A330,139151,439,37540,37826,403,402,147.37,37.94,361.74,7.54,5.18,-17.04,23,0,1.057,2.31,-2370942.66,863420,130976.58
FLIGHT_0393,B737,58013,186,35895,36335,436,436,87.68,38.77,110.7,4.76,3.3,19.27,22,0,1.021,0.18,1117701.77,789690,40964.51
FLIGHT_0394,B777,131308,302,39162,39378,473,474,22.2,37.74,227.31,7.02,4.84,15.85,34,0,1.027,2.23,2081108.75,1331508,96424.01
FLIGHT_0395,B737,58432,144,38634,38760,440,441,48.64,35.68,75.99,4.84,3.34,-15.94,34,0,1.012,2.95,-931526.55,1313556,24571.52
FLIGHT_0396,B737,64322,121,34414,34435,464,466,32.23,37.4,44.57,4.98,3.53,26.63,30,1,1.064,1.51,1713196.54,1032420,29497.78
FLIGHT_0397,A330,127394,427,33708,33266,468,467,70.11,31.46,364.24,7.2,4.66,29.47,26,1,0.991,0.23,3754522.95,876408,135732.9
FLIGHT_0398,B737,62277,133,40372,40126,471,469,62.88,38.57,55.1,4.94,3.44,17.74,30,0,1.038,2.12,1104809.6,1211160,30059.04
FLIGHT_0399,A330,179930,342,32894,32660,448,447,93.31,33.81,272.26,9.11,5.81,29.57,32,0,1.006,1.21,5320743.47,1052608,134593.53
FLIGHT_0400,A320,64252,90,38393,38042,441,440,138.39,40.42,12.93,5.41,3.48,-6.58,23,0,1.012,0.59,-422903.92,883039,17378.59
FLIGHT_0401,A330,135037,627,37482,37603,401,402,94.81,38.45,549.53,7.81,5.04,11.83,34,0,1.064,1.5,1596897.76,1274388,214138.98
FLIGHT_0402,A330,138709,456,39232,39464,414,414,63.63,41.62,368.88,6.96,4.84,13.51,33,0,1.011,2.48,1873389.56,1294656,141216.43
FLIGHT_0403,A330,176558,437,35296,35433,468,470,126.9,36.17,368.05,8.26,5.78,-4.13,31,1,0.989,0.11,-728752.73,1094176,144602.19
FLIGHT_0404,B777,143448,468,34758,34340,419,420,100.28,34.28,402.23,7.67,5.03,-0.63,25,0,1.023,1.18,-90547.02,868950,144002.11
FLIGHT_0405,A320,62056,77,32620,32506,409,409,130.18,35.27,5.5,5.08,3.41,9.64,24,0,1.056,1.57,597992.19,782880,16187.09
FLIGHT_0406,B777,160122,455,36749,37012,400,401,127.93,34.44,385.27,8.5,5.61,28.99,25,0,1.004,2.59,4642146.55,918725,174964.09
FLIGHT_0407,B737,63584,115,40052,39812,468,467,20.93,40.61,33.52,5.25,3.54,8.62,30,0,1.01,2.78,548072.95,1201560,24218.14
FLIGHT_0408,A330,131755,538,33489,33340,437,436,113.4,36.23,466.72,6.98,4.74,6.88,26,0,1.007,1.53,906597.95,870714,158869.11
FLIGHT_0409,B737,51568,115,35523,35896,404,405,38.88,32.99,49.05,4.75,3.18,-4.65,30,0,0.982,2.28,-239803.69,1065690,19595.99
FLIGHT_0410,A330,131375,414,36943,37319,405,406,30.76,38.57,337.79,6.79,4.74,-11.57,30,1,1.049,1.61,-1519883.85,1108290,114691.53
FLIGHT_0411,B777,129101,461,33434,33207,447,446,117.33,32.89,394.9,6.62,4.67,-0.53,23,0,1.044,2.15,-68149.83,768982,133881.58
FLIGHT_0412,A320,53977,98,33076,32827,400,399,29.71,32.36,33.13,4.77,3.3,19.82,27,1,1.066,2.57,1069781.58,893052,22444.53
FLIGHT_0413,A330,163657,545,34486,34575,461,461,45.13,33.39,481.74,8.49,5.39,-16.77,23,0,1.016,1.41,-2743722.61,793178,166425.83
FLIGHT_0414,A330,122815,694,40294,40419,466,465,126.34,43.15,604.44,6.85,4.58,-9.54,34,1,1.058,2.79,-1171580.64,1369996,192860.04
FLIGHT_0415,B737,45071,117,31207,30950,410,410,61.76,32.3,52.72,4.48,3.13,-19.49,28,1,1.041,1.07,-878633.81,873796,18062.26
FLIGHT_0416,B737,48307,199,32313,32473,406,405,106.13,34.26,127.49,4.96,3.1,-2.19,32,1,1.037,0.01,-105810.01,1034016,36352.58
FLIGHT_0417,A320,50820,100,31236,31678,450,451,83.44,30.1,38.3,4.67,3.31,11.15,24,1,0.995,1.36,566893.18,749664,19734.8
FLIGHT_0418,A330,152472,370,34578,34452,408,407,136.69,35.7,297.32,7.55,5.25,7.33,27,0,1.004,0.99,1117097.0,933606,118865.45
FLIGHT_0419,B737,46912,163,32589,32642,453,455,137.35,31.92,98.98,5.08,3.33,27.18,25,1,1.003,1.63,1275240.02,814725,38424.61
FLIGHT_0420,A330,147027,476,34196,34627,475,475,90.45,34.4,410.22,7.94,5.07,-19.83,22,1,1.011,0.02,-2915766.7,752312,131542.04
FLIGHT_0421,A320,58074,159,30302,30098,404,406,142.4,31.84,97.3,4.82,3.24,-13.26,26,1,1.006,2.2,-769786.93,787852,27873.43
FLIGHT_0422,B737,51291,63,36646,36596,423,422,125.81,38.91,0.0,4.85,3.33,13.8,28,1,0.998,2.7,707841.14,1026088,14741.12
FLIGHT_0423,A330,123298,455,32939,32531,441,441,87.07,30.52,394.4,7.0,4.76,24.09,32,1,1.013,2.65,2969884.56,1054048,150116.77
FLIGHT_0424,A320,53913,185,31915,31735,440,438,39.09,29.24,125.79,4.8,3.31,5.42,34,1,1.006,1.71,292022.27,1085110,37704.31
FLIGHT_0425,B777,162980,674,31713,31383,408,407,130.2,32.72,606.04,8.1,5.45,-8.4,28,0,1.029,1.7,-1369450.34,887964,218811.67
FLIGHT_0426,B777,140441,484,30225,29745,450,449,69.14,30.67,422.96,7.57,4.94,-7.62,24,1,0.986,2.42,-1070506.21,725400,137667.87
FLIGHT_0427,A320,45997,194,38006,38426,413,413,70.0,39.6,114.99,4.58,3.2,-19.4,33,1,1.064,1.74,-892254.27,1254198,31783.45
FLIGHT_0428,B737,59198,202,40114,40395,434,433,100.1,40.49,122.82,4.66,3.25,6.01,27,1,1.024,0.11,356061.45,1083078,40506.53
FLIGHT_0429,B777,134488,514,39025,39028,470,469,85.08,39.39,436.96,7.58,4.83,-11.07,25,1,1.045,0.06,-1488729.56,975625,145629.3
FLIGHT_0430,A330,141756,660,40816,40824,420,421,114.14,41.64,574.09,7.17,4.92,29.43,31,0,1.069,2.42,4171783.15,1265296,239566.75
FLIGHT_0431,A330,131782,557,34508,34533,444,444,25.21,31.6,491.88,7.0,4.81,5.41,31,0,0.992,0.33,712837.12,1069748,161653.08
FLIGHT_0432,B777,125491,679,33936,34057,476,478,66.99,31.18,615.99,7.21,4.81,7.32,26,1,1.029,1.1,918717.78,882336,209253.0
FLIGHT_0433,A330,121784,715,35905,36284,470,472,37.49,38.02,637.35,7.14,4.57,5.32,29,1,1.013,2.77,647456.12,1041245,208168.3
FLIGHT_0434,B777,158120,323,39663,39646,467,467,125.97,40.21,239.47,8.27,5.39,-11.83,26,1,0.985,0.7,-1871042.33,1031238,93989.34
FLIGHT_0435,A330,168666,540,33966,34350,470,468,101.78,34.98,468.39,7.99,5.33,5.04,25,1,1.057,1.1,850516.13,849150,185751.2
FLIGHT_0436,A320,52360,119,37543,37423,410,410,93.4,38.49,41.1,5.04,3.36,28.27,29,1,1.058,2.22,1480025.55,1088747,29141.84
FLIGHT_0437,A320,64897,155,31493,31482,475,473,130.76,32.82,87.11,5.3,3.41,-19.65,29,1,1.002,0.43,-1275473.15,913297,26043.86
FLIGHT_0438,A320,48382,129,38428,37995,414,414,75.74,39.76,51.54,4.58,3.13,-0.08,31,1,1.049,0.34,-3793.5,1191268,24129.26
FLIGHT_0439,A320,58226,161,40095,40372,426,426,37.69,41.88,74.26,5.29,3.46,25.26,24,1,1.025,2.83,1470941.16,962280,39595.01
FLIGHT_0440,A330,151607,565,32964,32725,417,419,133.15,30.0,505.72,8.49,5.32,1.33,27,1,1.012,0.44,201068.91,890028,183590.7
FLIGHT_0441,B777,161876,681,32853,32821,422,423,128.25,34.8,612.7,7.66,5.34,-13.15,22,1,1.056,2.24,-2129004.99,722766,218380.88
FLIGHT_0442,A330,152240,607,38010,37880,425,423,82.26,38.0,531.98,7.25,5.17,22.58,32,0,0.99,0.37,3438184.94,1216320,204184.86
FLIGHT_0443,B737,60154,133,37048,37113,409,410,56.57,35.71,58.31,5.03,3.42,1.5,22,0,1.004,1.84,90441.57,815056,25407.56
FLIGHT_0444,A320,53780,191,31412,31173,414,416,70.48,33.99,126.5,4.66,3.26,13.08,30,0,0.984,0.55,703204.71,942360,39023.2
FLIGHT_0445,B737,61285,172,36213,36617,420,419,84.94,34.8,104.03,4.99,3.53,12.11,25,0,1.069,1.47,742241.61,905325,40130.48
FLIGHT_0446,A320,61405,75,39861,39436,463,461,149.21,39.46,0.0,5.54,3.5,0.41,31,1,0.992,0.55,25117.38,1235691,15825.86
FLIGHT_0447,A320,51754,225,32083,32574,417,416,28.82,33.49,156.66,5.23,3.3,9.11,25,1,1.044,2.74,471330.0,802075,49991.08
FLIGHT_0448,B777,173942,322,34559,34511,470,471,147.5,33.61,254.32,9.04,5.71,4.43,27,1,0.993,2.6,770540.02,933093,113337.09
FLIGHT_0449,A320,62693,88,38333,38214,474,475,94.03,39.84,11.17,5.41,3.45,6.05,29,0,1.045,1.17,379351.43,1111657,19256.58
FLIGHT_0450,A320,48096,63,33890,33550,461,460,87.76,34.36,0.0,4.67,3.18,-12.76,26,0,1.01,1.3,-613550.25,881140,10039.81
FLIGHT_0451,A330,124496,552,39075,38623,430,429,108.95,38.52,474.01,7.06,4.78,15.08,33,1,1.052,1.69,1877619.2,1289475,179039.83
FLIGHT_0452,B737,57949,182,37886,38182,449,449,126.93,37.77,103.9,5.09,3.4,8.76,31,1,0.998,1.4,507719.26,1174466,38086.13
FLIGHT_0453,B737,63942,237,37732,38074,458,457,100.35,35.62,169.17,5.8,3.66,13.98,34,1,1.069,2.75,893917.27,1282888,61693.63
FLIGHT_0454,B737,62184,212,39521,39944,461,463,141.28,39.03,131.83,5.21,3.45,10.98,34,1,0.997,0.42,682682.08,1343714,45449.69
FLIGHT_0455,B737,54443,225,30596,30143,443,444,117.66,30.36,165.75,5.29,3.33,26.41,23,1,1.003,0.45,1437806.08,703708,53617.96
FLIGHT_0456,A320,55333,227,38672,38241,472,471,21.2,36.02,153.42,4.68,3.27,-0.59,23,1,1.004,1.16,-32818.23,889456,42368.9
FLIGHT_0457,B777,168425,378,30131,29924,425,426,145.78,27.8,323.0,8.0,5.53,8.38,30,0,0.998,1.34,1411326.3,903930,128959.95
FLIGHT_0458,B777,152365,556,39363,39037,421,421,143.07,41.34,472.02,7.68,4.96,-10.64,26,0,1.051,1.01,-1620695.88,1023438,164097.57
FLIGHT_0459,B777,149474,714,33005,32710,411,411,108.72,34.86,642.7,7.91,5.18,-3.44,34,0,1.058,1.09,-514485.09,1122170,231082.85
FLIGHT_0460,B777,169979,468,37432,37305,426,427,137.66,36.17,397.73,8.63,5.47,11.89,22,1,1.01,0.76,2021660.65,823504,164102.13
FLIGHT_0461,B737,55943,179,36295,36656,470,470,121.99,34.1,109.3,5.07,3.28,-14.76,27,1,1.02,2.39,-825954.56,979965,31660.23
FLIGHT_0462,B777,149447,704,34793,34428,425,425,29.51,37.73,631.02,7.49,5.07,6.34,24,1,1.016,1.9,947595.52,835032,226366.06
FLIGHT_0463,A320,58759,165,31859,31441,467,469,131.16,30.92,104.18,5.06,3.49,-5.18,34,1,1.043,0.02,-304230.34,1083206,32936.99
FLIGHT_0464,B777,157157,611,32187,31962,401,403,30.31,33.76,541.35,8.38,5.32,-6.58,27,0,1.063,0.6,-1034223.61,869049,199694.1
FLIGHT_0465,A320,48974,84,37402,37082,411,410,48.6,38.12,7.73,5.16,3.25,-7.05,23,0,1.027,1.34,-345370.1,860246,15069.28
FLIGHT_0466,B777,173725,621,36442,36225,420,419,28.93,38.43,545.88,9.08,5.68,-14.72,32,0,1.007,2.45,-2557072.97,1166144,203329.1
FLIGHT_0467,B777,141072,300,35632,35512,418,418,34.83,36.39,225.52,7.09,4.98,18.37,32,0,0.983,0.59,2590826.51,1140224,92322.65
FLIGHT_0468,A320,49089,95,31294,31275,460,459,62.75,32.77,29.15,4.38,3.09,28.11,32,1,1.07,0.23,1379982.99,1001408,21320.85
FLIGHT_0469,A320,51222,198,39111,39151,467,469,79.31,37.08,126.62,5.18,3.33,5.85,27,1,1.012,2.17,299802.35,1055997,41615.37
FLIGHT_0470,A320,51150,216,39744,39693,402,401,120.74,38.56,139.04,4.47,3.13,-1.36,26,1,0.991,0.74,-69521.0,1033344,38088.17
FLIGHT_0471,B737,46750,86,37546,37703,420,421,95.76,36.77,14.38,4.54,3.11,-7.87,25,0,0.989,1.22,-368135.91,938650,13306.94
FLIGHT_0472,B777,161621,537,34645,34694,453,455,86.66,33.48,468.73,7.84,5.5,-7.99,28,1,1.001,0.61,-1291147.3,970060,168305.36
FLIGHT_0473,B777,172049,455,31284,31739,433,434,128.77,33.45,390.59,8.88,5.65,4.05,32,1,1.053,0.09,697440.02,1001088,164905.0
FLIGHT_0474,B777,130190,459,31810,31319,416,417,105.62,29.14,402.84,6.64,4.66,4.59,24,1,1.035,2.39,597664.55,763440,137373.71
FLIGHT_0475,B737,51221,179,33651,33946,423,425,21.33,34.2,112.07,4.86,3.16,-13.05,24,1,1.035,0.62,-668542.7,807624,30563.33
FLIGHT_0476,A330,156753,424,30456,30885,466,467,97.64,30.42,360.68,8.3,5.41,-18.47,29,1,0.994,2.08,-2894637.19,883224,125412.97
FLIGHT_0477,B737,48429,90,35513,35354,440,441,48.36,32.88,23.59,4.78,3.32,8.51,25,0,1.017,1.04,412190.74,887825,17376.56
FLIGHT_0478,A330,167434,633,37124,37207,479,481,127.41,35.41,563.9,8.7,5.51,20.9,29,1,1.016,1.71,3499222.81,1076596,234770.09
FLIGHT_0479,B777,151808,580,34196,34548,436,438,108.29,33.09,515.77,7.8,5.2,-7.67,22,0,0.983,1.2,-1164799.21,752312,171238.75
FLIGHT_0480,B777,120528,694,35400,35247,404,405,113.91,38.4,620.26,6.98,4.5,5.58,34,1,0.999,1.16,672661.7,1203600,193720.68
FLIGHT_0481,A330,172379,684,35211,35700,426,427,107.36,34.1,619.26,8.49,5.69,18.8,33,0,1.015,1.49,3240705.85,1161963,257960.53
FLIGHT_0482,B737,56147,192,38273,38399,455,455,88.69,39.4,116.23,5.03,3.24,-5.56,22,0,0.995,2.6,-311929.14,842006,35108.97
FLIGHT_0483,B777,150080,426,37231,37722,417,416,130.06,37.74,348.07,7.53,5.11,22.56,24,0,1.018,1.68,3386561.76,893544,146177.5
FLIGHT_0484,A330,176422,323,37502,37304,457,457,102.5,39.41,247.09,8.2,5.82,12.82,29,0,1.021,0.12,2262613.69,1087558,118207.42
FLIGHT_0485,B777,160081,529,36666,37057,440,438,108.54,38.2,452.15,8.13,5.29,-17.92,23,1,1.026,0.22,-2868101.33,843318,155561.11
FLIGHT_0486,A330,163984,708,31591,32084,412,413,75.87,31.5,645.36,8.67,5.61,2.86,29,0,1.034,1.83,468456.71,916139,252427.43
FLIGHT_0487,A320,58847,117,35873,35464,475,474,40.35,33.1,51.74,4.7,3.33,11.67,34,0,1.005,1.21,686631.33,1219682,24025.93
FLIGHT_0488,B737,56808,198,40688,40587,417,416,137.8,38.46,123.88,5.18,3.42,6.67,22,1,1.065,0.3,379000.45,895136,44236.8
FLIGHT_0489,B737,61383,206,32240,31789,456,457,112.07,31.52,145.57,5.58,3.57,-3.55,24,1,1.013,2.68,-217906.44,773760,44239.24
FLIGHT_0490,A330,174458,608,34925,35207,432,432,99.7,33.69,538.92,8.72,5.74,-6.75,32,1,1.047,2.38,-1178088.67,1117600,215471.3
FLIGHT_0491,A320,56984,134,38976,39093,421,420,50.51,36.59,64.26,4.92,3.22,0.09,23,1,1.046,1.82,5290.89,896448,26510.66
FLIGHT_0492,B777,133695,583,40154,39884,405,407,93.07,40.43,502.21,7.72,4.83,1.1,28,1,1.01,0.62,147506.82,1124312,171081.01
FLIGHT_0493,A330,149420,593,30365,30131,459,459,50.25,32.83,529.99,7.59,5.22,16.82,23,1,1.011,2.7,2512675.89,698395,205406.44
FLIGHT_0494,A330,140293,524,32762,32831,448,448,98.93,33.23,455.27,7.53,4.86,14.37,32,0,1.011,2.01,2015901.53,1048384,167005.91
FLIGHT_0495,B777,144867,512,37054,37434,404,404,61.82,38.55,434.1,7.85,5.06,-19.5,27,0,1.035,1.08,-2824403.89,1000458,144846.67
FLIGHT_0496,A330,175818,405,30028,30058,434,433,142.09,30.72,345.84,9.16,5.77,1.28,29,0,1.023,0.75,224599.39,870812,143659.67
FLIGHT_0497,A320,62654,70,34844,34821,446,448,117.61,34.47,0.0,4.91,3.37,-8.13,34,0,1.021,1.11,-509231.34,1184696,11853.07
FLIGHT_0498,B777,173792,530,33183,32810,449,448,20.88,30.22,468.73,9.05,5.71,10.31,24,0,0.981,1.66,1791740.89,796392,187182.2
FLIGHT_0499,B777,123546,628,30059,29562,422,423,58.25,31.96,564.45,7.41,4.89,-10.72,29,1,1.049,2.14,-1324803.65,871711,185223.26
FLIGHT_0500,B737,50286,120,40928,41382,418,417,66.11,42.53,31.26,4.81,3.41,16.02,25,1,1.026,2.15,805417.17,1023200,25101.64
FLIGHT_0501,A320,61461,164,34059,33609,469,470,126.75,33.38,98.98,4.97,3.33,-4.86,23,0,0.995,1.55,-299001.03,783357,30528.2
FLIGHT_0502,A330,139600,675,34159,34501,450,452,118.12,36.87,598.85,7.56,5.03,-19.0,25,1,1.067,2.02,-2651866.9,853975,197577.82
FLIGHT_0503,B737,48393,224,39489,39611,440,442,95.76,37.19,151.54,4.66,2.99,26.74,31,1,1.058,0.14,1293983.05,1224159,51440.69
FLIGHT_0504,A330,174094,352,40549,41041,430,430,132.56,37.74,279.17,8.54,5.61,-0.35,33,0,1.028,0.06,-61034.93,1338117,119887.06
FLIGHT_0505,A330,131792,343,35677,35485,465,464,35.01,35.39,274.1,6.86,4.64,3.07,33,0,1.049,0.65,404972.35,1177341,100333.89
FLIGHT_0506,B777,178612,375,37178,37086,407,406,42.89,39.52,296.69,8.75,5.78,28.43,29,0,1.051,0.22,5077899.45,1078162,151126.97
FLIGHT_0507,B737,58418,232,31014,30607,472,471,122.39,30.69,173.49,4.77,3.33,4.12,22,1,1.05,0.29,240851.26,682308,48774.08
FLIGHT_0508,B777,158488,447,39074,39548,402,404,50.4,41.76,363.89,7.55,5.3,9.98,28,1,1.005,2.4,1581805.77,1094072,148799.95
FLIGHT_0509,B737,56030,141,39629,39575,450,452,140.76,37.23,68.74,4.82,3.39,15.06,32,0,1.02,2.31,843981.4,1268128,30830.64
FLIGHT_0510,B777,169352,637,34621,35105,473,473,131.01,32.95,573.38,8.46,5.5,-2.92,26,1,1.031,1.59,-495254.22,900146,215754.74
FLIGHT_0511,A320,63734,127,36261,36517,439,438,57.91,34.6,58.83,5.4,3.4,-3.69,29,0,1.057,1.2,-235043.9,1051569,25829.56
FLIGHT_0512,A330,151605,487,33659,34055,448,447,30.38,31.38,424.5,7.99,5.3,-6.34,34,1,1.016,1.47,-961301.6,1144406,152466.75
FLIGHT_0513,B737,52170,165,31359,31226,402,404,68.77,29.27,108.95,5.18,3.31,-5.85,26,1,1.039,0.48,-305144.59,815334,32317.15
FLIGHT_0514,B777,154680,697,39666,39369,451,452,87.94,42.11,610.75,7.8,5.13,18.1,29,1,1.027,1.0,2799091.13,1150314,237954.5
FLIGHT_0515,B777,172694,631,34192,33857,435,433,43.68,32.19,564.99,8.77,5.62,-17.18,24,1,1.017,1.99,-2966701.06,820608,202172.54
FLIGHT_0516,A330,141017,510,35614,36062,453,454,52.25,35.07,442.7,7.5,5.01,9.05,25,0,1.057,1.54,1275932.17,890350,169434.22
FLIGHT_0517,B777,148757,587,36742,36943,414,414,144.86,39.65,508.08,7.48,5.09,8.35,27,1,1.032,2.2,1242115.03,992034,193422.13
FLIGHT_0518,B737,50234,67,34420,34277,413,412,91.28,35.37,0.0,4.89,3.25,13.97,23,0,1.054,2.13,701754.43,791660,14693.03
FLIGHT_0519,A320,59776,210,40161,40267,431,433,28.16,39.67,134.6,5.19,3.33,22.1,23,0,1.027,1.75,1321000.67,923703,50284.59
FLIGHT_0520,B777,178945,404,37690,38163,453,452,32.6,39.29,327.8,8.91,5.6,-13.96,26,0,0.985,1.64,-2498496.85,979940,125881.09
FLIGHT_0521,B777,136431,429,37551,37567,454,455,114.7,37.94,354.31,6.81,4.73,3.72,27,1,1.04,2.97,507564.34,1013877,129488.17
FLIGHT_0522,B777,136402,326,32291,31823,479,478,31.87,30.39,265.89,7.63,4.97,15.52,24,0,0.994,1.43,2116313.85,774984,104163.71
FLIGHT_0523,B737,53717,220,30985,31426,459,457,127.76,28.65,162.56,5.15,3.5,-15.54,29,1,1.024,0.47,-834995.29,898565,40633.84
FLIGHT_0524,A320,50832,217,40506,40614,452,451,35.08,38.11,139.85,5.19,3.34,-2.46,28,0,0.985,0.81,-125179.38,1134168,40851.1
FLIGHT_0525,B777,135119,701,30899,30928,456,456,136.82,33.02,636.99,7.35,5.1,10.38,26,1,1.058,0.54,1402225.53,803374,236872.39
FLIGHT_0526,B777,165486,520,30050,29655,434,436,75.05,31.78,457.06,8.77,5.5,-14.64,34,1,1.019,1.09,-2422484.67,1021700,163537.73
FLIGHT_0527,A330,163777,518,40887,41348,475,474,125.27,42.07,438.41,8.07,5.46,7.25,33,0,1.018,2.85,1187817.35,1349271,180996.82
FLIGHT_0528,A330,158809,677,30762,30414,446,445,38.29,29.0,616.52,8.45,5.29,28.37,34,0,0.982,1.07,4505729.14,1045908,240039.99
FLIGHT_0529,B737,57435,164,40397,40186,445,446,22.76,41.31,79.3,5.08,3.4,-1.32,30,0,1.039,1.1,-75576.16,1211910,32338.13
FLIGHT_0530,A320,58726,196,36011,36171,471,472,92.37,33.44,126.39,5.37,3.37,-1.45,22,0,1.055,1.74,-84873.68,792242,40603.23
FLIGHT_0531,B777,134523,463,37989,37728,431,430,118.97,38.07,389.43,6.74,4.79,-19.49,24,0,0.981,2.69,-2622449.1,911736,117094.21
FLIGHT_0532,A320,46685,142,38929,39134,436,438,38.93,39.86,62.83,4.61,3.12,-12.39,30,1,1.004,0.46,-578231.49,1167870,22547.62
FLIGHT_0533,B737,45647,182,34379,34649,422,421,124.98,32.81,120.21,4.92,3.11,-5.47,26,1,1.005,0.5,-249677.03,893854,32430.98
FLIGHT_0534,B777,136529,584,36563,36070,413,414,76.24,36.33,510.9,7.47,4.86,-3.11,34,0,1.0,0.59,-424580.28,1243142,166493.48
FLIGHT_0535,B737,52885,101,36501,36773,420,421,88.25,38.86,25.47,5.2,3.36,-18.51,27,1,1.043,0.65,-978872.21,985527,17747.45
FLIGHT_0536,B777,174997,319,30691,30478,404,403,25.01,30.24,257.01,8.94,5.68,23.99,24,0,0.989,1.23,4198343.43,736584,118661.45
FLIGHT_0537,B737,58400,73,33849,33826,434,435,43.62,36.49,1.02,5.19,3.43,15.07,27,0,1.067,1.94,880187.31,913923,16570.99
FLIGHT_0538,A320,63370,66,35922,35489,448,448,53.45,38.69,0.0,5.44,3.47,-5.16,23,1,0.98,1.27,-327193.15,826206,14323.33
FLIGHT_0539,A330,168566,683,33721,34009,453,453,52.09,32.08,619.94,7.93,5.46,-11.93,26,0,1.003,2.85,-2010596.53,876746,215807.77
FLIGHT_0540,B777,173524,434,32962,33316,459,460,44.84,32.67,371.53,8.01,5.7,-9.55,34,0,1.048,0.28,-1657544.29,1120708,146253.9
FLIGHT_0541,A320,54593,116,37579,37229,404,403,97.11,38.83,39.86,4.85,3.27,26.71,22,0,1.007,2.72,1458216.3,826738,26638.73
FLIGHT_0542,A320,58793,106,40396,40120,432,433,90.55,41.24,26.6,5.81,3.64,26.66,31,0,1.034,2.2,1567145.72,1252276,28063.36
FLIGHT_0543,A320,46034,196,34086,34345,423,421,141.89,36.82,119.69,4.39,3.05,-4.43,24,1,0.988,0.67,-203847.47,818064,32659.38
FLIGHT_0544,A320,63554,110,33532,33741,453,451,33.08,35.35,35.88,5.29,3.51,-10.71,29,1,0.997,0.74,-680668.14,972428,19217.63
FLIGHT_0545,B777,152056,362,39538,39931,445,444,55.98,40.01,284.14,7.67,5.29,21.22,32,0,0.981,0.35,3225940.7,1265216,120657.72
FLIGHT_0546,A330,154178,559,34628,34313,469,470,107.57,33.6,494.21,8.2,5.43,-7.38,23,0,0.996,1.63,-1137290.35,796444,176341.47
FLIGHT_0547,B737,64354,62,30666,30925,422,420,84.75,29.66,1.45,5.2,3.49,20.1,26,0,0.991,1.7,1293745.07,797316,13056.48
FLIGHT_0548,B777,126347,634,35164,35659,472,474,68.28,35.0,561.76,7.55,4.76,19.57,31,1,1.041,2.72,2472148.36,1090084,211105.9
FLIGHT_0549,A330,174147,643,38384,38436,453,454,23.08,35.49,570.72,8.39,5.65,24.41,24,1,1.04,2.99,4251702.75,921216,254113.66
FLIGHT_0550,B777,172053,558,39614,39962,473,472,53.51,39.67,477.66,8.62,5.61,2.36,34,0,1.062,0.27,406190.28,1346876,199008.42
FLIGHT_0551,B777,136545,631,35621,35680,425,424,108.69,37.83,554.84,7.68,4.86,8.95,24,1,1.044,1.3,1221981.75,854904,201328.59
FLIGHT_0552,B777,153176,331,40048,39560,407,405,55.45,38.65,256.38,7.73,5.24,-5.38,29,0,0.996,0.01,-824304.4,1161392,98588.23
FLIGHT_0553,A330,132502,616,36368,36326,473,474,37.78,37.43,542.28,6.9,4.9,-2.26,25,1,1.01,1.59,-298996.56,909200,180353.36
FLIGHT_0554,A320,62926,124,35660,35578,425,425,112.53,37.24,52.28,5.15,3.29,10.76,33,1,1.012,0.3,677225.79,1176780,25913.1
FLIGHT_0555,B737,56615,117,31858,32242,432,432,28.08,34.42,51.46,4.69,3.31,-3.01,34,0,1.069,0.52,-170247.33,1083172,22185.69
FLIGHT_0556,A330,146713,533,37427,36983,436,434,134.65,38.89,454.46,7.73,5.21,1.82,24,0,1.066,1.7,267562.31,898248,178806.15
FLIGHT_0557,A320,47196,75,30414,30904,466,465,117.85,32.32,13.31,4.37,3.07,23.89,30,0,1.003,0.87,1127364.02,912420,15119.17
FLIGHT_0558,B777,169095,395,37095,37513,439,437,78.52,37.98,322.39,8.34,5.6,-12.83,25,1,1.047,0.79,-2169579.9,927375,129534.81
FLIGHT_0559,A330,145901,341,30624,30405,462,462,34.81,28.02,287.77,8.5,5.36,-8.55,34,1,1.049,0.42,-1247157.57,1041216,110409.56
FLIGHT_0560,B777,152514,624,34629,34160,434,434,24.42,37.6,551.9,8.11,5.32,8.26,25,0,1.012,1.43,1259940.53,865725,210200.82
FLIGHT_0561,A330,168015,614,36035,36446,471,472,108.87,33.1,546.18,8.54,5.48,3.02,32,1,1.015,1.69,506831.61,1153120,208343.26
FLIGHT_0562,B777,156721,719,32471,32611,411,410,101.66,32.97,657.05,8.24,5.2,7.19,32,1,1.064,2.9,1127089.71,1039072,253507.1
FLIGHT_0563,B737,60574,131,38411,38760,406,405,26.91,35.5,60.61,5.09,3.41,15.59,22,0,1.003,1.51,944332.73,845042,28920.81
FLIGHT_0564,B777,129758,520,34056,33829,418,419,141.65,36.69,449.84,7.46,4.85,26.52,26,1,1.018,0.36,3441371.82,885456,174395.51
FLIGHT_0565,B737,60373,102,36130,36042,424,423,22.15,33.35,34.4,5.21,3.34,9.94,34,0,0.986,1.91,599855.77,1228420,20792.57
FLIGHT_0566,A330,162086,590,35376,35816,445,446,91.77,33.55,522.02,8.06,5.51,2.03,25,1,1.036,2.42,328339.45,884400,205667.75
FLIGHT_0567,A330,177481,694,34002,34279,442,443,22.27,31.92,628.98,8.72,5.66,16.52,26,0,0.996,1.66,2931586.43,884052,252858.8
FLIGHT_0568,A320,59782,215,34817,34922,405,405,25.79,32.23,151.75,5.09,3.39,14.12,23,0,0.981,0.18,843996.72,800791,45825.9
FLIGHT_0569,B737,49483,195,31276,31104,478,479,117.94,28.65,136.98,4.71,3.14,-0.61,24,0,1.039,0.72,-29964.36,750624,36993.19
FLIGHT_0570,A320,48856,128,37041,36723,455,456,97.61,39.29,45.99,4.78,3.09,24.65,34,0,1.001,2.77,1204268.74,1259394,27479.03
FLIGHT_0571,A320,59451,233,35855,35658,419,420,139.08,37.17,155.61,4.87,3.28,-10.54,33,0,1.069,0.9,-626731.09,1183215,42774.87
FLIGHT_0572,B737,59370,156,40082,40033,430,430,131.26,39.73,80.49,4.97,3.39,-7.0,27,1,1.048,2.28,-415442.42,1082214,30829.49
FLIGHT_0573,A330,140320,528,36465,36818,412,413,114.4,39.01,447.05,7.8,4.96,18.8,29,0,0.993,2.0,2637493.84,1057485,171525.61
FLIGHT_0574,A320,52077,127,39840,39722,460,461,139.56,39.1,48.28,4.76,3.12,27.8,33,0,0.985,2.13,1447746.13,1314720,27598.13
FLIGHT_0575,A320,56671,148,37105,36872,472,472,127.26,37.17,75.17,5.16,3.24,4.72,24,0,1.023,0.37,267249.72,890520,29478.2
FLIGHT_0576,A330,145516,654,32445,32508,452,453,64.05,30.87,595.63,7.48,5.22,12.98,28,1,1.043,0.75,1888929.09,908460,226508.45
FLIGHT_0577,A320,45176,138,34026,33882,407,407,55.56,32.65,70.01,4.47,3.17,20.64,23,1,1.017,2.27,932593.76,782598,29387.61
FLIGHT_0578,B737,62172,142,30856,30782,476,477,139.3,31.83,80.4,5.44,3.55,12.65,27,1,1.031,0.39,786231.77,833112,33104.53
FLIGHT_0579,A320,54385,125,35164,35013,404,405,86.56,35.7,52.28,4.89,3.42,8.15,25,1,1.023,0.35,443364.65,879100,25779.54
FLIGHT_0580,A320,62629,130,39928,40076,403,402,130.27,39.79,49.98,4.76,3.21,3.65,31,1,1.055,0.5,228635.38,1237768,25057.91
FLIGHT_0581,B777,125320,369,38063,37960,410,411,125.22,39.19,294.23,6.83,4.64,25.06,31,0,0.998,2.49,3140723.51,1179953,116988.88
FLIGHT_0582,A320,47795,125,32626,32993,419,420,118.4,34.7,58.66,4.5,3.15,-15.09,28,0,1.056,2.6,-721089.19,913528,20722.72
FLIGHT_0583,B777,148733,326,37631,38130,437,438,115.67,38.55,250.79,7.8,5.19,-19.29,26,1,0.984,1.86,-2869054.57,978406,89969.32
FLIGHT_0584,A320,60858,145,30074,30065,411,413,92.92,30.39,87.39,5.39,3.41,-13.1,23,1,1.009,2.39,-797474.92,691702,27144.01
FLIGHT_0585,A320,55079,115,34998,35387,403,403,104.23,34.71,47.02,4.6,3.21,15.01,26,0,1.005,0.91,826990.2,909948,22983.7
FLIGHT_0586,A320,46582,87,31754,31583,444,443,75.07,32.32,22.66,4.64,3.05,14.52,22,0,0.982,2.46,676261.65,698588,16488.6
FLIGHT_0587,B777,145577,320,31522,31261,464,463,102.4,29.78,259.72,8.28,5.2,13.57,24,0,1.052,0.53,1974770.67,756528,110848.21
FLIGHT_0588,A320,55915,184,32687,32705,433,433,85.38,32.59,121.31,4.72,3.23,-18.72,34,1,0.993,2.53,-1046888.17,1111358,29813.43
FLIGHT_0589,B777,168889,541,40727,40341,437,436,91.0,41.6,461.8,8.68,5.53,-18.5,32,1,1.005,1.17,-3124030.02,1303264,165382.11
FLIGHT_0590,A320,55047,102,33370,33675,465,465,110.54,32.59,39.8,4.8,3.33,20.22,33,0,1.012,1.72,1112843.52,1101210,22700.38
FLIGHT_0591,B737,62944,223,38648,38492,444,446,82.7,40.01,143.92,4.89,3.45,-14.45,29,0,1.03,0.49,-909535.23,1120792,39850.8
FLIGHT_0592,A330,177462,660,40375,39970,443,441,96.8,42.4,576.8,8.96,5.65,-8.11,31,0,1.007,2.7,-1438575.39,1251625,221493.78
FLIGHT_0593,A320,60147,176,35301,35597,458,459,54.17,36.72,101.82,5.15,3.3,-8.39,31,0,1.039,0.37,-504541.06,1094331,32576.08
FLIGHT_0594,B777,144059,472,38630,38632,412,412,135.11,41.34,387.2,7.73,5.03,17.96,25,0,1.019,0.82,2587316.83,965750,156274.58
FLIGHT_0595,B737,50445,67,37677,37396,464,462,105.23,39.85,0.0,5.04,3.17,-8.59,26,0,1.063,0.15,-433496.3,979602,14121.71
FLIGHT_0596,A320,52141,199,40247,40371,404,402,27.94,38.6,122.97,4.7,3.15,14.62,30,1,1.018,2.81,762258.81,1207410,41994.9
FLIGHT_0597,A330,144272,495,38752,38335,444,445,118.11,41.65,410.27,8.09,5.06,10.56,22,0,1.027,0.45,1523338.55,852544,160481.18
FLIGHT_0598,A330,132507,632,40263,39764,430,431,83.41,40.94,553.08,6.85,4.89,15.88,33,0,1.012,0.3,2104324.35,1328679,200136.2
FLIGHT_0599,A330,161586,655,31218,30841,470,471,96.44,31.57,591.08,8.69,5.46,4.06,30,0,0.981,1.37,655242.81,936540,215405.4
FLIGHT_0600,B777,135562,519,38587,38284,422,421,78.32,39.67,443.97,7.79,4.95,5.52,24,1,0.989,1.09,748878.63,926088,157613.22
FLIGHT_0601,A320,46532,90,37998,38476,439,440,54.44,36.35,17.5,5.15,3.23,-12.12,30,0,1.052,0.33,-563828.71,1139940,15276.85
FLIGHT_0602,A320,60698,148,31179,30791,458,458,53.15,32.62,83.05,5.41,3.55,3.66,26,1,1.027,2.54,222245.5,810654,32237.86
FLIGHT_0603,A320,45708,68,31323,31451,479,480,92.03,33.79,0.56,4.51,3.1,-5.65,28,0,1.015,2.8,-258258.91,877044,10737.38
FLIGHT_0604,A320,58230,180,39311,39371,426,426,111.17,39.21,105.7,4.94,3.32,25.33,31,1,1.035,2.0,1474749.05,1218641,43424.25
FLIGHT_0605,B777,131362,477,40317,40370,421,420,31.04,38.77,399.89,7.53,4.87,-18.52,30,1,1.015,1.94,-2433285.5,1209510,128604.82
FLIGHT_0606,B737,53512,181,39214,39052,469,469,145.22,40.21,103.91,4.85,3.32,25.44,27,1,0.987,2.93,1361457.47,1058778,42313.03
FLIGHT_0607,A330,158906,672,40719,40360,462,461,49.36,42.78,585.9,8.09,5.39,9.19,23,1,1.058,0.58,1460909.65,936537,237019.82
FLIGHT_0608,A320,61499,139,35437,35828,407,406,116.07,37.75,63.78,4.95,3.26,-9.86,23,0,1.024,2.43,-606406.72,815051,24699.06
FLIGHT_0609,A330,120902,571,33175,33376,448,449,137.26,30.91,506.86,6.72,4.76,18.13,22,0,0.985,2.24,2191866.49,729850,176210.91
FLIGHT_0610,A320,56899,107,32446,32030,464,465,105.43,32.6,42.6,4.57,3.21,27.11,32,0,1.016,2.16,1542409.77,1038272,23789.67
FLIGHT_0611,A320,49820,139,40999,41187,415,415,93.35,38.62,62.31,4.46,3.16,-3.17,24,1,1.05,0.33,-157866.96,983976,24729.65
FLIGHT_0612,B777,137896,498,35397,35542,419,419,20.16,35.8,428.2,7.49,4.87,4.5,29,0,1.001,0.72,620827.92,1026513,148018.36
FLIGHT_0613,A320,63614,129,40476,40156,451,452,85.29,42.84,42.98,5.21,3.44,2.2,34,0,1.062,0.09,139846.21,1376184,26498.65
FLIGHT_0614,B737,53915,174,36927,37025,475,474,133.03,36.73,101.26,5.05,3.43,-16.32,34,1,0.983,2.14,-879909.08,1255518,30072.52
FLIGHT_0615,B737,55719,145,40276,40048,472,472,32.59,39.97,66.96,4.55,3.18,26.8,30,1,0.987,1.56,1493152.28,1208280,31632.47
FLIGHT_0616,B737,48081,104,38046,37717,445,446,68.26,36.42,29.19,4.75,3.05,13.24,30,0,0.985,2.44,636732.04,1141380,20014.24
FLIGHT_0617,A330,125924,588,35370,35190,415,416,117.52,34.51,517.45,7.17,4.74,-13.12,24,0,0.993,1.01,-1652508.07,848880,153544.77
FLIGHT_0618,A330,162175,647,36690,36999,451,450,114.83,39.09,568.33,8.09,5.42,-5.31,22,1,1.055,1.6,-861703.15,807180,216539.96
FLIGHT_0619,A330,155613,690,39846,39583,404,403,93.37,39.77,607.79,7.71,5.18,10.54,33,1,0.999,0.46,1639784.34,1314918,222883.01
FLIGHT_0620,B737,45369,234,40651,40643,445,446,69.35,38.6,157.97,4.53,3.22,-6.54,25,0,1.008,2.19,-296725.26,1016275,42155.84
FLIGHT_0621,B777,122971,691,35757,35960,431,432,55.96,33.8,624.0,7.82,4.93,-9.68,24,0,1.032,1.97,-1190588.13,858168,202883.44
FLIGHT_0622,B737,49576,145,33554,33970,436,437,30.15,32.65,80.36,4.99,3.29,-5.68,33,1,1.044,2.39,-281443.94,1107282,28198.64
FLIGHT_0623,A320,45402,78,40273,40552,447,448,74.26,37.57,2.39,4.82,3.1,23.85,34,1,1.035,2.25,1082855.04,1369282,17121.09
FLIGHT_0624,B737,60596,229,33223,33043,455,457,86.23,36.17,157.73,4.97,3.37,-0.7,22,1,1.069,0.99,-42700.3,730906,48003.48
FLIGHT_0625,A330,178452,618,34656,34829,455,456,49.82,36.52,547.41,8.99,5.81,-19.49,26,1,1.055,2.16,-3478145.01,901056,211022.89
FLIGHT_0626,A320,48856,181,34471,34466,439,440,148.02,31.96,120.67,5.01,3.19,-7.76,27,0,1.049,1.32,-379035.04,930717,33849.75
FLIGHT_0627,A320,47414,174,34571,34176,477,479,86.61,37.43,99.06,4.46,3.15,-1.72,22,0,1.019,0.65,-81429.15,760562,31252.24
FLIGHT_0628,A330,175274,335,38027,38135,464,465,145.66,35.56,263.49,8.79,5.75,-2.89,27,1,1.048,0.4,-505980.43,1026729,117639.97
FLIGHT_0629,B737,58887,213,40676,40538,404,404,120.66,38.96,134.98,4.89,3.34,-13.45,27,1,1.008,1.15,-791842.3,1098252,37467.67
FLIGHT_0630,A330,163746,411,39995,40393,406,406,103.4,37.9,338.01,8.07,5.32,15.6,25,0,0.997,2.5,2553962.62,999875,141849.75
FLIGHT_0631,A320,61203,239,30560,30716,477,478,83.67,30.84,177.26,5.55,3.61,-16.0,32,0,0.989,0.53,-979480.42,977920,44550.82
FLIGHT_0632,A330,158993,578,32711,33091,409,410,89.16,33.36,510.55,7.5,5.32,-15.96,32,1,1.023,1.6,-2537586.83,1046752,173659.68
FLIGHT_0633,A320,47441,157,31728,31927,447,446,45.04,33.41,90.93,4.26,2.97,-1.25,28,0,1.056,2.6,-59197.23,888384,28249.62
FLIGHT_0634,A330,162177,364,33337,32890,413,415,63.26,34.1,299.12,8.36,5.5,18.77,32,0,1.043,2.55,3043471.27,1066784,137816.28
FLIGHT_0635,B777,143744,527,33904,33815,453,454,120.36,32.57,462.1,7.15,5.08,13.14,25,0,1.045,0.03,1889197.08,847600,174859.76
FLIGHT_0636,B777,164494,472,32753,32948,455,455,119.24,31.76,408.88,7.76,5.45,-5.92,26,1,1.063,2.4,-973928.77,851578,160962.79
FLIGHT_0637,A330,172990,707,31770,31661,458,456,61.55,30.02,648.1,8.88,5.7,18.59,28,0,1.034,0.92,3216546.6,889560,270829.33
FLIGHT_0638,A330,127220,379,36978,37281,458,460,140.47,35.99,310.08,7.58,4.85,-6.59,23,1,1.068,1.51,-838635.68,850494,114040.75
FLIGHT_0639,A330,142874,444,30976,31014,478,480,68.01,32.93,379.48,7.84,5.12,16.89,29,0,1.01,2.51,2413493.86,898304,150653.68
FLIGHT_0640,B737,55455,60,33445,33311,404,402,51.93,35.67,0.0,4.79,3.3,27.71,29,1,1.065,0.52,1536526.89,969905,16241.97
FLIGHT_0641,B777,130806,699,34188,34280,468,468,117.77,34.23,631.84,6.65,4.61,7.46,28,0,1.008,0.97,976259.62,957264,201644.59
FLIGHT_0642,B777,131517,657,33287,32960,454,453,84.91,33.2,588.3,6.92,4.91,-19.17,33,0,0.986,0.82,-2521358.1,1098471,169876.37
FLIGHT_0643,B777,123343,594,39898,40050,445,446,119.48,38.14,516.29,7.37,4.79,11.9,32,0,1.06,0.36,1468143.4,1276736,189848.84
FLIGHT_0644,A320,57346,171,35658,35242,450,452,55.47,37.39,94.25,4.93,3.34,4.48,33,0,1.066,2.16,256994.41,1176714,35866.88
FLIGHT_0645,A320,62839,129,37338,37079,404,404,43.06,39.43,52.05,5.21,3.59,21.55,25,1,1.013,0.29,1354289.17,933450,30560.26
FLIGHT_0646,B777,136696,662,33567,33814,478,476,87.03,34.8,589.99,7.65,4.9,22.17,33,0,1.006,1.38,3030409.42,1107711,218957.65
FLIGHT_0647,A330,163632,432,32872,32510,417,416,146.96,33.39,367.83,8.06,5.45,-0.71,25,1,1.01,2.09,-115550.53,821800,143227.62
FLIGHT_0648,A320,62620,145,35990,35606,429,427,112.71,36.54,71.53,5.04,3.43,23.71,33,1,1.005,2.95,1484467.14,1187670,34021.26
FLIGHT_0649,B737,52378,207,34426,34761,409,409,27.74,36.5,133.2,4.66,3.25,-1.76,25,1,1.02,2.43,-92065.6,860650,39428.01
FLIGHT_0650,A320,48209,172,36471,36016,432,431,136.49,35.32,101.79,4.99,3.26,9.68,22,0,0.997,0.38,466794.32,802362,34961.14
FLIGHT_0651,B777,120925,591,35822,35475,425,426,124.53,37.16,516.71,7.17,4.62,3.32,24,0,1.025,1.34,401080.48,859728,171118.94
FLIGHT_0652,B777,165260,706,38086,37728,415,414,45.7,39.13,625.07,8.21,5.51,-5.46,33,0,0.99,1.65,-902726.06,1256838,225360.63
FLIGHT_0653,A320,51257,126,31836,32167,411,409,51.66,29.51,65.12,4.83,3.19,28.47,24,0,1.02,0.19,1459391.29,764064,28304.56
FLIGHT_0654,B777,124798,543,37817,37983,437,437,132.42,38.03,464.24,7.6,4.8,8.86,33,1,1.025,2.0,1105394.14,1247961,168379.8
FLIGHT_0655,B737,58042,232,36718,36433,421,420,123.43,35.98,161.9,4.79,3.3,-1.86,26,0,1.043,1.86,-107722.48,954668,45962.03
FLIGHT_0656,B777,168531,341,32705,32591,473,473,35.85,32.34,278.7,8.51,5.85,9.19,26,1,1.034,0.43,1548327.71,850330,126846.44
FLIGHT_0657,B737,63683,223,33916,33935,438,437,35.68,31.0,160.01,4.69,3.22,-5.19,25,0,1.007,2.8,-330437.79,847900,41013.52
FLIGHT_0658,A320,46995,74,30855,31310,467,466,60.86,31.73,13.16,4.66,3.23,-12.53,23,0,0.997,0.47,-588786.59,709665,11453.65
FLIGHT_0659,B777,169771,571,36548,36765,451,451,108.27,36.47,494.78,8.27,5.59,28.05,28,1,1.02,1.16,4761629.14,1023344,218388.97
FLIGHT_0660,A330,170861,387,32162,32200,426,425,29.14,32.68,321.71,7.91,5.35,6.14,23,1,0.996,1.27,1049472.84,739726,126542.44
FLIGHT_0661,A330,140968,350,33922,34122,415,414,96.59,35.08,278.7,7.3,4.98,9.96,23,1,1.066,1.58,1404356.52,780206,115982.2
FLIGHT_0662,B737,63728,89,37004,36698,437,437,30.19,38.66,14.7,5.7,3.7,26.95,30,0,1.021,1.41,1717177.36,1110120,22947.21
FLIGHT_0663,B737,58957,161,40807,40412,448,449,51.95,41.05,76.12,4.74,3.31,10.04,34,0,1.011,2.46,591881.88,1387438,32985.07
FLIGHT_0664,B737,48281,194,34533,34606,433,435,131.09,33.77,124.11,4.47,3.14,29.13,27,0,1.041,2.09,1406651.67,932391,45095.33
FLIGHT_0665,A330,121950,681,33650,33991,464,463,69.03,32.62,619.13,6.97,4.56,7.68,24,0,0.986,0.44,937047.48,807600,190805.55
FLIGHT_0666,A320,59563,176,32625,33051,471,471,52.51,32.38,113.76,5.12,3.29,-6.12,31,1,0.995,1.28,-364340.74,1011375,32710.09
FLIGHT_0667,A320,57958,142,36762,36562,440,440,105.21,34.79,70.14,5.46,3.43,-11.47,26,1,1.023,0.09,-664673.71,955812,26222.51
FLIGHT_0668,B777,149179,470,36333,35929,431,432,83.28,34.31,400.62,7.79,5.18,16.44,23,0,1.064,0.88,2452816.98,835659,166384.02
FLIGHT_0669,A330,166524,621,39604,39198,458,460,32.33,40.5,541.22,7.98,5.63,-13.83,30,0,1.039,2.87,-2303221.72,1188120,206978.21
FLIGHT_0670,B777,157571,422,33930,34196,414,413,132.11,32.16,359.12,7.72,5.42,-14.38,27,0,0.986,0.28,-2266184.23,916110,123700.53
FLIGHT_0671,A320,49281,83,40450,40419,466,468,94.58,42.6,0.0,5.17,3.27,-1.94,23,0,1.051,0.64,-95684.18,930350,16239.23
FLIGHT_0672,A330,134563,403,33714,34005,479,481,110.48,33.79,334.49,7.94,4.97,21.66,29,0,1.046,2.86,2914687.28,977706,140734.3
FLIGHT_0673,A330,159889,312,33826,34184,457,459,71.23,34.37,246.05,7.81,5.24,-3.57,28,0,1.004,0.67,-570553.13,947128,94837.17
FLIGHT_0674,A330,172836,582,34054,34326,462,462,114.36,33.44,514.62,8.9,5.84,24.95,29,0,1.054,0.55,4311486.62,987566,236944.86
FLIGHT_0675,B737,58378,81,30048,30217,469,469,135.12,29.41,20.79,4.77,3.36,24.22,24,1,1.049,0.6,1413856.61,721152,18408.13
FLIGHT_0676,A330,128389,638,39764,39808,460,460,137.83,41.27,553.16,7.49,4.88,10.81,22,1,1.017,1.29,1388295.77,874808,199906.22
FLIGHT_0677,B737,61837,199,36973,37412,464,463,82.98,38.29,123.94,4.86,3.12,-14.89,24,1,0.985,0.86,-920793.14,887352,32050.58
FLIGHT_0678,A320,45805,111,33386,33878,452,451,130.1,33.36,45.46,4.73,3.19,19.99,29,1,1.036,2.2,915598.56,968194,24513.83
FLIGHT_0679,B737,64755,169,39270,38820,438,439,73.85,42.02,85.79,5.22,3.48,-15.51,28,0,1.061,2.26,-1004094.48,1099560,32111.05
FLIGHT_0680,A330,169135,525,40523,40210,450,449,143.81,41.85,443.93,8.26,5.64,-14.8,31,1,0.981,0.72,-2503788.4,1256213,161669.66
FLIGHT_0681,A330,157287,482,39454,39282,464,462,50.45,41.69,398.96,7.69,5.31,-7.69,25,1,1.03,0.91,-1210104.9,986350,149581.12
FLIGHT_0682,A320,62434,191,35894,35467,435,436,48.79,38.59,115.4,5.56,3.52,11.01,23,1,1.057,2.27,687186.79,825562,45744.26
FLIGHT_0683,B737,48074,161,38374,38303,459,459,79.51,38.98,83.38,4.51,3.05,3.06,22,0,0.984,0.17,147168.66,844228,28132.69
FLIGHT_0684,B737,49927,158,37642,37563,458,460,47.41,40.22,77.37,5.03,3.18,-14.17,32,0,1.003,0.04,-707604.33,1204544,25641.31
FLIGHT_0685,B737,45280,136,36996,37058,435,434,96.84,35.71,67.71,4.45,3.06,25.91,25,0,1.044,0.16,1173224.42,924900,29785.45
FLIGHT_0686,A330,141375,363,36914,36825,442,443,129.91,39.59,282.07,7.92,5.03,-1.18,31,0,0.989,1.88,-166201.3,1144334,106689.89
FLIGHT_0687,B737,59901,119,36209,36599,460,459,30.48,33.29,55.75,5.34,3.39,-0.62,31,0,1.008,2.67,-37364.44,1122479,24566.89
FLIGHT_0688,B737,50339,154,37555,37608,464,465,54.58,35.23,86.21,5.24,3.3,18.07,33,1,0.981,1.41,909654.71,1239315,34043.95
FLIGHT_0689,A330,177036,664,40357,40009,434,434,36.64,42.1,577.17,8.72,5.68,3.21,34,1,1.027,1.99,567985.17,1372138,236198.73
FLIGHT_0690,A330,132891,489,35474,35524,406,407,87.56,34.84,421.44,7.12,4.77,25.63,23,0,1.006,0.13,3405761.49,815902,157887.06
FLIGHT_0691,B777,179422,527,32632,32982,471,470,130.08,34.13,455.48,8.45,5.94,27.39,23,1,1.035,1.78,4915238.75,750536,215760.48
FLIGHT_0692,B737,63698,118,39946,40258,448,450,72.53,39.43,43.27,5.02,3.46,26.08,23,0,1.062,1.88,1661330.27,918758,29919.15
FLIGHT_0693,A330,173925,701,31528,31106,415,416,126.12,30.96,640.58,8.86,5.67,25.04,33,1,1.018,0.1,4355222.9,1040424,268843.43
FLIGHT_0694,B777,166974,488,40253,40099,410,409,70.36,37.27,411.9,8.09,5.6,12.41,31,1,1.064,1.3,2072769.46,1247843,182352.34
FLIGHT_0695,A330,135275,405,36675,37104,448,447,50.87,34.28,335.83,7.71,4.86,-9.99,29,0,1.065,1.51,-1351198.95,1063575,119807.12
FLIGHT_0696,A330,146809,610,40979,40667,437,435,139.48,42.27,528.31,7.66,5.11,-10.14,23,0,1.053,1.81,-1489058.74,942517,187487.72
FLIGHT_0697,A330,171482,623,30625,30131,473,472,80.22,29.1,566.26,8.14,5.63,-14.44,29,1,1.036,2.03,-2475417.35,888125,205783.04
FLIGHT_0698,B737,58455,150,33305,33297,434,433,35.78,33.2,85.04,5.46,3.41,-9.15,29,1,0.988,2.44,-535162.13,965845,28770.6
FLIGHT_0699,B777,146376,611,37617,38072,451,452,139.76,35.34,543.19,7.06,4.98,19.51,23,0,1.022,2.92,2855521.8,865191,207497.29
FLIGHT_0700,B777,156083,493,30608,31028,445,444,40.93,29.52,435.76,7.88,5.14,0.29,30,1,0.981,1.23,45671.03,918240,150075.76
FLIGHT_0701,B737,49396,115,33635,33971,457,458,64.32,36.02,42.72,4.86,3.23,13.31,32,0,1.0,1.71,657314.16,1076320,23014.16
FLIGHT_0702,A320,59673,224,34712,34775,447,445,21.73,35.72,152.81,4.81,3.4,-5.13,31,1,0.995,1.3,-306357.03,1076072,42004.82
FLIGHT_0703,A320,54313,110,30424,30360,405,406,24.0,32.04,45.13,4.82,3.3,0.09,23,0,1.024,2.48,4758.8,699752,20995.1
FLIGHT_0704,B737,55026,220,33681,33713,458,458,103.51,36.48,148.35,5.29,3.46,-0.18,25,1,1.063,2.1,-10082.29,842025,48025.35
FLIGHT_0705,A320,60645,238,37880,37470,452,450,40.05,36.63,165.55,5.42,3.41,-16.42,33,1,1.065,1.95,-996029.65,1250040,45757.46
FLIGHT_0706,B777,168248,592,34314,34299,407,407,43.91,36.1,518.51,8.09,5.43,-8.43,24,0,1.02,0.83,-1418624.84,823536,187674.13
FLIGHT_0707,B777,176423,397,30525,30383,435,437,55.22,30.25,335.85,8.85,5.8,0.23,31,1,1.04,0.35,40198.35,946275,142279.27
FLIGHT_0708,A320,52297,193,30489,30526,458,458,100.35,28.13,139.29,5.03,3.2,20.3,23,0,1.007,1.47,1061868.23,701247,43251.66
FLIGHT_0709,B737,46770,158,38742,38466,462,461,70.69,39.61,77.0,4.51,3.1,6.81,23,1,0.989,1.52,318493.99,891066,28658.36
FLIGHT_0710,B737,53585,179,39183,39131,460,459,42.14,40.61,100.2,4.82,3.34,-14.19,27,1,1.05,0.01,-760424.11,1057941,31810.64
FLIGHT_0711,B737,46111,170,37862,37531,466,468,91.32,35.36,97.41,4.6,3.23,6.2,25,0,1.004,1.22,285687.08,946550,32514.71
FLIGHT_0712,B737,59114,161,36999,36503,440,440,98.61,39.92,79.87,4.81,3.37,16.29,30,1,1.024,2.27,962948.26,1109970,35309.9
FLIGHT_0713,A320,60580,216,30851,30986,400,399,25.04,33.41,151.39,5.26,3.5,-14.94,23,1,1.067,2.2,-905074.02,709573,43256.59
FLIGHT_0714,A330,137236,696,38843,39309,426,426,38.9,36.2,623.44,7.52,4.9,18.69,32,0,0.993,1.92,2564438.86,1242976,224430.87
FLIGHT_0715,B777,177443,474,40303,40076,404,403,58.52,41.93,389.35,8.76,5.82,23.34,26,1,0.998,2.82,4142115.72,1047878,182402.32
FLIGHT_0716,B777,126444,441,35186,34811,430,429,99.21,32.54,373.4,7.09,4.82,-1.08,28,1,1.012,1.25,-136845.05,985208,127075.67
FLIGHT_0717,A320,59966,180,30253,30629,411,411,128.41,33.2,117.29,4.73,3.2,11.52,27,1,1.05,2.18,690556.9,816831,39316.79
FLIGHT_0718,A320,55790,93,38221,38581,425,427,83.37,40.32,12.39,5.4,3.39,10.38,24,1,1.047,2.3,579318.76,917304,20462.15
FLIGHT_0719,B777,139490,398,32530,32905,445,445,91.12,30.74,334.81,7.64,4.8,7.08,32,1,1.022,2.47,987741.01,1040960,123139.82
FLIGHT_0720,A330,124956,376,36090,35697,414,412,127.57,37.18,304.53,7.35,4.77,-12.08,31,1,0.996,0.48,-1508885.23,1118790,99198.75
FLIGHT_0721,B737,46472,117,37195,37055,445,446,36.79,38.04,43.03,4.39,3.1,2.95,33,1,1.021,0.39,137142.33,1227435,21289.23
FLIGHT_0722,B777,138080,358,34463,33997,405,403,91.78,31.77,294.12,7.18,5.04,5.91,28,0,1.05,1.46,815712.78,964964,114929.19
FLIGHT_0723,B777,145792,525,37715,37706,452,454,62.78,38.62,445.38,8.13,5.09,18.48,22,1,1.049,0.44,2694658.53,829730,181505.64
FLIGHT_0724,B777,152109,708,35554,35931,401,400,64.05,35.8,640.35,7.81,5.14,0.15,34,1,1.015,0.54,22292.53,1208836,221863.25
FLIGHT_0725,B777,155439,703,37434,36935,478,479,35.91,37.3,630.79,7.77,5.22,-15.13,33,0,1.054,1.29,-2352435.14,1235322,216151.6
FLIGHT_0726,B777,140273,639,34360,34192,407,408,62.72,33.86,573.38,7.24,4.91,-19.09,22,1,1.023,1.13,-2677568.35,755920,173640.92
FLIGHT_0727,A330,171224,318,31905,31799,431,433,141.7,29.43,259.8,8.31,5.63,29.34,33,0,1.037,0.66,5024175.94,1052865,123691.22
FLIGHT_0728,B737,47568,74,33477,33411,458,458,29.29,36.26,5.31,4.81,3.28,-8.69,26,0,1.008,0.81,-413479.99,870402,12547.25
FLIGHT_0729,B737,51748,195,33790,33305,458,460,44.5,34.34,123.4,4.96,3.28,-16.33,29,1,1.018,0.54,-845143.41,979910,32194.92
FLIGHT_0730,A330,123252,469,33654,33928,449,448,23.04,32.1,405.37,7.18,4.56,-2.12,32,1,0.991,2.47,-261435.67,1076928,127787.05
FLIGHT_0731,A330,139596,575,35408,35501,435,436,139.85,35.15,502.87,8.06,5.23,10.3,23,0,1.043,1.86,1437475.33,814384,198528.72
FLIGHT_0732,B777,137353,491,39683,39748,423,424,139.98,40.72,411.5,8.09,5.08,-17.05,24,0,1.008,2.07,-2341548.78,952392,139548.49
FLIGHT_0733,B777,136918,360,32853,33046,441,441,139.51,30.76,300.51,7.67,4.81,-9.94,27,1,1.041,1.78,-1360934.63,887031,104057.44
FLIGHT_0734,A330,134200,417,32122,31623,479,480,93.23,34.43,350.57,7.89,5.02,-5.15,34,1,1.015,0.74,-690788.46,1092148,123707.23
FLIGHT_0735,B777,139345,651,40252,40396,412,411,131.74,40.43,568.16,7.63,4.85,-1.54,22,0,1.065,0.43,-215052.46,885544,198322.76
FLIGHT_0736,B777,178941,451,33395,33519,465,465,128.75,31.62,386.27,7.95,5.64,-0.12,25,0,1.027,0.76,-21378.11,834875,153993.28
FLIGHT_0737,B777,160610,496,34154,34565,427,425,41.1,32.75,429.65,7.8,5.36,16.74,31,0,1.023,1.41,2688835.43,1058774,175154.56
FLIGHT_0738,A320,60652,107,30676,30842,409,410,63.72,30.15,49.83,5.24,3.33,-17.54,29,1,1.004,2.04,-1063566.14,889604,18723.14
FLIGHT_0739,B777,151340,666,36661,36736,423,421,23.79,35.15,598.16,7.72,5.2,18.39,34,1,1.026,0.73,2783359.66,1246474,231529.09
FLIGHT_0740,B737,61673,134,30825,30523,408,407,88.46,29.92,73.79,5.03,3.46,7.84,28,1,1.043,0.96,483710.3,863100,29471.72
FLIGHT_0741,A320,59353,117,30321,29847,469,468,71.63,30.71,53.66,5.22,3.62,-16.7,34,1,1.048,0.78,-991075.49,1030914,21332.64
FLIGHT_0742,B777,145420,378,39767,39863,426,425,139.63,38.44,299.96,7.45,5.25,-16.49,26,0,1.059,1.04,-2398530.61,1033942,113217.31
FLIGHT_0743,A320,61747,100,32973,32693,457,458,33.28,33.34,31.92,5.01,3.29,21.53,28,1,1.01,2.99,1329231.63,923244,22559.67
FLIGHT_0744,B777,172070,616,39256,39060,402,400,24.98,41.47,535.2,9.13,5.74,3.35,30,0,1.047,1.35,575590.37,1177680,226457.11
FLIGHT_0745,B777,172792,564,33733,34200,414,416,137.3,32.61,497.81,8.34,5.74,-15.24,29,0,1.049,0.63,-2632555.3,978257,188099.17
FLIGHT_0746,A330,143980,545,40806,41058,442,441,50.29,41.31,463.8,8.04,5.17,5.41,26,1,1.041,0.25,779566.74,1060956,179285.47
FLIGHT_0747,B737,51089,129,34670,34963,415,417,105.35,31.94,67.5,4.69,3.23,-1.15,30,0,1.066,0.2,-58905.71,1040100,25217.58
FLIGHT_0748,A320,55773,78,32976,32491,404,402,91.67,32.46,15.13,5.01,3.55,26.47,23,0,1.023,2.76,1476501.29,758448,18885.81
FLIGHT_0749,A320,54123,195,38182,38393,449,450,143.46,41.13,110.61,5.38,3.42,-4.93,24,1,1.003,2.8,-267023.09,916368,37932.17
FLIGHT_0750,A330,177527,509,31862,31668,473,472,115.33,32.01,446.99,8.2,5.65,17.87,29,1,1.007,2.93,3173024.23,923998,190414.66
FLIGHT_0751,B777,171923,703,39896,39720,457,457,75.39,39.19,621.94,9.23,5.77,-9.85,33,1,1.061,0.36,-1692976.45,1316568,245516.02
FLIGHT_0752,A320,48730,209,34982,34550,425,425,107.87,33.99,137.97,4.43,3.07,-8.99,27,0,1.015,2.51,-438086.02,944514,34385.83
FLIGHT_0753,B737,63234,217,31332,31772,459,460,61.41,33.27,151.29,5.28,3.43,7.02,24,0,0.991,1.23,443966.27,751968,45720.95
FLIGHT_0754,B737,62690,210,38210,38612,457,457,36.79,35.36,142.95,5.12,3.49,21.48,32,0,1.049,2.57,1346430.27,1222720,52976.79
FLIGHT_0755,B737,53483,132,31963,31834,420,421,66.03,34.05,67.26,4.72,3.15,-0.66,25,1,0.996,2.07,-35181.19,799075,24323.58
FLIGHT_0756,B777,123497,675,35189,35496,410,410,117.87,34.84,605.48,6.68,4.64,14.22,31,1,1.01,0.59,1756384.03,1090859,203019.84
FLIGHT_0757,B737,63545,234,35119,35326,431,432,30.0,36.69,161.29,5.14,3.54,-18.57,28,1,1.024,0.41,-1180262.22,983332,42637.3
FLIGHT_0758,B737,56836,95,30977,30739,424,422,140.83,29.62,37.58,5.09,3.23,9.29,23,0,0.982,2.61,528230.63,712471,19233.61
FLIGHT_0759,B777,167346,372,33946,34106,445,445,44.39,36.16,298.86,8.05,5.57,-9.49,29,0,1.04,0.03,-1588607.99,984434,119349.11
FLIGHT_0760,B777,122889,305,40421,40312,460,461,77.82,40.62,220.56,7.05,4.67,20.23,33,0,1.046,1.34,2486577.42,1333893,96399.8
FLIGHT_0761,B777,149901,312,30091,29612,428,430,118.23,30.8,253.3,7.63,5.24,27.04,29,0,1.057,2.81,4053683.97,872639,117586.39
FLIGHT_0762,B777,162394,586,35003,35005,442,443,30.63,33.65,520.85,8.27,5.58,-5.05,25,0,1.036,0.13,-820859.42,875075,196928.31
FLIGHT_0763,B737,55261,215,33444,33406,468,467,46.88,31.72,154.35,4.8,3.42,10.34,29,1,0.98,1.84,571411.37,969876,46058.64
FLIGHT_0764,B777,153022,634,30101,30016,466,466,37.58,31.95,569.36,8.18,5.14,2.18,34,0,1.055,0.49,334147.31,1023434,208106.82
FLIGHT_0765,B737,62478,187,39364,39047,420,419,77.2,41.59,103.88,4.94,3.5,-4.66,30,0,1.045,0.94,-291290.33,1180920,37122.77
FLIGHT_0766,B777,150231,456,35892,35943,478,476,88.66,35.57,382.93,8.01,5.08,18.96,28,0,1.039,1.7,2848101.47,1004976,157878.21
FLIGHT_0767,B737,64585,134,40779,41138,432,433,33.4,43.3,49.42,4.69,3.34,25.04,33,1,1.033,0.33,1617526.15,1345707,30254.39
FLIGHT_0768,B777,155746,587,35992,36021,418,419,118.24,34.64,521.02,8.21,5.48,14.6,22,1,1.067,0.32,2273331.07,791824,218728.39
FLIGHT_0769,A330,128825,370,37299,37760,429,431,107.52,37.85,298.27,7.74,5.03,10.41,31,1,1.046,2.27,1341304.68,1156269,123817.14
FLIGHT_0770,A330,165598,565,30975,31092,474,473,120.85,31.75,505.48,8.14,5.5,-7.57,33,0,0.994,2.86,-1253414.38,1022175,182038.59
FLIGHT_0771,B777,171548,404,30438,30800,437,437,93.25,31.73,342.88,8.46,5.6,22.11,28,0,1.07,1.48,3792200.83,852264,160147.91
FLIGHT_0772,B737,64558,213,32783,33078,423,425,90.07,30.47,151.19,5.27,3.68,19.36,22,0,1.009,1.82,1249935.36,721226,52592.54
FLIGHT_0773,A330,165343,629,38936,39213,405,405,137.82,41.15,543.47,8.04,5.44,15.19,29,0,1.018,2.37,2511450.03,1129144,224881.99
FLIGHT_0774,A330,155895,379,37001,37432,407,407,31.31,37.58,306.23,8.55,5.47,16.8,31,1,1.042,2.77,2619728.92,1147031,140768.21
FLIGHT_0775,A320,45659,116,31703,32176,474,474,75.1,28.85,61.83,4.4,2.97,26.68,28,0,1.024,2.04,1218038.11,887684,25612.0
FLIGHT_0776,B737,57874,73,37125,36771,418,420,149.62,35.32,0.0,4.75,3.36,8.22,28,1,1.049,1.92,475947.3,1039500,13765.13
FLIGHT_0777,B777,159694,554,38248,38572,465,467,113.74,37.03,482.16,8.37,5.34,4.18,26,0,1.047,1.5,667755.58,994448,190418.16
FLIGHT_0778,B777,145941,374,35522,35811,424,424,87.29,37.19,300.54,7.98,5.18,28.9,22,0,0.985,2.68,4217490.06,781484,131337.67
FLIGHT_0779,B777,125421,704,34126,34157,438,438,76.97,33.05,639.91,7.0,4.71,8.14,33,1,1.062,2.23,1021238.52,1126158,223741.67
FLIGHT_0780,A320,55123,148,37369,37465,458,459,104.91,34.87,77.72,4.81,3.28,9.5,34,0,1.021,0.35,523555.7,1270546,30042.64
FLIGHT_0781,A330,131984,416,35660,35726,472,471,56.63,35.4,346.24,7.19,4.96,6.99,32,1,1.056,1.85,922936.69,1141120,134817.78
FLIGHT_0782,A330,169359,690,37416,36961,449,447,50.0,40.02,611.86,8.09,5.54,-10.15,34,0,1.045,1.28,-1718663.37,1272144,228238.96
FLIGHT_0783,B777,143677,606,31277,30996,463,465,74.82,29.65,545.94,7.17,5.05,10.01,26,1,1.037,0.49,1438917.6,813202,197838.64
FLIGHT_0784,A320,50661,101,31716,32096,417,416,94.99,33.21,34.17,4.64,3.1,19.45,34,1,0.997,2.74,985112.71,1078344,20681.92
FLIGHT_0785,B777,171897,337,33050,32865,434,434,106.38,32.68,271.29,7.99,5.62,0.39,34,0,1.0,0.64,66928.2,1123700,110804.82
FLIGHT_0786,B777,125191,309,37516,37088,423,423,35.18,38.7,231.09,7.28,4.65,12.8,30,0,1.002,0.31,1602433.79,1125480,90797.95
FLIGHT_0787,B777,163259,600,35207,34707,450,452,67.58,37.7,526.11,8.48,5.46,23.72,28,1,1.045,1.46,3872477.59,985796,229254.33
FLIGHT_0788,B777,137461,630,31668,31288,459,457,140.77,34.38,560.17,7.76,4.91,-7.69,34,1,1.047,1.48,-1057188.18,1076712,187686.47
FLIGHT_0789,A320,60218,86,39479,39226,417,416,92.65,38.13,13.19,5.46,3.42,12.53,33,0,1.065,1.27,754313.51,1302807,20369.19
FLIGHT_0790,A330,149383,444,38836,39046,443,442,63.6,40.15,362.7,7.77,5.21,-19.05,28,0,0.993,0.93,-2846414.94,1087408,123225.04
FLIGHT_0791,A320,53217,105,35882,36327,400,399,121.08,33.37,39.74,4.98,3.2,17.51,28,1,1.03,1.51,931969.18,1004696,23172.36
FLIGHT_0792,A320,60274,89,33330,33534,450,451,43.15,34.79,19.84,4.93,3.35,15.5,24,1,1.032,1.86,934349.28,799920,19129.41
FLIGHT_0793,A330,129457,466,33271,33271,410,411,120.8,31.44,403.83,6.66,4.73,7.84,29,1,1.06,0.28,1015010.88,964859,143347.26
FLIGHT_0794,A320,58515,110,37296,37325,461,462,78.82,38.85,33.23,5.67,3.6,0.82,25,0,1.004,1.29,47697.55,932400,22668.57
FLIGHT_0795,A330,133053,645,32726,32273,437,439,148.81,35.65,571.7,7.54,4.91,-17.57,22,0,1.015,1.01,-2338040.5,719972,175133.71
FLIGHT_0796,B777,173591,469,35354,35165,462,461,52.48,36.31,397.28,8.5,5.62,19.0,25,0,1.038,2.54,3298105.63,883850,178722.16
FLIGHT_0797,B777,173274,364,33747,33765,448,448,41.51,32.12,297.02,8.82,5.69,1.68,27,0,0.988,2.72,290616.85,911169,124271.97
FLIGHT_0798,B777,129930,475,35582,36038,472,472,49.32,36.68,403.12,6.94,4.89,27.19,29,0,1.006,1.21,3533280.24,1031878,158727.42
FLIGHT_0799,B777,147701,593,38726,39056,438,440,128.4,41.01,507.88,7.67,5.11,14.51,23,0,1.048,0.95,2143173.89,890698,201064.58
FLIGHT_0800,B737,54603,103,30977,31333,436,435,119.06,33.42,37.82,4.46,3.17,15.32,34,1,1.038,0.92,836389.12,1053218,20937.3
FLIGHT_0801,A330,157706,311,38290,37903,405,406,97.71,38.76,231.55,8.11,5.27,26.3,31,0,1.066,1.01,4147769.31,1186990,115136.32
FLIGHT_0802,A330,146203,595,40510,40680,442,443,126.98,40.02,517.95,7.78,5.09,-18.91,30,0,1.056,1.86,-2764088.28,1215300,175868.41
FLIGHT_0803,B737,61728,209,37135,37101,447,448,84.92,34.52,138.81,5.48,3.49,-2.33,34,0,0.981,1.11,-143686.85,1262590,41078.04
FLIGHT_0804,A320,61514,143,40276,40439,406,404,85.78,41.3,57.63,5.05,3.38,21.11,31,0,1.049,1.9,1298454.57,1248556,32849.79
FLIGHT_0805,B777,161786,358,33706,33548,455,454,144.07,31.3,293.95,7.74,5.35,-16.72,28,0,1.065,2.11,-2704792.22,943768,111869.22
FLIGHT_0806,B777,127078,458,33017,32753,415,417,90.85,32.1,396.53,6.71,4.63,1.55,24,0,0.985,2.39,196671.38,792408,127730.79
FLIGHT_0807,A320,50876,230,34234,33739,430,428,132.86,34.88,162.78,4.74,3.19,-8.28,28,0,1.061,1.29,-421305.93,958552,42933.54
FLIGHT_0808,A320,56329,169,30552,30300,414,414,139.51,33.19,103.6,5.46,3.45,28.42,24,1,1.047,0.42,1601049.91,733248,43572.08
FLIGHT_0809,B737,62278,77,36026,35619,466,466,73.46,33.59,11.03,5.13,3.36,23.52,27,1,1.066,1.24,1464718.9,972702,18440.48
FLIGHT_0810,B777,162070,454,33958,33665,422,422,135.32,35.46,386.45,7.82,5.32,-3.86,32,0,1.024,2.25,-625045.1,1086656,146835.19
FLIGHT_0811,B737,61768,174,33849,34323,434,432,79.25,34.41,106.93,5.51,3.45,14.76,34,1,0.984,0.65,911866.8,1150866,39147.65
FLIGHT_0812,A330,122540,488,30033,30369,440,439,113.85,32.73,422.14,6.79,4.55,-2.6,23,1,1.054,1.9,-319134.17,690759,138991.36
FLIGHT_0813,A320,49956,133,35830,36089,405,405,128.32,34.29,68.4,4.61,3.18,14.12,31,0,1.031,2.48,705578.71,1110730,28158.95
FLIGHT_0814,B737,48370,231,34722,35022,474,475,56.98,33.0,168.3,4.84,3.25,-3.21,28,1,1.012,2.44,-155040.92,972216,44482.14
FLIGHT_0815,A330,141574,556,35173,35171,436,437,84.8,33.55,489.84,7.16,5.02,25.5,31,1,1.052,0.5,3610763.3,1090363,196518.89
FLIGHT_0816,B777,179373,476,31443,31873,457,456,106.67,32.8,410.71,8.2,5.63,-6.45,27,0,1.036,1.67,-1157657.73,848961,160741.51
FLIGHT_0817,B737,52943,185,33117,32775,432,432,142.47,31.86,123.9,4.61,3.19,24.37,29,1,0.998,0.44,1289994.2,960393,40809.93
FLIGHT_0818,B777,131390,344,36799,36778,429,430,82.38,38.09,270.71,6.99,4.77,0.59,32,0,1.053,1.56,77738.72,1177568,103091.36
FLIGHT_0819,A330,133935,544,40516,40244,453,453,24.5,38.28,468.16,7.35,4.89,3.08,27,0,0.992,1.21,411988.01,1093932,160088.17
FLIGHT_0820,B777,149380,532,30497,30398,454,452,65.84,28.79,473.26,7.64,5.07,21.96,31,0,1.028,2.43,3280917.78,945407,186217.12
FLIGHT_0821,A330,167969,507,33675,33268,457,456,33.52,34.22,437.42,8.53,5.49,6.03,29,1,1.028,2.8,1012953.59,976575,178486.33
FLIGHT_0822,A320,57851,71,33823,33799,427,426,70.07,30.93,6.61,5.2,3.27,16.55,29,1,0.987,2.35,957498.05,980867,14639.21
FLIGHT_0823,B777,140882,501,39441,39645,433,433,148.25,40.09,420.7,7.5,5.17,26.13,26,0,1.02,0.81,3681100.32,1025466,176112.17
FLIGHT_0824,B777,126226,395,32971,33412,478,477,90.08,31.62,329.54,7.32,4.71,16.42,30,1,0.987,2.24,2072656.47,989130,120519.99
FLIGHT_0825,B737,47029,67,39198,39681,425,426,52.25,39.61,0.0,4.72,3.13,26.94,30,1,1.009,2.82,1267176.87,1175940,16302.97
FLIGHT_0826,B777,126267,395,37868,37968,423,422,111.15,36.18,324.89,7.48,4.72,17.34,24,0,1.053,2.56,2188991.69,908832,130055.29
FLIGHT_0827,A320,56716,176,32137,31978,461,462,101.21,33.76,111.95,5.15,3.43,21.63,25,1,1.016,1.74,1226789.0,803425,42234.86
FLIGHT_0828,B737,57458,235,35045,34875,469,471,100.76,36.76,161.33,4.64,3.28,-5.82,34,0,1.041,0.47,-334133.17,1191530,43356.35
FLIGHT_0829,B777,153166,490,39900,39581,473,475,108.62,40.76,410.71,7.7,5.34,-19.15,33,0,1.03,2.71,-2933652.76,1316700,147319.13
FLIGHT_0830,B737,54031,216,36418,36232,406,407,99.48,36.6,143.94,4.86,3.32,29.32,28,0,1.019,2.9,1584370.64,1019704,52876.78
FLIGHT_0831,A330,164781,598,33089,33548,463,464,148.03,33.64,531.4,7.7,5.34,25.64,27,1,1.027,1.25,4225166.84,893403,220317.11
FLIGHT_0832,A330,120042,301,38822,38628,405,404,94.55,37.23,229.76,6.38,4.5,21.76,33,1,1.04,1.08,2611830.82,1281126,93361.02
FLIGHT_0833,B737,49738,104,36982,37181,464,464,110.54,37.51,28.95,4.8,3.25,16.72,22,1,1.011,1.84,831585.82,813604,21840.0
FLIGHT_0834,A320,54147,147,32837,33001,466,465,115.05,30.46,86.07,4.69,3.11,5.51,26,1,1.039,0.11,298329.21,853762,28358.9
FLIGHT_0835,A330,163444,528,31209,31512,467,466,60.7,29.51,467.06,8.06,5.42,11.88,26,0,1.069,1.22,1942428.38,811434,193124.23
FLIGHT_0836,A330,176758,323,31049,30744,409,408,100.71,31.64,261.44,8.18,5.58,14.45,29,0,1.069,0.87,2553514.54,900421,121000.24
FLIGHT_0837,B777,166963,327,37507,37397,452,454,110.56,37.39,253.97,8.95,5.71,20.43,27,1,1.03,2.76,3411786.97,1012689,126839.96
FLIGHT_0838,A320,49879,117,37821,38061,432,433,76.23,36.68,42.12,4.67,3.2,3.98,28,0,1.029,0.1,198374.74,1058988,21312.51
FLIGHT_0839,A330,146726,309,40735,40280,429,430,36.15,39.47,228.42,8.18,5.13,-12.73,23,0,1.022,0.52,-1867865.2,936905,89902.52
FLIGHT_0840,B777,125730,391,30812,30966,400,400,47.91,32.09,326.92,7.04,4.74,-2.4,23,0,1.047,2.6,-301241.09,708676,115438.47
FLIGHT_0841,A330,127384,436,33892,33504,474,475,22.33,35.07,368.42,6.67,4.68,16.97,32,1,1.049,2.86,2161588.63,1084544,140782.42
FLIGHT_0842,A320,52740,94,33960,33903,425,423,133.38,32.77,29.15,4.94,3.25,15.5,29,1,0.996,2.83,817666.73,984840,19851.5
FLIGHT_0843,A320,50751,224,33351,32894,448,447,101.94,32.11,159.68,4.88,3.26,-10.55,31,0,1.008,1.3,-535335.82,1033881,39385.95
FLIGHT_0844,A320,59406,132,36504,36560,423,424,55.06,35.28,60.93,5.12,3.53,23.79,29,1,1.015,1.17,1413487.21,1058616,31359.54
FLIGHT_0845,B777,149792,502,33137,33407,412,413,63.51,31.39,440.21,7.8,5.01,25.41,26,0,1.021,1.79,3805732.33,861562,175146.7
FLIGHT_0846,A330,151631,642,39816,39525,429,430,27.42,37.46,568.27,7.6,5.24,19.75,25,1,1.048,1.82,2994109.83,995400,232472.58
FLIGHT_0847,A320,57841,184,38640,38705,413,414,135.91,36.66,111.81,4.89,3.19,-2.29,30,0,1.02,2.29,-132541.03,1159200,34973.24
FLIGHT_0848,B777,150546,457,30905,31162,456,454,115.78,30.69,393.89,7.74,5.24,5.89,22,0,1.041,0.4,887136.29,679910,150902.27
FLIGHT_0849,B737,45164,87,33505,33167,414,414,128.78,34.81,14.57,4.86,3.16,5.98,26,1,1.023,1.75,270299.41,871130,16497.26
FLIGHT_0850,A320,45360,100,36962,37194,439,438,46.63,34.94,28.06,4.46,2.91,-19.41,34,1,1.035,2.15,-880292.89,1256708,13665.18
FLIGHT_0851,B737,51483,189,34775,34793,425,426,33.77,32.84,121.46,5.02,3.34,-6.35,30,0,1.055,0.51,-326819.41,1043250,36683.98
FLIGHT_0852,B777,164023,703,39925,40336,438,439,39.4,40.12,620.8,8.22,5.68,19.96,30,0,1.035,2.01,3273544.1,1197750,270392.48
FLIGHT_0853,B777,151322,410,34021,33708,406,405,25.95,35.12,338.48,7.58,5.14,-13.96,30,1,0.998,0.34,-2112371.63,1020630,115377.02
FLIGHT_0854,A330,168087,457,37176,37218,427,429,88.95,39.38,381.02,8.81,5.66,16.17,23,1,1.065,0.93,2717432.17,855048,177209.13
FLIGHT_0855,A330,161356,367,36301,35915,423,422,62.48,35.81,294.43,8.15,5.54,16.35,33,1,1.064,1.34,2637848.06,1197933,138301.2
FLIGHT_0856,B777,145488,715,38687,39162,448,448,53.14,38.48,638.04,7.66,5.21,9.16,25,1,1.05,1.07,1331980.86,967175,244113.09
FLIGHT_0857,B737,54355,190,34816,34866,439,440,125.86,33.6,125.43,5.0,3.31,-6.09,25,0,1.034,0.95,-331145.24,870400,36561.11
FLIGHT_0858,A330,171730,580,35249,35413,411,411,68.89,38.21,503.78,7.92,5.64,23.32,22,0,0.991,0.98,4004125.07,775478,211810.15
FLIGHT_0859,A330,130614,709,37535,37882,416,415,140.15,35.28,635.36,7.38,4.82,25.4,25,1,0.982,1.56,3318189.41,938375,228616.11
FLIGHT_0860,A330,123318,552,35246,35115,454,455,55.99,36.44,479.84,7.53,4.76,3.51,30,0,1.032,1.38,432452.69,1057380,166136.65
FLIGHT_0861,B777,177698,300,34340,34591,434,436,23.3,33.1,231.32,8.19,5.8,-9.85,28,1,1.069,1.28,-1750896.19,961520,103493.64
FLIGHT_0862,A320,62798,86,38067,38066,413,414,50.23,40.79,1.84,5.18,3.57,-17.01,27,1,1.061,2.49,-1068088.53,1027809,14308.84
FLIGHT_0863,A320,48824,115,37477,37634,457,457,51.38,40.2,38.43,4.93,3.14,20.65,33,0,1.006,1.73,1008008.48,1236741,25032.03
FLIGHT_0864,A330,141359,396,34856,34858,401,399,41.29,32.18,334.06,7.34,5.1,-19.38,23,1,1.061,0.08,-2739451.06,801688,113877.26
FLIGHT_0865,A320,64392,70,30390,30829,450,452,70.93,31.81,3.4,5.35,3.42,1.91,30,0,0.982,1.25,122722.74,911700,12950.87
FLIGHT_0866,B777,177422,322,39855,40288,420,421,62.36,41.66,240.28,9.09,5.68,-11.77,27,1,1.011,0.46,-2088863.14,1076085,104075.98
FLIGHT_0867,A330,153590,505,30429,30434,454,455,80.34,30.3,443.61,8.12,5.21,-13.88,33,1,1.034,1.3,-2131784.09,1004157,152436.77
FLIGHT_0868,A330,155683,501,38216,38025,459,459,112.45,37.13,429.41,8.73,5.53,22.19,31,1,1.066,2.15,3454481.93,1184696,197556.51
FLIGHT_0869,B737,62600,200,40615,40141,431,432,116.42,37.92,127.88,5.37,3.69,-4.62,27,1,0.989,2.55,-289415.45,1096605,42228.82
FLIGHT_0870,B777,166839,699,38252,38744,407,406,110.74,38.1,619.64,8.43,5.51,1.14,26,1,1.022,2.78,190323.17,994552,240511.77
FLIGHT_0871,B737,53181,162,33031,32724,474,476,25.9,32.78,96.92,4.67,3.22,-4.38,33,1,1.059,1.74,-233178.81,1090023,31203.78
FLIGHT_0872,B777,153260,418,39989,39821,432,430,143.25,40.64,340.07,7.7,5.19,-3.03,24,1,0.991,0.48,-463687.03,959736,125369.95
FLIGHT_0873,A330,136760,597,40742,41224,446,447,135.72,41.8,515.65,7.14,4.97,-3.34,30,1,0.995,2.92,-456402.78,1222260,176103.8
FLIGHT_0874,B777,178046,436,35756,35535,430,432,24.7,35.51,367.42,8.73,5.85,4.5,24,1,0.988,1.03,800379.61,858144,153370.1
FLIGHT_0875,B737,45517,124,36446,36146,423,424,74.88,35.69,55.18,4.61,3.2,15.67,29,0,1.014,1.69,713357.34,1056934,25738.89
FLIGHT_0876,B737,47509,107,40634,40961,459,457,98.18,41.65,27.18,4.75,3.16,16.97,34,1,1.041,0.07,806437.82,1381556,22941.91
FLIGHT_0877,B737,55001,226,39940,39854,454,454,76.74,40.13,142.58,4.92,3.28,20.89,30,1,1.02,2.05,1149178.64,1198200,51393.88
FLIGHT_0878,B737,61719,143,34365,34430,418,420,33.18,34.3,74.69,5.44,3.44,12.93,23,0,1.068,0.43,798078.81,790395,33232.71
FLIGHT_0879,A320,64240,127,30452,30368,457,458,101.63,27.64,72.35,5.37,3.57,-12.67,32,0,1.009,1.14,-813638.06,974464,23666.21
FLIGHT_0880,B777,176915,650,36090,36164,437,437,137.23,35.74,580.8,8.27,5.71,-14.44,33,0,1.025,0.65,-2554933.34,1190970,212360.09
FLIGHT_0881,A330,152647,677,33639,33413,428,429,115.09,35.37,603.84,7.95,5.33,-3.68,26,1,0.986,2.53,-562344.77,874614,212235.49
FLIGHT_0882,A330,132894,525,30305,30697,479,481,120.74,29.6,467.53,7.27,4.94,24.36,25,1,0.993,0.34,3236845.23,757625,172532.33
FLIGHT_0883,B777,131044,520,39592,39393,433,432,91.19,41.5,436.65,7.45,4.82,-10.02,34,0,1.031,2.04,-1313155.84,1346128,147437.76
FLIGHT_0884,A320,49279,216,32637,32160,414,413,104.5,34.94,144.52,4.56,3.17,1.4,29,0,1.041,2.58,68830.85,946473,41704.19
FLIGHT_0885,A330,161140,425,39525,39746,475,474,50.37,38.93,351.46,8.06,5.32,-11.82,23,1,1.066,2.69,-1904515.8,909075,138816.31
FLIGHT_0886,B737,55931,188,35869,35419,416,417,122.21,36.09,113.09,4.76,3.3,0.34,29,0,1.011,0.71,19252.49,1040201,35363.18
FLIGHT_0887,B777,122722,576,38390,38260,462,460,83.28,38.34,498.54,6.71,4.56,5.12,27,0,1.052,1.49,628309.94,1036530,169353.75
FLIGHT_0888,B737,55791,172,31013,30855,479,479,57.22,31.96,111.73,5.14,3.31,-9.95,25,0,1.018,1.03,-555380.59,775325,31964.3
FLIGHT_0889,A330,146528,637,32777,32803,451,450,136.4,30.34,579.52,8.26,5.21,1.35,26,0,1.068,1.58,197571.11,852202,216335.45
FLIGHT_0890,A330,145147,547,38516,38416,456,457,140.27,36.07,472.0,7.69,5.03,-17.64,25,0,1.049,2.9,-2560426.72,962900,159400.63
FLIGHT_0891,A320,52192,147,36007,35972,432,433,48.64,33.73,80.21,4.53,3.23,-17.93,31,0,1.011,0.65,-935818.13,1116217,23087.18
FLIGHT_0892,A330,137837,621,37867,38249,432,432,44.39,36.8,549.5,7.26,5.0,-8.76,34,0,0.985,1.77,-1207142.53,1287478,175712.57
FLIGHT_0893,B737,61551,134,40748,40929,465,466,140.09,39.75,52.7,5.12,3.45,23.16,32,1,1.02,1.14,1425748.86,1303936,30892.78
FLIGHT_0894,B737,55759,188,34832,35056,452,451,22.67,36.28,115.4,5.33,3.34,8.7,30,0,0.994,1.53,484832.17,1044960,39496.16
FLIGHT_0895,A330,129722,397,31377,31382,418,419,21.59,29.86,338.86,7.13,4.66,-5.48,25,0,1.041,2.53,-710236.35,784425,113660.68
FLIGHT_0896,A330,150685,308,36901,36846,474,475,38.23,35.36,239.86,7.76,5.37,-16.34,24,1,1.001,2.18,-2462612.93,885624,91200.28
FLIGHT_0897,A330,125919,627,33548,33217,435,434,148.14,34.41,558.62,6.89,4.92,-3.29,26,1,1.07,2.34,-414347.32,872248,195546.23
FLIGHT_0898,B737,47660,103,40764,40552,435,435,56.91,39.45,26.4,4.6,3.1,-0.77,34,1,1.009,1.77,-36537.15,1385976,18402.1
FLIGHT_0899,B737,63914,179,39535,39812,438,437,72.27,40.56,96.34,5.03,3.39,18.03,24,0,1.008,2.01,1152446.19,948840,39536.73
FLIGHT_0900,B737,50879,150,39148,39529,457,456,48.25,39.14,73.32,5.08,3.38,17.04,24,1,1.053,1.86,867122.81,939552,35404.25
FLIGHT_0901,A330,148416,446,36634,36962,473,473,147.38,35.09,375.35,8.3,5.41,13.24,34,0,1.002,2.55,1964563.58,1245556,155092.81
FLIGHT_0902,B737,63779,96,36687,36329,433,434,26.25,37.39,17.79,5.53,3.56,-17.47,28,0,1.051,2.35,-1113922.14,1027236,16919.43
FLIGHT_0903,A320,51386,64,34676,34967,407,408,67.3,32.12,3.77,4.9,3.21,13.32,22,0,1.059,0.19,684388.16,762872,13321.49
FLIGHT_0904,B777,131007,305,37610,37463,430,431,108.59,38.53,228.48,6.83,4.58,13.39,28,0,1.031,2.04,1754498.56,1053080,91663.41
FLIGHT_0905,B737,61512,185,34839,35127,417,416,101.0,36.28,110.37,4.85,3.41,13.52,29,1,0.982,1.2,831690.79,1010331,39141.64
FLIGHT_0906,B777,177361,344,35686,35258,464,462,105.24,36.89,270.12,8.84,5.75,1.41,32,1,1.036,0.37,249652.22,1141952,121551.29
FLIGHT_0907,A320,64701,102,35254,35395,468,467,104.36,34.76,30.09,5.07,3.41,-13.34,22,1,1.017,0.93,-863320.0,775588,17031.85
FLIGHT_0908,A320,60599,174,34588,34186,419,418,117.75,36.72,99.67,4.93,3.42,-9.91,32,0,0.991,1.37,-600627.23,1106816,30946.57
FLIGHT_0909,B737,49070,62,39663,39340,474,473,78.62,40.0,0.0,4.74,3.17,12.5,33,1,1.015,0.88,613501.02,1308879,15199.39
FLIGHT_0910,B777,146779,527,39130,39276,432,433,103.38,39.53,444.65,7.86,5.22,-1.99,23,1,1.04,2.9,-292367.45,899990,171790.02
FLIGHT_0911,B777,140498,424,39823,39924,416,415,83.7,39.75,345.89,7.99,5.05,-0.53,27,0,1.017,0.84,-73771.2,1075221,129577.93
FLIGHT_0912,A330,172116,520,33854,33943,414,413,131.2,36.25,446.55,8.29,5.53,18.4,25,0,1.067,2.34,3166606.07,846350,200189.49
FLIGHT_0913,A320,46762,215,32827,32866,473,473,126.11,34.7,146.33,4.76,3.16,16.58,27,0,1.004,1.36,775557.39,886329,45185.47
FLIGHT_0914,A330,178286,530,36252,36674,406,405,43.08,36.81,455.29,9.08,5.84,-11.74,22,1,0.985,2.43,-2093344.84,797544,175777.3
FLIGHT_0915,B777,161319,472,33432,33923,413,415,79.68,34.14,406.96,8.57,5.53,-10.66,29,0,1.019,0.82,-1719592.92,969528,151562.85
FLIGHT_0916,A330,146079,351,37211,37603,413,413,104.36,40.11,275.3,7.59,5.33,8.41,22,0,1.067,2.85,1228614.63,818642,124388.77
FLIGHT_0917,B737,49941,153,34810,34836,477,479,91.75,36.49,79.59,4.95,3.24,-17.72,28,0,1.042,1.43,-885029.22,974680,25327.6
FLIGHT_0918,A330,176393,371,36422,35982,406,404,31.04,38.51,291.39,8.83,5.85,10.43,26,0,1.047,0.41,1839352.39,946972,139331.19
FLIGHT_0919,A320,58305,190,40475,40199,429,428,53.11,42.16,107.95,4.81,3.34,19.87,29,0,1.066,2.77,1158649.67,1173775,45128.07
FLIGHT_0920,A320,60553,128,30721,30342,410,410,108.95,33.32,61.6,5.56,3.55,12.94,34,1,1.039,2.59,783336.66,1044514,30989.83
FLIGHT_0921,B777,135299,345,33006,32514,429,429,60.04,30.48,284.53,7.79,4.87,-13.56,32,0,0.992,1.69,-1835077.72,1056192,93488.01
FLIGHT_0922,B777,176280,671,37175,37117,441,442,51.68,34.54,600.91,8.4,5.84,-12.54,32,0,1.069,1.94,-2209771.1,1189600,238421.41
FLIGHT_0923,A330,132951,532,32921,32797,443,443,129.95,33.09,465.1,6.9,4.87,15.91,25,1,1.043,1.92,2115461.0,823025,175622.04
FLIGHT_0924,A320,59273,224,35183,35636,418,417,125.21,33.54,156.24,5.34,3.44,-12.3,26,0,1.069,0.82,-729338.69,914758,43980.72
FLIGHT_0925,A320,50512,173,40657,40629,432,433,143.56,38.72,96.38,4.67,3.26,19.55,28,0,1.066,1.66,987492.28,1138396,39702.33
FLIGHT_0926,A330,144330,366,36423,36809,458,458,44.49,36.15,291.28,8.08,5.18,14.81,34,1,1.058,1.91,2137711.88,1238382,128791.38
FLIGHT_0927,A330,152962,712,33496,33269,410,411,144.35,34.06,646.75,8.32,5.32,0.5,24,0,1.062,0.97,75990.27,803904,243175.95
FLIGHT_0928,A320,50881,62,30194,30246,459,461,149.97,31.83,0.0,5.21,3.33,-1.49,26,0,1.036,2.84,-75679.44,785044,12319.12
FLIGHT_0929,B777,150259,464,33323,33182,414,414,83.76,31.96,399.5,7.44,5.2,-10.52,22,0,1.067,2.52,-1581215.47,733106,147092.11
FLIGHT_0930,B737,56341,135,39401,39175,456,455,69.46,37.36,64.06,5.05,3.25,-8.43,27,0,1.053,1.85,-475072.6,1063827,25611.76
FLIGHT_0931,B737,47723,103,31845,31719,458,457,107.65,29.71,44.68,4.57,3.13,25.3,27,1,1.01,2.54,1207523.23,859815,22610.84
FLIGHT_0932,A330,171294,679,38664,38481,450,452,23.18,40.07,602.76,8.1,5.53,9.61,27,1,1.035,0.04,1646529.41,1043928,240192.43
FLIGHT_0933,B777,136763,548,40868,41278,429,428,36.15,43.15,458.19,7.45,4.97,10.59,32,0,1.009,1.8,1447656.44,1307776,172482.31
FLIGHT_0934,B737,64065,109,30744,30935,413,414,97.94,28.2,54.63,4.86,3.42,19.2,28,0,1.059,2.18,1230333.92,860832,25958.84
FLIGHT_0935,A330,122258,653,34459,34153,462,461,50.36,32.97,584.18,6.51,4.62,29.08,29,0,1.003,2.6,3555767.03,999311,211586.2
FLIGHT_0936,A330,165394,544,35114,35119,444,444,45.75,34.74,474.64,8.35,5.53,-15.45,32,0,1.023,1.05,-2554926.02,1123648,170572.77
FLIGHT_0937,A330,153340,591,31239,30779,403,403,96.23,30.66,527.79,8.51,5.34,-17.12,24,0,0.996,1.99,-2625689.38,749736,175443.65
FLIGHT_0938,B737,63468,170,35952,35763,403,402,113.36,33.69,100.88,5.21,3.48,17.49,30,0,0.986,1.59,1110004.79,1078560,37884.66
FLIGHT_0939,A330,138874,583,39754,39991,463,462,58.24,39.71,504.97,6.81,4.84,-2.68,29,1,1.012,1.43,-371741.92,1152866,168163.28
FLIGHT_0940,B737,48372,93,40130,39739,466,467,119.6,40.06,17.32,4.81,3.25,-14.86,28,1,1.035,0.62,-718803.44,1123640,15551.84
FLIGHT_0941,A330,121008,686,33380,33766,407,405,142.6,35.8,618.16,7.15,4.52,12.78,32,0,0.988,2.97,1546467.07,1068160,201379.92
FLIGHT_0942,B737,56919,237,40138,39667,442,440,99.79,40.56,156.5,5.08,3.44,-8.47,33,0,0.981,1.23,-482136.09,1324554,43743.72
FLIGHT_0943,B777,150807,532,31192,31615,435,436,53.81,31.07,470.74,8.04,5.3,11.02,33,0,1.019,2.84,1661893.79,1029336,183936.12
FLIGHT_0944,B777,121488,398,40541,40898,433,434,130.65,40.56,319.64,6.93,4.68,-1.58,34,1,1.033,2.17,-192497.33,1378394,114886.46
FLIGHT_0945,B777,158644,701,31711,31494,449,451,112.75,31.88,635.58,8.0,5.27,-9.64,24,1,0.981,1.45,-1530092.91,761064,208424.73
FLIGHT_0946,A320,58803,74,38467,38523,468,469,96.52,38.9,0.0,5.04,3.4,-16.19,31,0,0.984,2.7,-951950.82,1192477,12237.91
FLIGHT_0947,A330,136887,380,31987,31987,460,459,56.06,31.73,319.17,7.5,4.89,8.28,22,0,0.993,0.93,1133161.45,703714,115172.83
FLIGHT_0948,A330,165423,422,36820,36830,418,416,86.77,34.46,354.51,7.86,5.52,29.61,28,1,1.052,2.53,4898634.58,1030960,166687.1
FLIGHT_0949,A320,64607,75,32010,32082,433,432,139.95,29.81,17.82,5.5,3.55,15.52,23,0,1.029,1.96,1002717.54,736230,17499.0
FLIGHT_0950,A330,129859,542,33323,32904,458,458,37.73,33.72,473.16,7.06,4.95,26.33,33,1,0.996,0.37,3419104.56,1099659,179705.91
FLIGHT_0951,A320,57278,117,38231,38189,421,422,128.58,37.89,42.56,4.66,3.28,-8.54,34,0,1.008,0.98,-488995.32,1299854,19634.14
FLIGHT_0952,A320,64760,123,35169,35087,437,439,42.88,33.52,59.64,4.94,3.45,8.4,27,0,1.014,1.97,544205.6,949563,25989.87
FLIGHT_0953,A330,127691,606,32753,32606,426,428,50.57,35.6,532.24,7.01,4.84,-3.77,33,1,0.997,0.78,-481828.93,1080849,169490.56
FLIGHT_0954,A330,169391,356,31178,30892,465,463,118.68,33.59,292.12,7.91,5.62,18.63,31,1,1.051,2.18,3155867.59,966518,136876.39
FLIGHT_0955,B777,155189,425,37762,38055,477,477,140.59,40.63,340.76,7.74,5.14,-2.27,34,0,0.992,1.2,-352456.76,1283908,125781.9
FLIGHT_0956,B777,166541,440,32297,32036,425,425,131.3,29.98,377.39,8.27,5.55,-18.96,29,0,1.037,0.79,-3157141.66,936613,136710.14
FLIGHT_0957,B777,162219,582,39575,39677,456,454,109.46,39.35,506.7,7.36,5.21,13.48,28,0,1.041,2.28,2186609.71,1108100,202415.36
FLIGHT_0958,B777,135817,303,31814,32307,448,446,116.52,31.28,240.34,7.12,4.91,-19.58,25,0,1.026,1.5,-2658984.2,795350,81077.04
FLIGHT_0959,A320,53989,225,39430,39431,472,473,86.35,38.3,147.96,5.16,3.35,9.88,25,0,1.054,1.11,533623.83,985750,50280.93
FLIGHT_0960,A320,47443,225,39345,39444,460,459,60.27,38.65,148.46,4.6,3.22,27.5,33,0,1.008,0.56,1304538.39,1298385,51342.1
FLIGHT_0961,B777,165023,420,40716,40909,466,465,28.77,39.18,339.0,8.22,5.65,22.77,32,1,1.003,2.06,3757958.27,1302912,155943.01
FLIGHT_0962,B777,167579,611,35610,35208,462,462,64.12,38.53,533.57,8.67,5.54,-2.89,31,1,1.059,2.89,-483540.65,1103910,216956.79
FLIGHT_0963,A320,45728,156,31555,31924,471,471,126.66,32.13,89.45,4.49,3.11,-13.85,23,1,1.026,0.98,-633216.39,725765,24893.06
FLIGHT_0964,A330,158241,312,40136,39762,458,457,50.36,41.19,232.3,7.88,5.29,21.64,26,1,1.022,2.49,3423937.9,1043536,111259.08
FLIGHT_0965,B737,52096,85,35116,34959,466,464,138.21,37.7,8.96,4.71,3.14,14.14,26,1,0.999,1.46,736539.42,913016,16232.51
FLIGHT_0966,B777,124645,715,38138,38460,453,451,51.91,37.4,643.23,6.88,4.77,9.54,22,1,1.005,2.25,1189518.91,839036,217863.68
FLIGHT_0967,A320,63405,199,40153,39893,438,439,74.28,42.09,117.44,4.89,3.43,16.49,22,1,1.016,2.88,1045785.52,883366,45586.08
FLIGHT_0968,B737,45194,65,37669,37823,452,451,75.94,34.71,0.0,4.9,3.1,7.0,29,0,1.064,1.14,316413.85,1092401,12978.35
FLIGHT_0969,B737,59336,134,33672,33785,440,442,146.06,35.93,62.64,4.98,3.41,18.94,33,0,1.005,2.59,1123893.43,1111176,30288.53
FLIGHT_0970,B777,159184,312,32764,32722,417,418,102.62,30.95,253.2,8.29,5.52,-13.85,28,0,1.045,2.53,-2204755.48,917392,102406.52
FLIGHT_0971,B737,52622,212,35828,35701,402,402,124.91,36.69,138.83,4.98,3.23,-6.86,27,0,1.012,1.42,-361244.66,967356,38532.51
FLIGHT_0972,B737,63974,231,40390,40864,436,435,45.54,41.61,145.74,5.18,3.49,0.81,33,1,1.046,0.56,51923.95,1332870,49035.8
FLIGHT_0973,B777,140419,365,36311,36737,434,434,55.46,36.82,288.94,8.0,5.12,-14.37,25,1,1.007,1.23,-2018249.17,907775,104114.53
FLIGHT_0974,B737,63639,67,36549,36184,460,461,139.08,34.22,1.34,4.86,3.42,-11.51,23,1,1.05,1.82,-732456.91,840627,11640.97
FLIGHT_0975,B777,133134,343,36221,36495,409,410,62.62,38.56,264.99,7.43,4.99,-17.72,34,0,0.986,2.3,-2359601.62,1231514,91926.89
FLIGHT_0976,B777,132870,551,30767,30661,407,407,121.8,28.63,491.73,7.12,4.93,-13.9,33,0,1.033,0.18,-1846934.38,1015311,153424.43
FLIGHT_0977,B777,146285,504,36900,36421,400,398,135.1,38.89,430.62,7.38,5.24,24.35,25,1,1.001,2.52,3562222.74,922500,177831.71
FLIGHT_0978,B737,62406,202,32727,32684,425,424,78.19,31.05,142.48,4.93,3.48,-6.95,22,1,1.007,1.86,-433696.43,719994,39675.99
FLIGHT_0979,B777,142208,574,36663,36307,430,429,81.04,33.92,506.01,7.61,4.85,27.26,28,1,0.988,2.75,3876134.53,1026564,191562.86
FLIGHT_0980,B777,143628,397,36917,36965,403,402,75.48,39.85,318.29,7.19,5.12,8.48,31,1,1.012,2.17,1218012.75,1144427,127351.78
FLIGHT_0981,A320,54388,101,37581,37452,432,434,86.13,35.0,29.73,5.24,3.32,-1.23,23,1,1.062,2.03,-66904.68,864363,20398.2
FLIGHT_0982,A330,162850,332,31743,32178,473,474,140.76,30.83,267.76,7.91,5.55,22.89,27,1,1.013,0.31,3727157.52,857061,120007.75
FLIGHT_0983,A330,179373,304,38164,38047,428,426,35.39,37.5,231.09,9.0,5.85,23.18,23,1,1.058,1.36,4157834.26,877772,124059.17
FLIGHT_0984,B777,130284,348,30355,30199,401,401,137.71,31.58,284.37,7.77,4.87,-11.62,23,1,1.039,2.21,-1514501.43,698165,100290.38
FLIGHT_0985,A320,56094,222,40519,40375,476,477,93.88,42.32,134.87,5.25,3.28,16.33,26,0,0.996,0.65,916192.18,1053494,47871.79
FLIGHT_0986,B777,151045,319,39424,39042,468,467,104.59,40.4,239.02,7.49,5.33,-18.63,33,0,1.032,0.28,-2813344.7,1300992,92180.49
FLIGHT_0987,B737,58973,235,36529,36831,459,458,42.46,33.75,165.72,5.01,3.38,0.96,33,1,0.991,1.15,56812.21,1205457,46588.93
FLIGHT_0988,A330,147248,560,34851,35057,409,410,25.35,34.75,490.3,7.4,5.16,24.07,22,1,1.038,0.24,3544975.4,766722,198392.2
FLIGHT_0989,A330,155584,553,39519,39578,449,448,24.65,40.97,469.9,8.27,5.31,-3.1,22,1,0.988,1.03,-482699.51,869418,171168.6
FLIGHT_0990,A320,45061,227,33246,33296,464,466,113.4,34.86,154.85,4.87,3.12,4.4,22,1,1.027,2.23,198111.64,731412,44709.73
FLIGHT_0991,A320,49577,107,37488,37032,435,436,117.82,38.85,33.36,4.63,3.16,27.38,23,1,1.05,0.02,1357661.51,862224,24577.83
FLIGHT_0992,A320,49889,146,38319,38735,477,477,110.87,35.97,77.58,4.77,3.12,19.31,22,1,1.06,2.13,963197.72,843018,33581.33
FLIGHT_0993,A330,153368,685,39045,39279,433,431,139.59,40.35,604.98,7.95,5.1,0.37,22,1,0.982,0.5,56080.84,858990,205539.97
FLIGHT_0994,A320,50878,168,40086,40244,420,419,65.59,41.07,82.08,5.37,3.41,-17.2,27,0,1.029,0.48,-875193.78,1082322,29343.38
FLIGHT_0995,B737,60533,132,38984,38652,401,401,59.41,38.36,53.48,4.86,3.34,26.67,28,0,0.98,1.34,1614451.85,1091552,28689.71
FLIGHT_0996,B737,56064,182,34772,34866,423,425,20.84,34.97,111.81,5.06,3.22,-0.81,22,1,1.044,0.62,-45419.62,764984,35634.99
FLIGHT_0997,B777,170930,363,34898,34725,450,449,44.3,32.96,299.7,8.19,5.7,2.84,34,0,0.989,1.2,484885.26,1186532,122918.91
FLIGHT_0998,A320,59586,162,33598,33555,410,411,47.81,32.78,94.46,4.98,3.49,-10.98,23,0,1.053,2.02,-654134.79,772754,30749.54
FLIGHT_0999,A330,131590,347,30761,30640,455,454,83.14,31.05,285.53,7.03,4.93,-14.28,22,0,0.988,0.41,-1879496.56,676742,92057.95
FLIGHT_1000,B737,46369,202,37430,37524,465,465,71.9,39.47,126.9,4.84,3.21,-16.45,27,0,0.992,2.03,-762990.52,1010610,32887.33
FLIGHT_1001,A330,143725,536,33462,33608,479,480,100.09,33.8,467.02,7.19,5.03,-8.61,33,0,1.04,1.58,-1237740.05,1104246,160240.52
FLIGHT_1002,A330,139834,533,33721,34212,457,457,89.48,32.82,467.1,7.19,4.92,8.34,28,0,0.997,1.87,1166747.25,944188,163721.19
FLIGHT_1003,A320,49075,90,30392,29949,416,414,126.12,27.89,36.75,4.72,3.24,10.2,22,1,1.003,0.18,500761.81,668624,18154.93
FLIGHT_1004,A330,164258,322,33451,33001,439,441,61.89,32.63,255.73,8.66,5.49,18.79,30,0,1.042,1.02,3087194.35,1003530,118931.38
FLIGHT_1005,A320,51283,167,32316,32519,405,405,53.94,32.12,105.12,4.86,3.18,-6.5,23,1,1.052,2.89,-333593.36,743268,31793.31
FLIGHT_1006,B737,57414,119,39176,39522,457,459,27.01,40.13,36.92,4.75,3.32,2.84,32,0,1.008,1.88,163063.09,1253632,22117.02
FLIGHT_1007,A330,171656,686,32023,31607,461,461,100.83,34.95,616.48,8.36,5.69,26.48,32,0,1.019,1.71,4545576.0,1024736,266746.64
FLIGHT_1008,A320,56722,227,36675,36420,431,431,94.36,39.64,150.58,5.19,3.46,19.41,31,1,1.009,2.73,1100745.19,1136925,53931.45
FLIGHT_1009,B737,47960,182,38530,39029,465,463,71.73,37.62,106.65,4.53,3.06,25.7,27,1,1.008,2.74,1232576.46,1040310,39683.17
FLIGHT_1010,A320,54341,160,39311,39591,436,434,60.85,38.53,86.43,5.0,3.45,-0.03,23,1,0.993,0.04,-1708.34,904153,31491.02
FLIGHT_1011,A320,46292,166,36323,36496,452,452,64.42,33.35,98.37,5.06,3.32,-6.28,29,1,0.987,2.03,-290612.95,1053367,30094.41
FLIGHT_1012,B777,121660,710,35076,35174,467,467,71.59,36.0,636.77,6.78,4.73,20.56,34,0,1.001,0.81,2500864.26,1192584,222019.63
FLIGHT_1013,A320,56803,169,30899,31168,400,398,54.8,31.42,107.71,5.2,3.32,11.62,32,1,1.012,2.09,659997.73,988768,37170.85
FLIGHT_1014,B777,178212,502,33580,33900,428,426,95.83,34.06,431.42,8.94,5.69,28.23,26,0,0.997,2.32,5031529.03,873080,193604.39
FLIGHT_1015,A320,57297,65,40638,41096,471,470,139.65,38.28,0.0,5.28,3.33,18.21,31,1,0.991,0.49,1043252.89,1259778,16124.51
FLIGHT_1016,B777,161394,707,34029,33737,468,469,71.68,33.07,643.97,8.06,5.29,16.7,24,0,1.011,1.89,2694663.73,816696,248044.66
FLIGHT_1017,A330,170163,339,37983,38479,473,474,72.61,40.72,258.7,8.61,5.74,21.58,23,1,0.987,1.65,3671326.36,873609,125445.73
FLIGHT_1018,B737,51556,82,33395,32967,473,475,83.25,33.18,15.47,5.3,3.36,23.28,33,0,1.026,0.13,1200199.9,1102035,18993.42
FLIGHT_1019,B737,51574,95,30481,30938,408,409,85.93,31.44,32.62,4.49,3.15,8.12,34,0,1.042,0.03,418872.71,1036354,18065.28
FLIGHT_1020,B777,135160,568,34242,34530,475,475,47.18,35.81,496.12,7.49,4.93,-1.34,26,0,1.027,0.63,-180939.77,890292,170030.29
FLIGHT_1021,B777,161820,677,30996,31321,436,434,46.3,33.87,608.67,7.86,5.36,7.97,33,1,1.067,1.23,1289730.06,1022868,240472.82
FLIGHT_1022,B777,155788,512,35120,35311,453,451,122.08,36.84,436.87,8.48,5.44,-11.98,31,1,0.994,1.47,-1865987.5,1088720,156794.63
FLIGHT_1023,B737,47001,191,30483,30276,439,440,68.1,32.66,125.95,4.66,3.09,-8.38,28,1,0.982,0.01,-393867.69,853524,31495.24
FLIGHT_1024,B737,51537,167,39134,39053,415,416,149.55,41.07,88.11,4.61,3.21,-9.4,33,0,0.996,2.03,-484337.14,1291422,28203.03
FLIGHT_1025,B737,50679,116,38135,38472,415,415,52.07,35.53,45.15,4.94,3.18,-2.94,30,1,1.054,0.58,-148864.44,1144050,21778.94
FLIGHT_1026,A330,124540,355,32726,32582,426,424,133.34,33.98,288.45,7.34,4.84,2.46,28,1,1.06,1.19,306912.31,916328,109873.45
FLIGHT_1027,B737,47104,150,37165,37057,439,440,101.44,39.07,75.66,4.45,3.15,25.33,24,1,1.027,2.35,1193314.06,891960,34147.13
FLIGHT_1028,A330,147961,507,40405,40416,428,426,57.63,38.04,428.61,7.65,5.08,6.57,24,0,1.005,0.06,971496.11,969720,156487.38
FLIGHT_1029,A320,47499,210,37528,37644,432,434,87.5,38.21,134.57,4.78,3.12,4.97,29,1,0.981,2.72,236061.44,1088312,40178.39
FLIGHT_1030,B777,121399,693,33297,33189,455,456,128.26,34.34,622.35,6.9,4.75,7.06,26,1,0.986,1.47,856859.93,865722,201921.03
FLIGHT_1031,B777,157655,498,37384,37461,404,405,27.4,36.61,427.18,7.89,5.3,15.84,23,1,1.018,0.0,2496820.98,859832,170453.42
FLIGHT_1032,A330,153035,436,32341,32665,403,402,20.16,32.0,374.14,7.64,5.16,29.1,31,0,1.006,1.92,4453505.69,1002571,155015.82
FLIGHT_1033,A330,179722,482,40592,40479,478,477,54.86,40.82,402.91,9.12,5.92,-17.42,30,0,1.065,0.74,-3130457.98,1217760,167139.8
FLIGHT_1034,B737,52920,179,34172,33809,432,432,142.0,34.73,110.05,5.03,3.18,-9.48,27,0,1.051,1.69,-501757.84,922644,32559.63
FLIGHT_1035,B737,61341,183,33056,33364,474,472,76.03,35.83,110.48,5.06,3.53,-13.08,33,0,1.028,2.38,-802156.6,1090848,34154.1
FLIGHT_1036,B737,56477,226,34163,34114,443,442,91.1,31.82,162.11,4.81,3.34,14.18,27,0,1.041,1.86,800826.21,922401,51028.77
FLIGHT_1037,A330,137213,441,39331,38883,467,469,52.51,41.66,360.88,7.91,5.01,8.88,25,0,1.01,0.99,1218528.73,983275,139717.36
FLIGHT_1038,A330,170636,464,32570,32706,476,478,129.07,32.91,396.07,7.82,5.51,-18.07,25,1,1.042,0.01,-3083173.23,814250,142736.29
FLIGHT_1039,B737,53229,158,31875,32106,417,415,97.41,30.15,101.1,4.84,3.16,-10.0,30,1,1.034,2.17,-532530.1,956250,28526.0
FLIGHT_1040,A320,52659,66,34925,34431,455,455,76.27,33.65,0.0,4.81,3.03,19.56,34,0,1.0,1.88,1029773.32,1187450,13488.78
FLIGHT_1041,A330,123802,452,39237,38852,449,450,139.28,40.62,374.55,6.54,4.63,5.97,33,0,1.032,1.77,738504.75,1294821,133295.25
FLIGHT_1042,A330,137071,425,36227,36535,466,467,84.72,36.77,349.82,7.11,4.98,-19.3,33,0,1.06,2.24,-2644871.8,1195491,120646.02
FLIGHT_1043,B737,55261,217,37972,38410,434,436,57.02,36.87,145.76,5.2,3.31,10.74,29,1,1.029,2.4,593784.34,1101188,48505.53
FLIGHT_1044,B737,53763,133,37850,38038,442,442,50.35,38.71,57.38,5.02,3.35,24.09,27,1,1.006,2.49,1294964.85,1021950,30883.0
FLIGHT_1045,B737,50041,232,36981,37393,408,410,73.92,34.67,166.23,4.84,3.16,-12.69,34,0,0.99,1.45,-635144.11,1257354,38634.85
FLIGHT_1046,B737,50090,175,33577,33247,437,438,48.08,33.13,111.43,4.72,3.07,-19.7,31,0,0.989,1.47,-986555.83,1040887,26160.58
FLIGHT_1047,A320,59049,201,39665,39580,432,431,32.48,40.54,123.04,4.76,3.4,-9.66,28,1,1.068,0.92,-570645.75,1110620,39079.79
FLIGHT_1048,A320,57736,169,40869,40829,455,457,149.07,38.85,88.05,4.61,3.24,23.22,22,0,1.026,1.18,1340837.86,899118,36775.16
FLIGHT_1049,A330,164236,320,33246,33300,427,429,102.81,32.16,257.8,8.22,5.51,29.8,26,0,1.07,1.16,4893438.8,864396,127332.98
FLIGHT_1050,A330,174068,396,35026,35392,415,416,117.44,33.56,326.67,8.35,5.68,-0.77,25,1,1.049,0.14,-134523.12,875650,137965.08
FLIGHT_1051,A320,62111,130,39467,39925,470,468,61.54,40.44,52.62,5.01,3.47,-19.17,28,0,1.038,2.67,-1190704.64,1105076,23285.55
FLIGHT_1052,B737,49884,62,37663,38132,426,424,24.46,35.76,0.0,4.56,3.16,11.69,22,1,1.046,0.66,583189.59,828586,13412.18
FLIGHT_1053,A320,58488,171,38813,39013,453,451,86.0,40.36,91.93,5.23,3.4,26.01,28,1,1.024,1.22,1521242.69,1086764,41735.91
FLIGHT_1054,A330,159488,619,37474,37380,439,440,147.36,35.66,550.97,7.9,5.37,4.67,30,0,0.991,1.96,745569.84,1124220,203933.38
FLIGHT_1055,A330,150666,653,30194,29812,400,400,143.98,28.43,598.69,8.31,5.32,25.42,29,1,1.006,0.43,3830531.06,875626,234990.53
FLIGHT_1056,B777,141615,326,40394,40472,460,458,138.3,38.36,250.22,7.58,4.97,-5.07,23,1,1.034,1.05,-717941.81,929062,97181.24
FLIGHT_1057,A330,126162,719,37124,36919,418,420,101.36,35.04,645.77,7.17,4.68,-15.35,24,0,1.014,1.33,-1937152.79,890976,188203.84
FLIGHT_1058,A330,120073,515,31347,31301,444,444,27.83,30.04,454.77,6.98,4.51,22.02,29,0,1.007,2.27,2644593.32,909063,158783.9
FLIGHT_1059,A330,133193,462,32818,32807,407,407,77.78,31.85,401.15,6.81,4.81,-7.02,32,0,1.005,2.79,-935596.24,1050176,130547.26
FLIGHT_1060,A320,49084,176,36580,36589,436,434,116.63,34.32,105.03,4.86,3.07,4.56,23,0,1.045,0.9,223896.96,841340,33921.82
FLIGHT_1061,A330,142982,582,40501,40109,423,423,139.66,41.12,497.39,7.45,5.03,-14.24,23,1,1.048,0.99,-2036415.48,931523,168855.95
FLIGHT_1062,A320,53102,81,35641,35193,403,403,133.5,34.92,8.67,4.93,3.4,29.75,34,0,1.025,2.24,1579979.96,1211794,18022.0
FLIGHT_1063,A330,145405,432,35730,35979,427,426,79.66,36.54,361.23,8.14,5.18,-12.54,23,0,1.058,0.94,-1823073.62,821790,133186.54
FLIGHT_1064,A330,135813,713,37422,37801,469,470,61.17,38.85,637.39,7.69,4.84,-16.54,29,1,1.052,2.32,-2246954.92,1085238,203667.88
FLIGHT_1065,B737,62741,201,39466,39566,460,460,140.94,40.66,122.64,5.22,3.48,24.07,34,0,1.048,0.7,1510318.3,1341844,50333.14
FLIGHT_1066,A320,50521,129,39654,39162,404,402,118.06,38.85,53.13,4.86,3.17,3.38,33,1,1.038,2.63,170760.49,1308582,25716.78
FLIGHT_1067,A330,120960,628,39753,39705,462,460,118.05,41.51,548.27,6.73,4.66,-5.54,30,0,0.991,1.92,-670110.35,1192590,168837.46
FLIGHT_1068,A320,45692,205,39501,39315,460,459,57.38,38.85,125.75,4.61,3.14,24.8,34,0,0.995,0.12,1133034.09,1343034,43458.91
FLIGHT_1069,B737,62403,141,40007,40488,421,419,86.28,41.75,57.2,4.81,3.33,18.86,27,0,1.063,2.58,1177160.02,1080189,31763.56
FLIGHT_1070,A320,52556,90,31939,31663,456,457,126.06,34.11,19.48,5.19,3.28,4.43,22,0,0.998,1.0,232820.78,702658,17204.08
FLIGHT_1071,B737,61867,232,30952,31092,443,444,35.21,33.85,164.65,5.32,3.42,-17.48,26,0,1.016,1.75,-1081348.22,804752,41802.89
FLIGHT_1072,B737,53212,192,36260,36652,460,462,39.56,39.07,116.25,4.64,3.27,9.15,32,0,0.986,0.85,487123.25,1160320,37949.73
FLIGHT_1073,A330,148497,308,36829,37182,467,466,107.04,33.87,244.3,7.73,5.27,-10.45,27,1,1.033,2.97,-1551170.25,994383,96796.05
FLIGHT_1074,B737,60240,101,30080,30116,407,408,50.01,29.62,44.22,4.81,3.19,7.02,34,1,1.066,0.31,422705.62,1022720,21095.31
FLIGHT_1075,A320,45910,231,39494,39104,417,415,82.4,37.1,154.65,4.9,3.17,28.05,28,0,1.019,1.2,1287654.57,1105832,53087.19
FLIGHT_1076,A320,54441,76,38399,38240,401,402,77.53,35.77,2.0,4.77,3.22,29.33,23,1,1.063,1.08,1596564.93,883177,17528.65
FLIGHT_1077,B777,173727,421,37615,37927,442,441,116.59,35.14,348.35,8.5,5.6,-17.87,24,1,1.062,1.65,-3105030.23,902760,137265.52
FLIGHT_1078,A330,153435,481,32387,32188,464,464,91.32,32.0,414.43,7.98,5.37,7.16,27,1,0.991,0.43,1098245.62,874449,156874.87
FLIGHT_1079,B777,154691,684,38328,37914,406,406,138.09,38.32,605.41,8.46,5.34,-0.46,23,1,1.07,1.02,-71256.75,881544,233679.82
FLIGHT_1080,A320,52697,189,40418,40486,452,450,87.9,40.29,109.06,4.91,3.17,-11.5,26,1,0.984,0.62,-605964.03,1050868,31432.28
FLIGHT_1081,A330,120395,623,40041,40029,449,451,51.66,40.07,546.12,6.6,4.5,27.65,32,0,1.031,2.21,3328642.81,1281312,201372.41
FLIGHT_1082,B777,178601,637,39951,39889,455,456,32.63,40.6,552.59,8.35,5.75,-9.46,23,0,1.008,2.53,-1689068.28,918873,213007.3
FLIGHT_1083,A320,56547,76,37512,37482,408,408,52.63,38.16,0.0,4.99,3.36,15.38,28,0,1.012,1.06,869828.11,1050336,15641.9
FLIGHT_1084,B737,64793,213,30277,30237,465,466,76.02,31.88,149.1,5.14,3.39,-3.26,31,0,1.018,0.13,-211019.81,938587,41719.96
FLIGHT_1085,A320,58105,61,34033,34228,454,455,133.52,31.05,0.0,4.93,3.43,-18.91,33,0,0.987,1.62,-1098932.05,1123089,9556.34
FLIGHT_1086,A330,146435,303,39490,39536,446,448,45.05,42.11,215.33,7.77,5.14,-14.61,33,0,0.996,2.31,-2139244.41,1303170,84598.21
FLIGHT_1087,A320,49512,233,35571,35248,442,442,25.6,35.48,164.75,4.86,3.19,-8.39,31,1,1.012,1.15,-415587.22,1102701,41658.89
FLIGHT_1088,B737,54745,97,37983,37969,471,469,140.34,38.98,17.29,4.86,3.28,15.87,34,1,1.053,0.91,868857.52,1291422,20424.35
FLIGHT_1089,A320,52396,207,34477,34714,410,410,88.17,32.06,143.66,5.15,3.3,11.86,27,0,0.994,2.6,621241.42,930879,44347.32
FLIGHT_1090,B737,56604,114,32858,33147,431,430,67.12,32.31,50.04,5.22,3.38,26.56,22,1,1.057,1.93,1503539.86,722876,28916.59
FLIGHT_1091,B777,139937,689,31762,31667,429,430,95.67,29.29,628.4,7.13,4.91,-12.41,31,0,1.012,1.88,-1737156.82,984622,193112.02
FLIGHT_1092,A320,49536,231,30286,30210,452,451,147.9,32.55,169.08,4.79,3.34,11.74,25,1,1.038,0.06,581317.45,757150,50870.33
FLIGHT_1093,B737,53201,204,35835,36000,413,413,129.34,35.27,135.11,4.87,3.19,-19.15,29,1,1.022,1.28,-1018860.01,1039215,33515.78
FLIGHT_1094,B737,49152,97,38300,38157,427,426,137.13,35.6,25.98,4.67,3.02,14.12,29,1,1.001,0.9,694152.31,1110700,18719.7
FLIGHT_1095,A330,167197,312,37443,37878,462,461,46.17,38.13,234.05,7.71,5.32,-7.63,28,0,1.049,2.07,-1276384.46,1048404,98197.19
FLIGHT_1096,A330,166399,450,38448,38177,434,433,53.64,35.84,378.25,7.71,5.32,-0.27,25,0,0.984,1.64,-44647.15,961200,139881.51
FLIGHT_1097,B737,54366,136,38982,39017,433,433,101.65,38.87,56.92,5.29,3.39,12.12,32,1,0.982,0.38,658854.56,1247424,28444.98
FLIGHT_1098,B777,152275,543,33674,33825,463,462,120.52,32.67,479.97,7.55,5.3,19.25,25,1,1.023,0.23,2931676.03,841850,190188.27
FLIGHT_1099,A330,155406,587,34316,33940,457,457,118.26,31.65,525.5,8.27,5.26,17.23,25,0,1.046,1.41,2678106.36,857900,210820.41
FLIGHT_1100,A320,61444,202,34081,34159,431,431,61.0,33.5,136.01,5.23,3.3,8.45,32,1,1.04,1.7,519180.85,1090592,44334.73
FLIGHT_1101,B737,51438,179,39263,39547,467,467,129.43,37.07,108.18,5.01,3.2,28.53,32,1,0.996,0.43,1467639.75,1256416,41426.86
FLIGHT_1102,A320,58411,183,39116,39592,413,413,51.32,39.17,104.14,5.41,3.42,23.31,32,0,1.033,0.76,1361471.19,1251712,44094.52
FLIGHT_1103,B777,159633,707,30303,30088,409,408,49.75,30.51,643.65,7.78,5.44,-0.34,34,0,0.986,0.25,-53790.69,1030302,224402.78
FLIGHT_1104,A320,49787,111,38045,37796,433,433,31.84,38.4,31.68,4.6,3.18,20.66,23,1,1.056,2.45,1028482.66,875035,24247.47
FLIGHT_1105,A320,49178,226,40974,40657,409,408,79.16,42.64,145.2,4.59,3.21,11.06,24,1,1.026,2.91,543749.68,983376,48280.82
FLIGHT_1106,A320,45197,193,35275,35711,413,414,58.91,33.61,128.16,4.52,3.18,0.99,24,1,1.033,1.36,44866.3,846600,37110.6
FLIGHT_1107,B777,136296,636,31451,30973,409,411,41.27,34.03,568.42,7.66,4.85,14.95,23,0,1.05,2.13,2037169.47,723373,211691.17
FLIGHT_1108,A330,149079,687,34052,34320,457,455,40.04,33.29,623.51,7.75,5.21,2.33,32,0,1.069,0.25,347906.61,1089664,230686.8
FLIGHT_1109,B737,61647,226,37214,37579,408,410,81.47,40.02,146.37,4.91,3.44,-3.76,28,0,1.003,2.63,-232025.04,1041992,44417.3
FLIGHT_1110,B737,49911,89,31956,31916,407,406,54.79,32.94,25.24,4.75,3.22,13.95,32,0,1.047,1.86,696351.13,1022592,19089.88
FLIGHT_1111,A330,171728,353,38393,38440,447,447,80.5,39.73,275.88,8.75,5.63,23.81,34,1,1.063,2.16,4088031.32,1305362,141235.11
FLIGHT_1112,A330,128896,600,32094,32214,401,403,93.26,32.47,533.15,7.63,4.78,13.46,26,0,1.069,2.65,1734446.78,834444,200187.99
FLIGHT_1113,A320,46330,188,36844,36687,423,421,104.7,34.92,120.67,5.01,3.13,22.68,24,0,0.998,1.36,1050755.34,884256,41596.6
FLIGHT_1114,A320,53097,113,39569,39672,444,443,136.83,39.8,34.89,4.87,3.25,18.35,30,0,1.057,0.95,974115.29,1187070,25075.9
FLIGHT_1115,A320,53551,111,40040,40508,417,416,45.84,39.96,32.93,4.95,3.24,-7.33,30,0,1.049,2.8,-392364.99,1201200,20427.42
FLIGHT_1116,A320,62897,136,38410,38234,432,432,52.76,36.88,66.32,4.58,3.24,13.88,32,1,1.065,0.71,873302.73,1229120,29908.63
FLIGHT_1117,B777,143151,304,30511,30493,413,414,27.44,31.18,241.77,7.73,4.95,26.46,34,0,1.047,2.29,3787987.16,1037374,107631.36
FLIGHT_1118,A320,50569,239,30881,30533,454,456,81.08,32.71,175.42,4.7,3.33,-2.23,26,0,0.986,1.69,-112878.94,802906,45249.31
FLIGHT_1119,B737,63547,80,32150,32157,421,422,123.21,32.89,12.7,5.26,3.43,14.21,22,1,0.987,2.63,903021.22,707300,16611.89
FLIGHT_1120,B737,51126,143,36367,36766,461,460,76.77,38.88,67.93,5.26,3.33,8.41,34,1,1.007,2.64,430162.33,1236478,30425.44
FLIGHT_1121,A320,48839,196,30390,30646,408,407,132.29,32.69,128.43,4.81,3.27,6.85,31,0,1.048,1.88,334711.6,942090,41193.55
FLIGHT_1122,B777,140238,516,39257,39615,452,452,136.92,40.5,439.51,7.02,4.99,-18.23,25,1,1.013,1.51,-2556330.27,981425,141971.0
FLIGHT_1123,B737,48948,173,36775,36389,434,433,110.02,34.68,103.56,5.2,3.34,22.68,31,1,1.028,0.95,1110244.83,1140025,41167.56
FLIGHT_1124,A320,48204,70,36730,36300,451,450,64.52,37.28,0.0,5.15,3.35,-17.4,22,0,1.042,0.62,-838537.14,808060,12390.58
FLIGHT_1125,A320,64681,173,32356,32180,447,449,52.51,33.6,103.32,5.12,3.42,4.25,31,1,1.018,2.83,274945.95,1003036,35895.07
FLIGHT_1126,A320,60360,198,40551,40304,442,444,124.06,38.19,125.4,5.1,3.35,19.68,30,0,1.008,1.78,1187841.06,1216530,45642.38
FLIGHT_1127,B737,53608,166,38449,38876,427,428,29.88,37.62,93.81,5.2,3.43,-1.93,23,1,0.994,2.84,-103341.21,884327,33491.19
FLIGHT_1128,A320,63783,146,33829,33501,441,440,134.01,31.06,83.81,4.61,3.17,12.91,34,1,0.989,2.7,823668.78,1150186,29397.18
FLIGHT_1129,A320,47992,169,33214,33100,417,416,31.06,34.45,103.46,4.37,3.08,23.19,22,1,0.981,0.51,1112947.9,730708,35079.05
FLIGHT_1130,A320,60882,104,34516,34557,428,427,38.59,33.47,37.82,5.08,3.5,9.73,30,1,1.058,2.43,592423.65,1035480,23009.62
FLIGHT_1131,A320,57715,154,37618,37961,455,455,87.73,39.51,76.11,4.77,3.2,-16.75,34,0,1.051,1.65,-966544.72,1279012,25578.5
FLIGHT_1132,A320,51722,126,33815,34065,452,451,36.32,32.1,59.34,4.46,3.18,4.77,24,1,1.067,1.35,246955.51,811560,24276.15
FLIGHT_1133,B777,153699,414,38978,39302,452,451,99.01,40.77,331.56,7.86,5.36,6.54,30,0,1.068,0.15,1004724.34,1169340,142451.86
FLIGHT_1134,A330,125416,356,37070,37235,443,443,94.24,40.06,278.9,7.37,4.77,24.38,24,0,1.041,0.87,3057178.61,889680,118194.64
FLIGHT_1135,A330,152268,577,39279,39375,427,428,47.07,37.2,499.99,8.35,5.33,9.39,30,1,1.005,2.45,1429185.74,1178370,195283.69
FLIGHT_1136,A330,133771,678,31991,31909,439,439,82.61,31.82,616.67,7.3,4.84,-18.17,28,0,1.065,1.63,-2430247.87,895748,191096.98
FLIGHT_1137,A330,134346,458,30873,30584,458,459,53.2,33.61,393.68,7.59,4.79,0.38,31,1,1.015,2.61,51414.61,957063,136695.47
FLIGHT_1138,A320,58982,212,36121,35968,401,402,73.83,35.9,140.5,5.47,3.52,27.72,27,1,1.04,2.28,1635014.53,975267,55314.82
FLIGHT_1139,B777,132395,495,36493,36318,437,435,60.43,36.99,419.55,7.18,4.72,4.67,34,0,1.016,2.7,618673.16,1240762,146970.88
FLIGHT_1140,A320,58649,204,34102,33869,421,421,103.2,31.47,144.2,5.15,3.46,-1.51,24,1,1.004,1.26,-88271.88,818448,41634.68
FLIGHT_1141,A320,49436,68,33982,34058,462,463,148.57,32.63,4.73,5.14,3.34,16.74,34,0,0.986,1.64,827687.36,1155388,14074.59
FLIGHT_1142,A320,55282,147,31895,31476,409,411,75.76,34.41,77.06,4.71,3.28,4.61,30,0,1.008,0.12,254904.17,956850,28135.63
FLIGHT_1143,A320,54840,234,40847,40825,426,425,64.88,40.67,149.68,5.0,3.37,29.06,32,1,1.014,2.58,1593413.98,1307104,57605.06
FLIGHT_1144,B777,160221,461,33939,34137,460,459,104.74,34.94,392.74,8.5,5.33,25.69,23,1,1.028,2.45,4116628.22,780597,171866.52
FLIGHT_1145,B777,159155,610,39416,39842,447,449,78.24,41.23,527.95,7.65,5.25,-0.14,33,1,1.053,1.46,-22508.29,1300728,202062.04
FLIGHT_1146,B737,56301,200,39924,39451,413,412,139.32,41.06,120.45,5.15,3.27,7.15,33,1,0.983,0.91,402612.41,1317492,40317.0
FLIGHT_1147,B777,140360,405,36401,35937,453,454,21.73,37.32,331.36,7.33,5.04,11.03,22,0,1.041,1.63,1547852.0,800822,132999.68
FLIGHT_1148,A320,48983,139,38206,38394,403,401,70.82,37.56,63.35,4.9,3.28,-10.62,26,1,1.02,0.52,-520053.86,993356,24169.85
FLIGHT_1149,B777,154505,432,33722,33581,462,462,117.84,31.09,371.26,8.32,5.27,15.46,31,0,1.044,2.75,2389311.2,1045382,155578.04
FLIGHT_1150,B737,62563,60,30068,30051,471,472,108.95,29.47,3.06,5.74,3.71,-13.17,33,0,1.023,1.39,-823765.37,992244,11532.91
FLIGHT_1151,A320,54454,235,38166,38447,449,450,30.64,35.37,163.47,4.75,3.16,4.24,27,1,0.999,1.9,230952.42,1030482,45389.62
FLIGHT_1152,A320,47163,173,35979,35786,400,400,146.08,33.49,104.48,4.84,3.3,0.15,29,0,1.04,0.2,6923.73,1043391,33405.49
FLIGHT_1153,A330,165039,374,34880,35147,409,408,28.63,32.95,309.43,8.04,5.47,-8.87,26,0,1.009,1.69,-1463084.94,906880,118718.28
FLIGHT_1154,A330,148360,682,30509,30469,440,441,22.56,28.71,623.72,7.54,4.99,-5.03,23,1,1.015,2.34,-746756.95,701707,204655.46
FLIGHT_1155,A330,163580,562,33952,34437,461,461,109.86,36.55,489.56,7.95,5.46,-8.19,28,1,0.985,0.32,-1339034.75,950656,172581.74
FLIGHT_1156,B737,45554,194,40403,40226,447,445,111.11,39.51,113.83,4.59,3.14,8.17,25,1,1.021,0.4,372282.84,1010075,37778.42
FLIGHT_1157,A320,50941,99,33059,32749,407,407,58.92,32.49,33.66,5.13,3.31,7.9,31,1,1.061,2.23,402206.27,1024829,21564.91
FLIGHT_1158,A320,48813,140,33572,33644,425,426,136.66,35.68,69.34,4.38,3.02,-11.91,27,0,1.047,2.64,-581347.21,906444,22819.46
FLIGHT_1159,A320,55435,82,36133,36260,413,413,148.1,36.47,12.51,4.66,3.3,4.51,24,1,1.024,1.68,249910.5,867192,16020.07
FLIGHT_1160,B777,140491,430,39222,39182,461,462,32.48,37.42,353.3,7.55,5.06,9.87,26,1,1.012,1.02,1386808.57,1019772,136289.52
FLIGHT_1161,A320,59394,86,37520,37244,440,441,83.0,40.07,6.26,5.15,3.25,-1.31,25,0,0.987,2.65,-77932.29,938000,15993.82
FLIGHT_1162,A320,46663,114,33847,33502,414,412,89.36,31.75,50.76,4.47,3.05,-6.82,26,1,1.007,0.57,-318404.12,880022,18780.65
FLIGHT_1163,A320,59536,221,32564,32982,431,431,39.77,33.99,155.04,4.96,3.39,16.97,25,1,1.062,2.44,1010418.11,814100,53587.77
FLIGHT_1164,A320,50772,79,31460,31257,439,439,109.35,34.12,7.7,5.25,3.31,-15.79,32,1,1.06,2.38,-801563.86,1006720,13340.89
FLIGHT_1165,A320,49998,200,36470,36576,448,448,111.41,37.99,126.47,4.87,3.14,-3.31,25,1,0.996,0.44,-165267.94,911750,36175.86
FLIGHT_1166,B737,51542,84,33185,33135,449,450,126.71,31.68,22.07,5.36,3.35,0.23,32,0,1.069,0.27,11700.29,1061920,17534.63
FLIGHT_1167,A330,120542,353,31434,30948,402,401,125.69,30.8,291.82,7.19,4.61,26.02,22,1,1.013,0.57,3136722.67,691548,112479.62
FLIGHT_1168,A320,54858,153,35146,34693,443,442,36.1,35.25,81.97,5.01,3.42,-17.39,26,1,1.017,1.92,-953789.45,913796,26670.41
FLIGHT_1169,B737,59889,197,39871,39680,421,422,55.15,39.72,120.1,4.93,3.35,9.53,30,1,1.013,1.3,570961.45,1196130,41967.18
FLIGHT_1170,A330,156039,456,36811,37131,413,414,120.2,35.45,382.66,7.75,5.34,10.16,29,0,1.041,0.69,1585044.47,1067519,155982.94
FLIGHT_1171,B737,61082,125,35946,35771,405,404,59.7,36.52,54.63,4.98,3.23,5.36,32,0,0.997,1.63,327440.81,1150272,24287.3
FLIGHT_1172,B737,56001,180,30105,29614,421,419,122.62,28.99,120.32,5.51,3.49,6.84,25,0,1.044,2.06,383211.1,752625,41029.25
FLIGHT_1173,B777,165022,714,32906,33309,446,446,50.23,31.44,649.1,8.44,5.35,6.11,22,0,1.063,1.16,1008158.02,723932,251610.8
FLIGHT_1174,A330,167646,482,40722,41086,452,453,131.7,38.92,408.66,8.67,5.68,28.48,30,1,1.06,2.76,4774581.19,1221660,199075.64
FLIGHT_1175,A330,162944,504,36155,35657,458,460,24.18,33.34,440.62,7.68,5.31,-9.32,31,0,1.031,0.2,-1519143.68,1120805,155874.7
FLIGHT_1176,B777,128688,592,40426,40720,419,420,107.32,38.05,514.95,6.75,4.59,16.06,25,1,1.018,0.71,2066511.26,1010650,179018.08
FLIGHT_1177,B737,52577,188,39325,39433,401,402,83.35,38.09,114.52,4.83,3.26,-7.68,22,0,1.062,1.26,-403630.64,865150,35820.41
FLIGHT_1178,B777,128011,576,33951,34146,455,454,44.34,35.83,504.45,6.91,4.78,-11.24,30,1,1.052,0.86,-1439226.47,1018530,162553.47
FLIGHT_1179,B777,135806,471,31260,30898,446,448,41.65,33.76,400.54,7.32,4.84,9.85,22,1,1.001,0.14,1338283.36,687720,141711.89
FLIGHT_1180,A320,55527,77,36297,36700,471,469,106.57,35.78,6.51,5.05,3.33,23.41,27,1,1.015,2.87,1299858.51,980019,17326.11
FLIGHT_1181,A330,174255,442,31345,31012,409,411,81.82,30.55,380.85,8.63,5.71,-9.76,29,0,1.012,1.24,-1700753.75,909005,146237.1
FLIGHT_1182,B737,61903,215,37722,38172,428,429,148.77,35.25,143.16,4.78,3.23,-10.71,27,0,1.07,0.05,-662931.47,1018494,38549.18
FLIGHT_1183,A330,134959,627,31988,31728,431,431,86.2,30.34,564.98,7.32,4.85,-19.76,29,1,1.044,2.48,-2666640.79,927652,173401.87
FLIGHT_1184,B737,56980,177,37464,37478,434,433,75.07,35.02,110.39,4.85,3.14,-8.51,25,0,1.068,2.93,-484913.8,936600,33013.77
FLIGHT_1185,B737,51144,78,32315,32447,406,404,149.54,33.92,7.28,4.86,3.26,-2.14,34,0,1.063,0.05,-109253.82,1098710,13627.84
FLIGHT_1186,B777,158247,612,30055,30144,406,407,34.86,32.9,547.83,8.2,5.39,17.52,33,1,1.038,1.75,2772301.17,991815,223665.73
FLIGHT_1187,A330,173085,703,39920,39523,437,436,62.28,39.97,625.59,7.99,5.52,22.33,25,1,1.068,1.29,3865160.9,998000,273542.7
FLIGHT_1188,B737,57426,171,37284,37393,432,433,136.27,39.02,90.59,5.19,3.44,-13.02,22,1,1.047,1.9,-747657.65,820248,31672.28
FLIGHT_1189,A320,45445,131,35965,35986,403,402,69.22,36.29,61.36,4.55,3.17,25.29,24,1,0.989,2.71,1149449.4,863160,28656.81
FLIGHT_1190,A330,179600,307,34556,34250,450,450,52.15,32.32,244.7,9.02,5.69,-0.08,27,0,1.023,0.8,-14972.2,933012,106892.8
FLIGHT_1191,B737,60830,206,35960,36251,404,403,65.13,37.36,128.3,5.3,3.42,26.09,28,1,1.052,0.57,1586993.8,1006880,51014.51
FLIGHT_1192,B777,173340,369,40242,40263,427,426,34.73,42.03,288.8,8.8,5.71,21.44,23,0,1.011,2.31,3716384.72,925566,140630.05
FLIGHT_1193,B737,52961,134,35636,35215,447,447,82.46,38.43,57.15,4.98,3.41,-13.05,28,0,1.048,2.23,-690994.46,997808,23776.49
FLIGHT_1194,A330,156326,694,36698,36289,475,474,26.51,33.78,629.08,8.5,5.35,9.12,32,1,0.998,1.38,1425781.24,1174336,233569.67
FLIGHT_1195,A330,134221,592,31988,31869,430,432,120.66,32.7,524.42,7.4,4.95,3.6,23,1,1.011,1.39,483250.28,735724,180531.87
FLIGHT_1196,B737,63393,233,30174,29895,470,471,144.96,32.91,169.73,5.29,3.43,12.87,28,0,1.019,0.52,816107.02,844872,52531.46
FLIGHT_1197,A320,45267,104,30494,30311,455,453,92.21,29.17,46.47,4.87,3.19,-13.27,34,0,1.045,1.73,-600783.08,1036796,17923.42
FLIGHT_1198,B777,136032,573,34715,34731,454,455,130.31,36.79,501.04,6.99,4.79,-2.45,29,0,1.017,1.04,-333309.18,1006735,164556.69
FLIGHT_1199,B737,63200,216,35493,35611,447,447,109.06,33.71,146.97,5.29,3.49,-18.88,32,0,1.042,1.55,-1193265.12,1135776,39663.52
FLIGHT_1200,B737,50418,116,34983,34523,405,407,135.11,32.16,54.93,5.21,3.32,0.42,31,0,1.042,2.9,21115.99,1084473,23970.73
FLIGHT_1201,A330,147520,679,30240,30483,443,442,130.09,29.41,620.98,7.49,5.18,3.66,31,0,1.05,2.18,539404.74,937440,227214.45
FLIGHT_1202,A330,164834,678,32282,32091,404,403,94.53,33.15,609.82,8.37,5.39,13.44,23,1,1.07,1.24,2215179.31,742486,249902.37
FLIGHT_1203,A320,46686,67,34828,35037,442,442,66.1,32.05,2.94,4.63,3.18,29.37,32,1,1.024,1.16,1371186.67,1114496,14530.43
FLIGHT_1204,B777,160929,402,35268,34791,408,409,131.65,36.33,332.28,8.55,5.4,-0.02,25,1,0.984,2.73,-3139.38,881700,131038.08
FLIGHT_1205,A330,144965,402,36084,36451,455,453,100.79,34.64,332.64,7.56,4.95,5.27,27,1,1.041,0.51,764102.18,974268,125764.74
FLIGHT_1206,B777,128378,479,39821,40084,435,434,56.03,38.78,398.94,6.8,4.76,10.2,30,1,1.067,1.44,1309696.19,1194630,152054.57
FLIGHT_1207,B737,53266,134,40639,40730,429,427,85.86,37.82,61.11,5.0,3.35,25.03,23,1,1.068,0.11,1333499.24,934697,33185.21
FLIGHT_1208,B737,49455,214,34046,34118,411,411,125.8,32.33,152.52,4.85,3.05,-0.59,34,1,1.044,1.63,-28960.91,1157564,41163.13
FLIGHT_1209,A330,160090,611,35608,35283,441,442,42.07,37.42,535.73,7.8,5.35,9.42,26,1,1.037,2.11,1508353.42,925808,213339.75
FLIGHT_1210,A320,57868,170,40095,40592,466,464,36.68,42.01,85.19,5.12,3.46,4.43,25,0,1.011,1.53,256600.24,1002375,34964.11
FLIGHT_1211,B777,167685,466,35221,35686,444,443,144.51,36.41,396.21,8.02,5.65,4.29,31,0,0.987,1.12,720009.37,1091851,157896.79
FLIGHT_1212,B777,178054,438,30459,30219,453,451,46.71,30.19,375.21,8.11,5.64,25.32,33,0,1.022,2.42,4507922.48,1005147,168720.86
FLIGHT_1213,A330,168622,691,36237,36627,459,457,40.14,36.4,620.13,8.24,5.55,12.32,32,1,1.006,0.19,2077440.79,1159584,241951.84
FLIGHT_1214,A330,130134,699,38171,38055,461,461,45.6,38.36,620.18,7.61,4.84,18.69,33,0,1.007,1.61,2431614.52,1259643,224542.56
FLIGHT_1215,A320,56999,117,37224,37312,451,453,45.72,37.5,41.71,5.25,3.42,6.82,26,1,1.015,1.57,388787.94,967824,24287.8
FLIGHT_1216,B777,170701,474,39751,40083,441,443,53.66,38.24,399.26,8.93,5.61,-4.39,28,1,1.066,0.25,-749177.94,1113028,165928.35
FLIGHT_1217,B737,58688,76,32185,32236,402,403,20.36,29.33,18.55,4.81,3.37,7.25,30,0,1.022,0.26,425558.95,965550,14947.58
FLIGHT_1218,A330,144274,659,40557,40285,448,448,148.7,41.67,574.75,7.98,5.09,-16.22,22,0,1.067,0.48,-2340356.36,892254,195441.93
FLIGHT_1219,B737,57625,109,30949,30712,430,430,66.57,29.79,51.46,4.96,3.37,27.84,26,1,0.995,1.32,1604358.49,804674,25927.96
FLIGHT_1220,B737,45477,73,32322,31908,449,451,76.71,31.71,10.13,4.63,2.92,24.37,32,1,1.023,0.72,1108180.72,1034304,15218.01
FLIGHT_1221,A320,59414,112,30057,29607,402,401,47.37,28.58,54.82,5.47,3.5,-1.86,26,1,1.017,1.37,-110793.89,781482,23408.82
FLIGHT_1222,B777,127504,660,39509,39526,404,403,66.24,37.17,587.44,7.53,4.83,15.73,27,1,0.987,2.83,2005621.07,1066743,208527.28
FLIGHT_1223,A330,155303,584,31239,31310,454,454,48.36,31.76,520.16,8.25,5.3,17.97,27,0,0.99,0.94,2790661.1,843453,199156.79
FLIGHT_1224,B737,60494,124,35308,34977,469,469,58.76,37.28,46.88,5.39,3.49,-15.19,27,0,1.055,2.86,-919182.8,953316,23170.17
FLIGHT_1225,B777,158458,458,36138,35678,467,466,53.59,38.05,382.84,7.8,5.16,-3.45,28,1,1.069,0.0,-546674.23,1011864,145986.51
FLIGHT_1226,B737,56561,212,40971,41157,436,437,75.51,39.12,134.4,5.08,3.41,18.97,24,1,0.993,2.99,1073173.33,983304,48330.23
FLIGHT_1227,A330,161517,320,39400,38993,412,414,43.12,40.51,243.02,7.41,5.27,10.13,22,1,1.023,0.5,1636490.27,866800,105520.74
FLIGHT_1228,B777,161565,407,38302,37990,430,429,25.73,37.36,329.35,8.08,5.48,-18.69,31,1,1.048,1.2,-3019723.01,1187362,125897.03
FLIGHT_1229,B777,160956,397,34185,34306,433,435,136.26,31.63,337.2,8.2,5.49,25.6,29,0,1.001,1.22,4120454.62,991365,146468.19
FLIGHT_1230,B777,141795,563,30625,31080,477,475,30.35,28.45,504.85,7.69,5.01,29.68,29,0,1.069,1.54,4208760.9,888125,208011.82
FLIGHT_1231,A330,144798,480,38466,38403,476,475,30.02,40.55,403.04,7.5,5.14,-0.12,32,0,1.002,1.05,-16984.36,1230912,147239.28
FLIGHT_1232,A330,169032,553,33853,34100,468,468,81.42,35.82,484.63,8.97,5.75,-5.59,26,0,1.001,1.57,-945529.39,880178,188054.79
FLIGHT_1233,B737,56044,180,37257,37710,427,428,115.05,39.11,99.5,4.97,3.4,12.63,22,0,0.989,1.08,708090.86,819654,37129.57
FLIGHT_1234,A320,60721,158,36445,35972,479,480,142.58,33.79,90.25,4.88,3.37,10.02,26,0,1.02,1.15,608359.98,947570,33420.81
FLIGHT_1235,B737,48970,115,33557,33464,450,450,25.04,36.35,39.93,5.13,3.23,-16.97,24,0,1.024,1.68,-830889.68,805368,18704.25
FLIGHT_1236,B737,55628,221,31733,32158,430,431,56.68,34.4,155.02,5.18,3.35,8.33,22,1,1.018,2.51,463322.5,698126,48395.66
FLIGHT_1237,A330,178052,695,37600,37334,408,407,143.09,38.0,621.54,8.5,5.67,13.56,30,1,1.036,2.46,2414756.86,1128000,263272.39
FLIGHT_1238,A330,129156,549,34635,34794,422,424,50.54,34.11,480.03,7.5,4.86,10.27,34,1,0.988,0.74,1326355.55,1177590,166284.4
FLIGHT_1239,A320,53144,104,30104,30147,471,471,113.47,27.13,52.58,4.74,3.24,-15.19,34,0,1.014,2.04,-807033.69,1023536,17281.06
FLIGHT_1240,A330,122864,410,34182,33992,407,409,64.8,32.42,349.13,6.94,4.6,13.71,28,1,1.062,0.79,1684495.57,957096,129300.38
FLIGHT_1241,A320,57425,189,34243,34279,426,425,131.03,35.24,122.46,5.17,3.27,25.26,32,0,1.066,2.99,1450335.71,1095776,47605.98
FLIGHT_1242,A320,56555,190,32045,32152,409,407,139.48,30.92,130.2,4.62,3.24,0.23,25,0,1.051,2.47,12840.54,801125,38009.69
FLIGHT_1243,B777,139408,400,36765,36786,470,468,132.63,38.84,325.61,7.26,5.12,14.07,22,1,1.027,1.38,1961491.37,808830,133774.08
FLIGHT_1244,A330,124827,538,38544,38967,450,450,27.31,41.19,458.3,7.45,4.7,-18.65,23,0,0.981,2.37,-2327564.09,886512,136147.19
FLIGHT_1245,A330,157314,696,35582,35258,445,445,70.88,32.61,628.61,7.68,5.26,-11.0,25,1,1.024,2.05,-1730211.89,889550,214352.9
FLIGHT_1246,A320,54730,220,38052,38338,408,408,33.03,36.8,143.31,4.99,3.3,5.04,32,1,0.99,2.16,276006.04,1217664,43728.37
FLIGHT_1247,A320,46606,132,32829,32403,437,436,37.77,31.11,73.17,4.24,2.98,7.67,28,1,1.055,2.94,357598.32,919212,26194.18
FLIGHT_1248,A320,59919,74,34934,35280,413,412,146.65,35.83,1.9,4.92,3.4,26.48,29,0,1.061,2.65,1586515.61,1013086,17401.53
FLIGHT_1249,B737,55807,73,30519,30432,450,452,148.36,30.47,12.01,4.51,3.17,4.91,32,0,0.99,2.38,273814.12,976608,12616.08
FLIGHT_1250,A320,61343,134,40494,40328,478,477,100.01,40.01,56.7,5.07,3.42,3.99,33,0,1.017,2.05,244785.21,1336302,27617.54
FLIGHT_1251,A320,51000,191,30550,30425,464,465,41.51,29.32,132.51,5.19,3.28,0.96,29,0,0.992,2.51,48869.39,885950,37512.18
FLIGHT_1252,B777,123616,420,34287,34624,476,477,133.38,31.9,355.86,7.28,4.69,6.84,24,0,1.057,1.17,845203.03,822888,129490.51
FLIGHT_1253,A330,141015,653,34292,34613,423,421,57.95,31.4,593.51,7.1,4.91,22.63,34,1,1.01,2.43,3191826.39,1165928,219901.29
FLIGHT_1254,B777,153184,306,31765,32182,400,399,39.2,32.52,240.0,7.88,5.27,22.99,30,1,1.015,1.58,3522335.54,952950,107387.46
FLIGHT_1255,B777,140945,466,34561,34558,423,423,120.72,36.17,393.6,7.12,4.93,10.06,26,0,1.056,0.09,1417498.74,898586,149713.02
FLIGHT_1256,A330,132120,640,34132,34495,468,467,105.31,32.9,577.14,7.39,4.8,8.99,23,0,1.07,1.63,1187719.5,785036,208166.43
FLIGHT_1257,B777,169618,371,38876,39118,445,446,75.52,36.67,298.37,8.17,5.61,7.91,28,0,1.029,0.51,1340910.89,1088528,130353.72
FLIGHT_1258,B737,55170,213,31514,32004,410,412,46.62,30.77,151.44,5.23,3.5,-16.29,32,1,1.061,2.31,-898854.49,1008448,41799.87
FLIGHT_1259,B777,163091,512,31989,31499,445,444,28.79,29.39,452.79,7.96,5.52,-0.44,34,1,1.033,1.71,-72543.87,1087626,174515.06
FLIGHT_1260,B777,141260,418,31719,32169,422,420,45.06,30.36,356.48,7.71,5.17,-13.64,27,1,0.982,2.58,-1926102.16,856413,119817.24
FLIGHT_1261,A320,58509,117,30385,30612,463,465,102.13,29.89,56.16,5.19,3.35,4.57,34,1,1.051,1.51,267624.02,1033090,24853.45
FLIGHT_1262,B777,131496,582,32508,32315,407,406,60.49,33.41,513.67,7.87,4.95,-8.21,24,1,1.007,2.39,-1079290.27,780192,169136.51
FLIGHT_1263,B737,63585,195,39207,39043,412,412,51.78,42.17,113.09,5.2,3.33,15.6,33,1,1.058,0.64,992099.2,1293831,45464.39
FLIGHT_1264,A320,56167,221,34284,34557,478,480,26.39,33.19,156.11,5.29,3.41,-11.65,23,0,1.062,2.77,-654604.65,788532,43811.75
FLIGHT_1265,A330,139866,679,31792,31904,451,449,111.63,28.9,620.39,7.32,4.91,22.53,23,0,1.034,0.34,3151880.71,731216,228585.14
FLIGHT_1266,B737,47567,107,33809,34292,427,429,56.51,35.02,33.64,4.81,3.06,19.7,30,1,0.997,0.15,936959.43,1014270,21235.52
FLIGHT_1267,A330,140423,653,34048,34053,470,469,73.7,32.12,591.24,7.79,4.97,16.09,32,0,1.027,1.53,2260105.82,1089536,218446.25
FLIGHT_1268,A330,175726,446,31659,32146,419,418,116.37,30.38,384.31,8.1,5.73,-9.79,23,1,1.054,1.16,-1720973.33,728157,153015.5
FLIGHT_1269,A330,128805,369,39234,39659,476,475,101.57,36.42,297.15,7.2,4.79,20.37,34,0,1.053,0.21,2624244.73,1333956,121598.41
FLIGHT_1270,B777,153060,430,31072,30949,450,450,61.74,28.41,372.29,8.49,5.39,26.6,23,1,0.987,0.66,4070945.62,714656,153411.27
FLIGHT_1271,A320,50180,204,33945,34212,456,455,24.72,36.4,135.04,5.27,3.32,-7.41,22,1,1.063,0.1,-371723.23,746790,40607.69
FLIGHT_1272,B777,159292,631,37464,37520,465,467,79.67,34.75,563.12,7.99,5.6,7.57,26,1,0.988,0.96,1206540.23,974064,215565.38
FLIGHT_1273,A320,50450,68,30585,30274,471,471,65.79,32.36,2.22,4.89,3.17,-0.61,24,1,1.019,1.14,-30649.9,734040,11985.32
FLIGHT_1274,A330,128297,458,31858,31769,402,400,144.3,34.54,391.36,7.67,4.88,-13.9,26,1,0.99,0.94,-1783866.25,828308,123699.63
FLIGHT_1275,A320,61634,73,36114,35946,416,418,62.21,38.21,0.0,5.35,3.41,27.39,33,0,0.993,0.49,1687876.28,1191762,17248.31
FLIGHT_1276,A320,60671,185,33460,33224,437,438,142.34,33.04,120.31,5.48,3.49,-2.7,31,0,1.061,2.65,-163716.11,1037260,40188.62
FLIGHT_1277,A330,130167,392,40362,40330,419,418,74.35,40.14,312.23,6.84,4.86,28.48,22,0,1.069,0.33,3707555.19,887964,136793.89
FLIGHT_1278,B737,54536,149,31200,31586,416,414,91.63,29.9,90.38,5.01,3.22,27.54,28,0,1.062,1.05,1501783.69,873600,36583.74
FLIGHT_1279,B777,179624,637,38748,39139,420,420,126.57,37.06,563.13,9.32,5.84,-16.26,23,0,1.03,2.74,-2921196.5,891204,218369.99
FLIGHT_1280,A330,177702,555,39304,39024,439,439,90.62,38.22,482.88,8.43,5.75,-11.0,30,1,1.036,0.88,-1955357.0,1179120,187823.69
FLIGHT_1281,A320,54158,172,31562,31268,472,471,136.41,29.04,113.99,4.75,3.38,16.57,30,1,0.991,0.31,897471.92,946860,37314.71
FLIGHT_1282,A320,57169,143,39581,39867,437,437,88.1,38.16,70.73,4.68,3.28,-5.07,22,1,1.041,0.16,-289626.44,870782,26330.98
FLIGHT_1283,B777,179752,582,32295,32786,417,419,49.59,30.06,524.6,8.78,5.76,19.64,22,1,1.017,2.99,3530160.1,710490,227036.52
FLIGHT_1284,A330,154977,596,36959,36792,445,445,123.14,35.44,522.28,8.24,5.21,10.62,22,1,1.003,1.34,1646438.47,813098,196462.73
FLIGHT_1285,A330,171490,484,34770,34582,454,456,53.46,36.22,409.78,8.46,5.53,-1.51,29,0,1.037,1.26,-259078.22,1008330,164647.62
FLIGHT_1286,A320,49936,94,34156,34544,459,460,60.77,31.21,32.32,5.2,3.28,19.14,33,1,1.037,1.13,955919.4,1127148,21384.71
FLIGHT_1287,B777,151460,506,33212,32806,446,445,39.38,30.81,445.22,8.33,5.22,13.68,29,1,1.052,1.41,2072525.25,963148,179233.89
FLIGHT_1288,B777,157861,300,31420,31068,463,462,117.47,33.99,235.59,8.67,5.51,3.63,30,0,1.011,1.47,573026.82,942600,102367.87
FLIGHT_1289,B777,167358,526,34387,34131,418,416,100.16,34.41,454.12,7.89,5.52,15.15,32,1,1.036,0.59,2535706.68,1100384,190320.13
FLIGHT_1290,B777,168909,436,35975,36086,420,421,48.1,37.46,361.17,8.36,5.62,-12.51,25,0,1.051,1.7,-2113620.86,899375,145061.62
FLIGHT_1291,B777,171432,594,35099,35261,412,413,37.32,35.77,521.25,8.89,5.67,-15.56,26,0,1.06,1.57,-2667312.57,912574,200459.75
FLIGHT_1292,B777,152765,678,34523,34836,401,401,124.78,32.9,609.88,7.83,5.08,-7.74,27,0,0.986,1.45,-1182600.13,932121,196712.78
FLIGHT_1293,B777,152574,616,34446,34580,468,467,37.97,33.97,546.63,7.99,5.46,29.47,22,1,1.022,2.19,4495663.63,757812,235079.94
FLIGHT_1294,A330,149067,565,36286,36545,456,454,83.18,39.26,483.32,8.23,5.28,7.48,22,0,0.985,0.26,1115066.84,798292,179213.66
FLIGHT_1295,B777,175656,557,31795,31885,401,401,144.44,31.68,493.4,9.04,5.91,-13.46,31,0,1.043,1.44,-2364515.71,985645,194240.97
FLIGHT_1296,B737,56415,149,32644,32364,449,450,46.11,34.34,81.24,4.73,3.17,-11.75,23,0,0.992,1.54,-662857.58,750812,24304.75
FLIGHT_1297,B737,50513,157,30587,30155,463,462,114.27,32.72,92.33,5.31,3.4,0.22,34,1,1.025,0.07,10903.9,1039958,32002.61
FLIGHT_1298,A320,46954,235,38934,38933,457,455,99.59,36.7,161.06,4.31,3.07,12.21,24,0,1.018,0.16,573084.23,934416,46429.33
FLIGHT_1299,B777,173886,568,35041,35299,447,448,137.49,37.09,496.8,9.05,5.72,-6.27,24,0,1.001,0.91,-1089837.53,840984,190342.84
FLIGHT_1300,A320,61297,234,35324,35334,443,445,42.75,36.08,163.12,5.29,3.48,-4.4,31,0,1.022,2.59,-269413.77,1095044,48217.46
FLIGHT_1301,B777,136288,540,32258,32280,440,439,56.85,31.33,478.37,7.29,4.86,-18.73,32,0,1.057,0.94,-2553292.26,1032256,150167.49
FLIGHT_1302,A330,126315,573,34142,34277,431,432,38.25,33.64,504.48,6.58,4.58,8.41,32,0,1.059,2.26,1062556.99,1092544,174390.87
FLIGHT_1303,B777,141411,635,33179,32772,403,402,72.57,33.98,568.71,7.76,4.98,-1.61,32,1,1.025,0.62,-227035.67,1061728,192200.67
FLIGHT_1304,B777,120911,578,32579,33038,401,402,51.18,35.43,507.77,7.18,4.69,6.26,31,1,0.985,1.87,757355.96,1009949,166992.91
FLIGHT_1305,B737,50919,190,34239,34300,403,404,149.51,34.37,124.09,4.74,3.22,-1.54,34,0,0.991,0.95,-78660.54,1164126,35014.84
FLIGHT_1306,A320,61954,180,40258,40368,476,476,149.58,42.64,97.11,5.16,3.34,-10.4,26,1,1.005,0.24,-644489.12,1046708,32548.81
FLIGHT_1307,A320,61804,140,32068,31837,409,411,118.7,34.25,74.07,5.6,3.53,-9.48,30,1,0.997,1.93,-585882.76,962040,27400.14
FLIGHT_1308,B777,158014,550,40089,39711,434,432,20.87,42.19,463.37,7.5,5.29,-19.56,31,1,1.054,1.76,-3090303.52,1242759,165096.75
FLIGHT_1309,A330,178173,698,38937,38552,403,404,147.07,40.52,618.89,8.43,5.75,-17.83,27,0,0.982,0.32,-3177185.0,1051299,215001.46
FLIGHT_1310,B777,149920,428,37001,36705,453,452,88.31,37.61,355.94,7.77,5.2,-13.78,23,0,1.006,2.84,-2065316.73,851023,126475.75
FLIGHT_1311,A320,55959,104,36838,36612,405,404,53.08,34.0,38.83,4.98,3.29,27.3,24,1,1.0,2.23,1527894.11,884112,24320.69
FLIGHT_1312,A320,56537,130,30265,30583,470,469,74.06,32.39,68.32,4.76,3.23,17.22,29,1,1.023,2.02,973806.76,877685,28595.53
FLIGHT_1313,B737,50495,116,38472,38830,454,453,94.93,35.62,41.58,4.65,3.09,-5.73,28,0,0.983,0.65,-289235.94,1077216,18561.98
FLIGHT_1314,B777,165019,322,35146,35041,449,451,140.98,36.06,248.3,8.64,5.52,-16.08,28,0,1.016,1.67,-2653053.42,984088,99224.11
FLIGHT_1315,A330,132041,512,38992,38516,425,427,42.35,39.28,437.63,7.74,4.9,29.09,27,1,1.002,0.46,3841367.89,1052784,173200.22
FLIGHT_1316,A320,50174,160,34537,34126,473,471,42.4,35.51,91.55,4.8,3.33,10.13,28,1,1.05,2.5,508467.49,967036,35264.1
FLIGHT_1317,A320,53290,92,32549,32426,469,471,89.57,30.24,30.18,4.41,3.11,-18.76,32,1,1.036,1.76,-999683.22,1041568,13617.04
FLIGHT_1318,B777,143084,470,36411,36812,423,425,65.87,39.31,392.92,7.91,5.01,4.18,31,1,1.005,1.4,597904.2,1128741,144972.8
FLIGHT_1319,A330,141961,675,33368,33769,445,446,145.05,30.7,616.15,7.94,5.02,7.07,27,1,1.057,0.44,1004336.08,900936,222854.04
FLIGHT_1320,A330,147583,706,37108,37043,423,425,29.15,38.47,629.72,7.78,5.22,-10.35,27,1,0.982,0.17,-1527123.74,1001916,204333.84
FLIGHT_1321,B737,59333,83,39779,39395,478,479,29.48,42.47,0.0,4.64,3.29,2.58,28,1,0.994,0.02,152812.39,1113812,14443.7
FLIGHT_1322,A330,126059,417,36750,36412,412,412,53.12,39.59,339.88,7.34,4.83,27.23,23,0,1.043,0.29,3432914.63,845250,142107.5
FLIGHT_1323,A320,57050,168,36095,36067,415,416,88.25,37.83,94.1,4.9,3.32,18.47,24,1,1.067,0.17,1053435.6,866280,39168.75
FLIGHT_1324,A330,162656,706,30672,30430,412,413,136.05,32.38,644.22,8.6,5.45,12.1,25,0,1.048,1.35,1968464.94,766800,257031.34
FLIGHT_1325,B777,138641,321,39293,39443,428,429,142.82,38.03,243.02,7.62,5.13,12.31,33,1,1.041,0.35,1706793.51,1296669,105556.54
FLIGHT_1326,A330,148139,377,35277,35255,447,447,127.46,33.44,309.79,7.71,5.13,8.44,27,1,1.015,0.05,1250107.82,952479,120476.87
FLIGHT_1327,B777,152646,410,36356,36728,450,451,138.38,37.17,338.31,7.66,5.2,26.32,24,0,1.001,2.8,4016998.3,872544,144834.37
FLIGHT_1328,B777,129352,307,31632,32117,424,426,75.03,32.9,240.74,6.61,4.67,-18.89,27,1,0.996,2.35,-2443572.8,854064,75684.1
FLIGHT_1329,B737,51745,114,40766,40875,404,403,139.66,40.56,35.17,4.58,3.17,0.29,30,0,0.991,0.84,14902.5,1222980,19623.03
FLIGHT_1330,B737,60149,118,40687,40719,427,428,55.13,40.19,39.4,4.87,3.41,-9.64,27,1,1.056,1.03,-579627.49,1098549,22001.81
FLIGHT_1331,A320,58450,84,34325,33998,440,438,34.17,31.76,18.29,5.29,3.33,1.74,26,1,1.053,0.88,101662.13,892450,16756.9
FLIGHT_1332,A320,50133,118,35316,35805,437,439,101.34,34.92,50.47,4.4,3.1,1.84,25,0,1.043,0.62,92263.38,882900,21617.36
FLIGHT_1333,B737,45304,186,40382,40851,421,420,88.65,40.3,106.91,4.7,3.12,7.24,29,1,1.062,1.46,327812.6,1171078,37971.97
FLIGHT_1334,A320,55664,179,32547,32608,470,471,25.86,32.39,117.03,4.53,3.16,-15.44,32,0,1.008,1.63,-859617.37,1041504,28680.49
FLIGHT_1335,B777,168800,461,40843,41240,409,409,82.28,38.85,385.01,8.19,5.6,-18.92,22,0,1.059,0.84,-3192898.64,898546,148667.87
FLIGHT_1336,B737,45505,235,38924,38970,425,425,72.2,41.91,147.88,4.73,3.25,-2.77,23,1,0.995,2.39,-126005.3,895252,42992.6
FLIGHT_1337,A320,45528,216,30614,30154,478,477,37.79,30.59,156.6,4.7,3.18,1.1,22,0,1.032,1.96,49914.14,673508,42547.57
FLIGHT_1338,A330,162481,541,37582,37699,444,443,76.77,36.82,467.06,8.43,5.34,25.43,34,0,1.027,2.91,4132147.55,1277788,203043.25
FLIGHT_1339,B737,55536,82,37924,38229,421,420,111.9,40.64,0.0,4.68,3.22,16.34,24,0,1.065,0.92,907650.38,910176,16216.19
FLIGHT_1340,B737,59976,223,40219,40058,446,446,22.47,39.97,142.32,4.9,3.49,-2.68,27,0,1.043,1.59,-160721.06,1085913,45603.43
FLIGHT_1341,A320,45311,197,38186,38094,438,438,53.46,39.98,118.36,4.21,2.96,25.56,27,0,0.99,1.08,1158104.54,1031022,40653.11
FLIGHT_1342,B777,134030,423,37388,37320,471,472,106.42,37.69,350.66,7.34,5.07,-19.32,31,0,1.002,1.73,-2589858.09,1159028,115659.04
FLIGHT_1343,B777,153658,524,33285,33511,437,439,54.25,32.15,462.73,7.65,5.23,6.56,24,0,1.064,0.94,1007827.53,798840,180213.13
FLIGHT_1344,B777,179664,713,38240,38330,431,430,76.25,37.23,642.54,8.6,5.88,28.79,34,1,1.066,1.92,5172048.34,1300160,302903.25
FLIGHT_1345,B737,56451,83,36772,37085,422,423,54.04,36.64,8.4,5.02,3.49,4.53,23,0,1.052,2.02,255690.34,845756,16182.59
FLIGHT_1346,A330,172281,662,36720,36495,404,402,143.31,37.63,585.3,8.78,5.66,11.21,29,0,0.986,3.0,1931363.36,1064880,236682.15
FLIGHT_1347,A330,120797,442,35948,36090,415,414,116.6,36.12,373.45,6.47,4.59,24.31,28,1,1.019,2.07,2936037.65,1006544,140257.67
FLIGHT_1348,A320,62077,136,30268,30003,473,472,58.92,30.57,74.51,4.96,3.46,-5.24,33,0,0.983,1.14,-325511.56,998844,24985.61
FLIGHT_1349,B737,60067,238,32367,32144,403,402,124.56,32.97,171.79,5.14,3.49,19.33,26,0,1.024,0.42,1160993.77,841542,56737.35
FLIGHT_1350,B737,64660,176,33818,33517,426,428,138.25,33.65,108.54,5.05,3.46,-3.28,26,0,0.981,1.92,-212251.33,879268,33930.54
FLIGHT_1351,B777,172253,622,31034,31267,468,468,103.76,28.84,566.51,7.89,5.6,17.67,28,0,1.002,1.72,3044522.17,868952,226418.32
FLIGHT_1352,B737,51610,160,36933,36940,470,471,76.44,38.2,84.64,4.41,3.13,-15.56,32,0,1.001,0.5,-803086.2,1181856,24222.26
FLIGHT_1353,A320,50367,73,33445,33936,437,439,106.61,33.38,8.6,4.7,3.33,21.07,32,0,1.067,2.64,1061037.69,1070240,16618.03
FLIGHT_1354,B737,58243,213,30707,30985,432,431,100.14,32.05,146.89,5.22,3.45,14.63,29,1,1.063,0.15,852171.04,890503,49839.87
FLIGHT_1355,A320,55341,161,37908,37509,461,459,116.87,35.23,94.29,4.86,3.32,-11.91,26,1,1.007,1.4,-658898.74,985608,28457.06
FLIGHT_1356,A330,146441,394,37326,37387,468,470,52.52,39.71,315.93,7.36,5.02,21.87,29,1,0.986,2.38,3201948.75,1082454,129492.78
FLIGHT_1357,B737,62654,69,37829,38093,425,425,117.2,36.24,0.0,4.84,3.24,-16.36,24,1,0.984,1.56,-1025166.58,907896,10951.58
FLIGHT_1358,B737,48899,67,33785,33567,423,422,50.48,34.08,2.6,4.43,2.94,6.52,25,0,1.057,0.94,318661.73,844625,12481.29
FLIGHT_1359,B737,50592,209,33972,34358,407,405,144.58,35.64,134.91,5.11,3.25,-14.28,22,0,1.042,1.46,-722322.11,747384,36693.22
FLIGHT_1360,B737,62402,185,30246,29992,424,425,89.92,32.42,119.17,5.28,3.45,18.91,32,1,1.004,2.58,1180118.11,967872,43424.36
FLIGHT_1361,B777,175832,492,40404,40377,454,456,64.78,37.91,417.94,8.96,5.76,-14.15,29,0,1.061,1.77,-2487773.19,1171716,170900.41
FLIGHT_1362,A320,57647,200,33037,33335,461,461,55.62,30.47,138.22,5.09,3.28,-8.13,25,1,1.06,1.78,-468546.13,825925,38501.67
FLIGHT_1363,A320,54597,60,34530,34772,412,411,20.32,33.65,0.0,5.22,3.32,24.08,23,0,0.999,0.37,1314732.01,794190,13908.84
FLIGHT_1364,B737,62736,206,39163,38801,412,414,60.96,36.53,130.98,5.09,3.43,-0.74,23,1,0.991,1.77,-46642.99,900749,40562.37
FLIGHT_1365,A330,160576,559,40102,39639,427,428,72.98,41.2,475.24,8.19,5.52,2.26,27,1,0.998,1.49,362220.52,1082754,184894.74
FLIGHT_1366,B737,50233,229,38639,38293,432,432,24.2,41.24,145.19,4.67,3.25,13.55,22,1,1.028,1.05,680424.66,850058,48993.43
FLIGHT_1367,B777,159733,587,40237,40140,466,468,100.66,39.96,505.18,8.38,5.55,28.85,32,1,1.021,0.97,4609103.23,1287584,223931.93
FLIGHT_1368,A320,56432,115,36693,36221,403,404,145.19,37.09,39.08,5.06,3.48,19.54,33,1,0.997,1.74,1102634.1,1210869,25674.37
FLIGHT_1369,B777,120840,338,37943,37894,437,435,30.96,38.01,265.2,6.38,4.44,-9.93,31,0,1.043,0.54,-1199553.03,1176233,86938.04
FLIGHT_1370,A320,59532,215,37857,38096,454,453,120.28,36.02,139.67,5.09,3.24,-6.88,34,1,1.02,0.62,-409562.03,1287138,39010.53
FLIGHT_1371,B737,51835,142,36110,36260,474,475,53.88,36.29,66.16,4.9,3.1,23.9,23,1,1.039,1.1,1238742.75,830530,31765.67
FLIGHT_1372,B777,145863,419,32118,31813,465,464,101.8,30.51,359.25,8.1,5.12,9.17,33,1,1.068,2.33,1338050.46,1059894,145239.56
FLIGHT_1373,A330,172627,304,31803,32152,456,456,95.38,31.67,241.97,8.8,5.58,-1.98,33,0,1.025,1.4,-340992.72,1049499,103340.77
FLIGHT_1374,A330,121100,695,40803,40543,474,474,66.49,41.52,611.55,6.79,4.68,-12.02,31,1,1.015,1.23,-1456084.59,1264893,184942.54
FLIGHT_1375,B777,156294,546,30875,31293,475,474,33.66,29.29,484.6,8.72,5.56,25.98,33,1,0.994,0.33,4060071.47,1018875,200947.95
FLIGHT_1376,A320,63992,141,39575,39786,463,462,97.86,39.51,58.84,5.14,3.31,-18.86,24,1,1.032,1.1,-1206673.58,949800,23554.27
FLIGHT_1377,B777,163052,419,35630,36053,408,410,73.53,37.28,343.45,8.3,5.66,12.81,31,0,1.008,1.81,2087895.26,1104530,150530.39
FLIGHT_1378,B777,124678,682,35044,35364,418,419,44.84,35.66,611.09,7.28,4.82,29.98,32,0,1.01,2.11,3737272.82,1121408,232321.51
FLIGHT_1379,A330,165685,659,30140,29779,475,476,149.97,28.09,603.25,8.4,5.45,7.82,29,0,1.008,2.16,1295111.33,874060,228073.38
FLIGHT_1380,A330,159274,656,34364,34622,403,403,68.4,35.47,585.61,8.18,5.34,-15.53,33,0,1.016,0.56,-2472797.36,1134012,197297.76
FLIGHT_1381,A320,58079,128,37418,37485,414,414,75.15,39.43,48.13,5.18,3.37,15.83,25,0,1.064,2.75,919619.76,935450,29648.63
FLIGHT_1382,A330,155206,519,39272,39379,441,441,98.85,41.92,432.5,8.1,5.42,-19.69,33,1,0.992,2.19,-3055610.8,1295976,151543.59
FLIGHT_1383,A330,136942,469,32127,31981,429,428,142.13,34.86,401.79,7.61,4.86,-2.39,22,0,0.998,1.5,-327229.39,706794,135576.23
FLIGHT_1384,B737,47180,166,31741,31403,427,429,38.22,33.38,99.23,4.9,3.2,-19.29,31,0,1.068,2.07,-910027.71,983971,27845.98
FLIGHT_1385,A330,161468,438,33531,33927,465,464,65.2,36.13,364.14,8.31,5.23,24.8,23,0,0.992,1.06,4004421.37,771213,151827.73
FLIGHT_1386,B737,48237,230,32984,32893,458,459,57.54,33.58,161.68,5.03,3.21,-16.9,34,1,1.049,2.82,-815004.61,1121456,40171.48
FLIGHT_1387,A320,55067,175,36067,36235,428,430,105.58,36.15,99.79,5.01,3.3,5.74,32,0,1.053,1.0,315819.32,1154144,36279.72
FLIGHT_1388,B737,53467,151,30972,31296,447,447,38.76,30.14,93.19,5.23,3.41,-6.5,34,1,0.983,0.8,-347736.27,1053048,28507.2
FLIGHT_1389,B737,47030,73,33421,33204,451,450,88.32,33.04,5.37,4.84,3.13,16.23,34,0,1.062,0.73,763116.57,1136314,15249.67
FLIGHT_1390,B737,48224,73,30687,30678,438,438,85.53,32.61,9.02,4.79,3.2,25.04,27,1,1.06,1.31,1207493.91,828549,16890.08
FLIGHT_1391,B777,162205,508,35509,35119,425,426,66.85,36.72,431.77,8.34,5.57,2.45,26,1,1.039,2.05,396750.35,923234,178882.44
FLIGHT_1392,B737,51515,105,33388,33165,439,440,120.76,32.71,41.88,4.79,3.23,9.49,28,0,1.047,0.87,488897.53,934864,21645.55
FLIGHT_1393,B737,47431,135,39689,39300,461,460,36.9,42.47,48.4,4.86,3.15,-15.33,26,1,1.07,2.3,-726946.17,1031914,22971.66
FLIGHT_1394,A320,45482,139,30124,29761,440,440,94.06,32.14,77.93,4.89,3.14,5.28,25,0,1.04,2.54,240086.36,753100,28398.95
FLIGHT_1395,A320,63616,170,40494,40578,417,415,46.62,41.85,87.97,5.06,3.51,6.68,28,0,0.995,2.39,424884.76,1133832,35619.6
FLIGHT_1396,B777,170568,697,36469,36499,473,474,137.3,34.81,624.91,8.24,5.74,-14.53,26,0,1.023,1.78,-2478202.42,948194,230238.36
FLIGHT_1397,B777,124105,432,39737,40009,442,441,132.38,38.91,352.37,6.76,4.71,10.66,24,0,1.019,0.19,1322599.3,953688,127935.97
FLIGHT_1398,B777,126583,715,40463,40468,435,434,108.93,42.36,631.36,7.24,4.84,11.04,34,0,1.011,0.71,1396910.48,1375742,219880.83
FLIGHT_1399,A320,49754,170,39541,39527,410,409,30.55,37.49,98.17,4.93,3.22,21.31,25,1,1.04,0.44,1060103.39,988525,38744.4
FLIGHT_1400,B777,133318,449,35435,35691,476,478,125.94,37.89,370.37,7.73,4.85,18.75,25,1,1.001,0.63,2499985.49,885875,141998.49
FLIGHT_1401,B777,146938,501,34411,34727,414,415,67.09,33.13,434.78,7.66,5.17,8.85,24,0,1.043,1.47,1300511.98,825864,168141.78
FLIGHT_1402,A330,162829,582,37486,37534,431,430,102.56,39.96,505.03,8.78,5.6,-10.46,24,1,1.039,1.29,-1702970.83,899664,194781.53
FLIGHT_1403,A330,150657,459,32122,32008,446,447,126.23,31.52,397.24,7.87,5.24,1.59,27,1,1.059,1.7,239901.2,867294,154426.74
FLIGHT_1404,A320,50163,67,33821,33388,471,471,57.25,36.6,0.0,5.0,3.24,23.01,29,0,1.03,2.32,1154349.77,980809,15706.46
FLIGHT_1405,B777,150740,428,38110,38371,473,472,78.07,38.0,354.49,7.6,5.22,13.97,30,0,0.996,1.46,2106502.08,1143300,141538.92
FLIGHT_1406,A320,50516,148,30453,30330,427,426,88.92,27.48,95.09,4.94,3.21,6.51,30,0,0.984,1.4,328632.53,913590,29293.32
FLIGHT_1407,B737,55714,81,38005,38297,403,403,106.84,40.1,2.55,5.31,3.46,10.71,30,0,1.027,2.55,596637.86,1140150,17723.67
FLIGHT_1408,B737,51559,200,32258,32017,407,408,127.98,29.38,139.6,4.77,3.27,-16.17,29,0,1.002,0.89,-833658.28,935482,32693.58
FLIGHT_1409,B737,47534,107,31168,31521,423,422,26.21,32.53,40.72,4.75,3.06,6.99,30,1,1.055,1.16,332495.93,935040,21259.16
FLIGHT_1410,A330,164026,703,36091,36456,439,437,91.6,37.49,629.99,7.97,5.43,15.15,26,1,1.002,2.94,2484476.73,938366,249348.29
FLIGHT_1411,B737,60159,77,39540,39185,476,475,113.32,38.32,0.0,5.33,3.34,-4.63,25,0,0.99,1.1,-278768.5,988500,13312.64
FLIGHT_1412,A330,126517,462,34557,34693,427,426,135.55,37.54,385.45,6.77,4.77,8.26,29,0,1.061,0.14,1044892.14,1002153,142366.65
FLIGHT_1413,A320,58998,68,31256,31701,478,477,105.69,29.67,7.85,5.35,3.48,10.03,31,1,1.062,2.19,591637.39,968936,15522.13
FLIGHT_1414,A320,46545,231,36404,36445,473,475,122.38,35.74,156.83,4.53,2.98,5.15,24,1,1.003,2.42,239585.59,873696,42762.14
FLIGHT_1415,B737,47148,98,31259,30990,417,418,40.71,32.09,32.45,4.53,3.2,25.4,33,0,1.011,1.76,1197654.6,1031547,20797.01
FLIGHT_1416,A330,127989,665,34922,35177,428,429,45.77,33.95,601.13,7.55,4.75,21.08,31,1,1.007,1.25,2698280.95,1082582,213838.3
FLIGHT_1417,B777,137381,362,40777,41113,422,423,59.67,37.96,284.75,8.23,5.18,-5.03,26,1,1.024,1.91,-691336.73,1060202,112793.68
FLIGHT_1418,B737,54444,114,36984,36635,442,442,146.37,37.36,42.46,5.03,3.27,-19.66,24,1,0.992,1.45,-1070558.09,887616,18563.18
FLIGHT_1419,A320,54446,180,40790,40510,436,436,131.55,41.13,95.75,4.92,3.45,4.92,25,1,0.986,2.06,268010.77,1019750,35549.57
FLIGHT_1420,B737,62914,171,33511,33064,459,458,86.02,31.53,109.67,5.95,3.75,-12.33,33,1,1.022,1.1,-775439.86,1105863,35760.7
FLIGHT_1421,A330,121076,337,39097,39195,413,413,103.66,36.36,264.68,6.67,4.64,5.48,32,1,1.041,1.24,663389.69,1251104,98442.86
FLIGHT_1422,A320,58349,177,39627,39653,478,479,67.1,40.97,95.69,5.02,3.41,8.2,34,1,1.052,1.59,478678.42,1347318,39245.87
FLIGHT_1423,A320,62414,142,31810,31460,403,402,42.26,33.32,77.93,4.64,3.31,-18.04,26,0,1.043,0.47,-1125932.59,827060,23614.94
FLIGHT_1424,A330,163539,359,33310,33101,451,452,74.23,34.36,288.45,8.72,5.48,16.78,27,1,1.054,1.28,2744920.58,899370,133084.96
FLIGHT_1425,B737,59052,207,32483,32069,458,460,81.12,30.02,144.76,4.64,3.3,-3.01,27,0,1.038,1.18,-177793.44,877041,39228.52
FLIGHT_1426,B737,63575,192,40141,39964,456,456,92.77,41.0,106.54,4.78,3.38,6.65,25,1,1.049,2.55,422647.66,1003525,40590.31
FLIGHT_1427,A330,149618,628,33588,33444,476,475,99.79,34.81,558.47,7.77,5.12,-17.58,23,1,1.069,2.41,-2630973.79,772524,191268.46
FLIGHT_1428,B777,177310,663,31913,32271,431,429,44.66,30.94,601.13,8.38,5.79,24.46,26,1,1.047,2.85,4337584.5,829738,269980.61
FLIGHT_1429,A320,61277,118,32385,32262,429,427,56.1,31.06,58.81,5.01,3.58,19.14,30,0,1.0,2.31,1172961.63,971550,27493.09
FLIGHT_1430,B737,52276,96,33173,33123,467,466,38.27,35.72,23.36,5.0,3.24,-4.45,30,0,1.005,0.14,-232884.99,995190,16227.77
FLIGHT_1431,A330,179906,696,30617,30747,434,434,30.49,32.12,635.22,8.56,5.88,8.15,23,1,1.018,1.26,1466779.2,704191,259689.78
FLIGHT_1432,A320,55469,230,40176,39754,402,401,117.87,42.84,148.94,4.82,3.42,-4.15,24,0,1.045,1.12,-229957.92,964224,46173.01
FLIGHT_1433,A330,124039,366,39714,39921,466,465,128.67,41.91,282.66,6.47,4.49,22.01,31,1,1.048,0.93,2730491.91,1231134,113591.37
FLIGHT_1434,A320,48469,160,36085,36342,400,401,64.01,37.57,86.04,5.06,3.28,0.14,31,0,1.02,0.36,6899.4,1118635,30673.01
FLIGHT_1435,A320,63394,213,40655,40283,462,461,113.2,37.67,141.49,5.4,3.51,7.97,28,1,1.045,2.18,505225.76,1138340,49665.08
FLIGHT_1436,A330,174681,505,40569,40841,458,457,149.25,41.22,423.37,9.21,5.79,-5.24,27,0,1.019,0.13,-914987.24,1095363,172344.96
FLIGHT_1437,B777,123877,440,34220,33888,411,410,74.85,32.31,378.5,7.01,4.59,21.39,29,0,1.068,0.5,2650250.75,992380,143490.61
FLIGHT_1438,A320,57572,170,40493,40154,478,477,110.04,39.51,87.77,4.65,3.23,-1.22,30,1,1.01,1.34,-70163.53,1214790,31119.26
FLIGHT_1439,B777,144861,596,35151,35445,416,415,112.76,32.16,531.53,8.01,5.05,17.83,25,1,0.988,0.57,2582202.27,878775,194154.05
FLIGHT_1440,A330,132929,668,38912,39120,420,420,109.64,37.41,590.87,7.24,4.73,10.91,23,1,1.024,0.3,1450200.66,894976,204079.3
FLIGHT_1441,B777,155870,595,34308,34361,459,461,102.1,34.97,524.23,8.56,5.42,-16.68,23,0,1.057,2.69,-2599751.37,789084,191881.06
FLIGHT_1442,B777,143050,433,36408,35931,422,421,106.03,34.97,360.6,7.48,5.12,23.75,30,0,0.998,2.82,3397448.42,1092240,147617.85
FLIGHT_1443,B737,50179,72,34937,35150,412,411,55.24,34.89,3.05,4.59,3.05,21.37,30,0,1.018,1.34,1072332.8,1048110,14424.77
FLIGHT_1444,A320,52552,138,32845,32719,439,441,99.99,32.95,71.19,4.83,3.16,4.43,32,1,0.999,1.73,232618.06,1051040,26340.5
FLIGHT_1445,A320,54342,76,35854,36207,423,425,87.8,33.37,11.79,4.82,3.13,-3.33,26,1,1.059,0.9,-181058.77,932204,14067.57
FLIGHT_1446,B777,139134,532,34417,34375,474,473,56.84,34.95,464.72,7.6,4.79,7.22,23,1,1.04,2.69,1004087.51,791591,168405.31
FLIGHT_1447,B777,125961,340,38041,38421,464,464,58.29,40.35,257.36,6.62,4.54,-12.35,29,0,1.061,2.52,-1555007.35,1103189,90150.21
FLIGHT_1448,A320,57991,201,36863,37279,410,408,73.6,37.1,123.56,5.22,3.43,-11.6,22,0,1.058,1.87,-672643.74,810986,38664.23
FLIGHT_1449,B737,46153,82,39578,40069,428,430,122.16,36.83,8.99,4.73,3.29,-5.07,31,0,1.054,0.81,-233881.43,1226918,14142.02
FLIGHT_1450,B777,140440,644,32254,32096,427,426,99.14,32.97,578.21,7.32,4.89,19.35,29,0,1.019,0.31,2717227.2,935366,209512.54
FLIGHT_1451,B737,47244,180,31845,31914,413,411,35.07,31.3,118.18,5.23,3.28,18.04,34,0,1.002,1.55,852236.54,1082730,40457.95
FLIGHT_1452,B737,50493,227,33481,33857,471,471,70.07,33.84,162.54,5.09,3.2,-7.14,34,0,1.057,1.36,-360642.11,1138354,43262.18
FLIGHT_1453,A320,56360,86,38479,38686,438,439,136.71,35.79,18.58,4.58,3.19,-1.87,33,1,1.047,0.55,-105115.75,1269807,15833.74
FLIGHT_1454,A330,153594,619,36894,37317,417,418,61.8,35.0,552.56,7.68,5.15,-7.15,23,1,1.057,2.54,-1098130.35,848562,198175.1
FLIGHT_1455,A320,60330,150,35697,35875,429,427,58.88,35.21,81.66,5.32,3.33,1.49,28,0,1.062,0.57,89939.05,999516,31613.9
FLIGHT_1456,B737,51396,232,34519,34623,422,420,81.3,35.52,161.44,4.93,3.19,6.07,27,1,1.021,2.5,312077.07,932013,47278.46
FLIGHT_1457,A330,146199,335,31993,32290,400,401,39.47,32.72,268.21,8.09,5.14,19.1,29,1,1.023,0.54,2792061.93,927797,114503.87
FLIGHT_1458,B737,54480,69,30461,30828,408,407,100.38,30.88,7.88,4.49,3.09,19.55,34,0,1.017,0.47,1065042.39,1035674,13290.74
FLIGHT_1459,A330,144038,637,31996,32264,449,449,64.38,33.5,569.08,7.56,5.04,-9.3,34,1,1.022,2.41,-1339080.74,1087864,190061.81
FLIGHT_1460,A320,47219,215,39672,39285,474,474,59.92,38.14,141.52,4.6,3.2,17.5,34,1,1.068,1.44,826327.75,1348848,48721.59
FLIGHT_1461,B777,122797,429,35096,34980,457,458,70.12,35.47,355.92,6.81,4.68,22.5,25,1,0.98,1.21,2762696.79,877400,131062.91
FLIGHT_1462,B777,160780,314,32787,32357,423,424,20.14,32.51,246.36,8.37,5.31,24.64,34,1,1.005,0.24,3962416.8,1114758,109945.88
FLIGHT_1463,B777,127070,705,33287,33075,476,477,134.72,34.21,635.47,6.73,4.76,12.86,23,0,1.04,2.52,1634088.28,765601,225212.91
FLIGHT_1464,B777,136757,519,33226,33196,411,412,72.36,32.13,457.21,7.61,4.83,-4.45,28,0,0.98,0.95,-608291.11,930328,144352.91
FLIGHT_1465,A330,143264,598,37666,37896,441,442,32.71,40.31,513.61,7.23,5.0,-16.29,32,1,0.984,0.21,-2334406.21,1205312,157992.49
FLIGHT_1466,B777,178714,520,40814,41032,440,440,101.46,40.76,435.97,8.3,5.55,21.93,30,0,1.026,0.53,3918629.57,1224420,192417.41
FLIGHT_1467,A330,150241,544,33797,33919,418,417,146.91,31.89,482.89,7.54,5.19,10.28,30,1,0.997,0.5,1545136.9,1013910,176676.58
FLIGHT_1468,B777,137344,383,34787,34858,462,464,73.41,32.14,322.4,7.72,4.97,10.19,30,1,1.016,2.77,1399083.86,1043610,124147.39
FLIGHT_1469,A320,51535,76,39347,39289,461,460,43.6,40.12,0.0,4.88,3.16,5.34,34,1,1.06,0.58,275060.21,1337798,15160.17
FLIGHT_1470,A330,145672,348,39360,39047,446,445,132.89,37.0,273.38,7.96,5.17,-15.56,27,1,1.027,1.21,-2267192.41,1062720,101323.68
FLIGHT_1471,B777,163314,329,32184,32470,417,418,56.65,29.27,268.2,7.71,5.48,11.16,33,0,1.003,0.15,1822441.48,1062072,110449.29
FLIGHT_1472,A330,163588,580,31171,31411,411,412,51.81,30.92,518.78,8.34,5.46,-6.22,29,0,1.026,0.64,-1017105.82,903959,189042.96
FLIGHT_1473,B777,166995,609,36746,36591,475,476,32.3,34.96,537.74,8.5,5.59,27.2,22,0,1.016,2.1,4542322.93,808412,233558.43
FLIGHT_1474,A320,48695,214,35700,35549,439,438,60.24,38.07,141.52,5.05,3.22,-1.48,25,1,0.993,0.66,-71896.58,892500,40413.3
FLIGHT_1475,B777,152640,459,40232,39907,459,457,91.52,42.33,375.73,7.74,5.17,16.28,22,1,1.008,1.85,2484250.51,885104,155193.83
FLIGHT_1476,B777,143323,547,33496,33255,472,472,149.39,31.42,484.58,7.38,5.09,-6.81,26,0,0.985,2.73,-975511.21,870896,160753.6
FLIGHT_1477,A320,46880,67,33197,33265,476,476,87.27,35.09,0.0,4.5,3.09,24.9,32,1,1.044,0.21,1167394.07,1062304,14641.25
FLIGHT_1478,B777,143488,643,32912,33191,458,459,132.02,33.13,575.05,8.15,5.19,-0.5,34,1,1.036,1.25,-72336.97,1119008,207430.31
FLIGHT_1479,A320,50465,221,36149,35986,418,418,134.22,34.02,156.51,4.59,3.19,18.68,26,1,0.996,1.7,942781.53,939874,47466.0
FLIGHT_1480,A330,143281,696,34017,33557,460,461,137.13,35.72,622.76,7.91,5.04,-17.89,31,0,1.009,2.46,-2563851.97,1054527,196657.04
FLIGHT_1481,A320,64800,169,33887,33984,438,439,59.05,33.83,99.95,5.72,3.66,-10.88,31,0,0.982,1.74,-704803.51,1050497,32674.63
FLIGHT_1482,A330,122462,363,34265,34165,478,477,38.28,35.93,294.3,7.23,4.59,-16.03,29,1,1.011,0.61,-1962512.82,993685,92087.27
FLIGHT_1483,B777,145557,589,37795,37989,400,400,79.83,40.57,511.01,7.96,5.32,-9.76,24,0,1.053,1.9,-1421326.48,907080,190360.37
FLIGHT_1484,B777,162364,336,40706,41116,409,410,134.84,41.65,253.08,8.44,5.49,-10.64,25,1,1.036,1.24,-1727293.31,1017650,107917.12
FLIGHT_1485,B737,54103,146,39481,38987,451,451,82.91,38.66,72.57,4.85,3.27,22.44,22,1,1.062,1.75,1214259.55,868582,34812.55
FLIGHT_1486,B737,55912,134,33803,33928,422,422,78.02,31.03,72.5,5.27,3.43,23.53,22,0,1.035,1.5,1315381.76,743666,32631.79
FLIGHT_1487,A330,148949,669,31476,31526,421,421,99.04,32.98,605.02,8.07,5.28,3.65,33,1,1.062,0.52,543792.03,1038708,228198.68
FLIGHT_1488,B777,146657,498,36773,36871,401,402,129.64,37.47,426.82,7.77,5.16,-6.96,31,1,1.039,0.57,-1021393.38,1139963,153865.68
FLIGHT_1489,A320,63273,165,31857,31711,448,447,121.12,29.55,104.73,5.38,3.46,-8.95,23,1,1.041,0.9,-566223.31,732711,32339.06
FLIGHT_1490,B777,179427,395,31318,31023,430,432,28.29,28.88,339.73,8.81,5.85,-16.58,27,0,1.017,2.69,-2974675.63,845586,132579.18
FLIGHT_1491,A320,54072,70,32739,33067,426,425,22.96,32.19,6.09,4.79,3.31,16.53,27,0,0.994,2.62,893620.91,883953,14395.34
FLIGHT_1492,B737,45159,203,31371,31486,454,453,94.44,33.43,137.09,4.57,3.13,-2.83,24,1,1.039,0.32,-127968.1,752904,37584.84
FLIGHT_1493,B777,178405,372,32179,32123,437,438,47.06,32.9,303.8,8.34,5.86,-0.27,26,1,0.993,2.65,-47546.2,836654,129087.06
FLIGHT_1494,A320,64335,81,39306,39561,428,428,122.58,38.62,0.91,5.04,3.39,10.24,22,1,1.054,2.51,658820.23,864732,16748.76
FLIGHT_1495,A320,56684,198,31819,31428,432,433,118.51,34.45,130.35,5.23,3.34,-6.81,29,0,1.032,2.14,-385928.18,922751,38512.02
FLIGHT_1496,B777,160308,681,35391,35722,465,466,28.45,36.12,611.34,8.3,5.39,27.23,23,0,1.036,0.7,4365682.44,813993,257048.26
FLIGHT_1497,B737,58533,79,38556,38349,402,402,69.72,39.25,0.0,5.11,3.44,0.85,32,1,0.991,0.56,49733.45,1233792,14363.79
FLIGHT_1498,B777,158497,315,37840,37929,428,429,101.66,38.36,235.7,8.18,5.38,23.51,25,1,1.047,2.68,3725593.69,946000,117588.34
FLIGHT_1499,A320,61105,79,31008,30609,412,410,66.18,31.06,16.78,5.32,3.43,-3.64,22,1,1.005,1.58,-222572.53,682176,15132.3
FLIGHT_1500,B777,157013,391,34073,33935,422,421,62.54,32.84,324.25,7.88,5.62,-19.79,30,0,1.046,0.65,-3107221.87,1022190,122035.98
FLIGHT_1501,B777,175453,362,38998,39145,413,415,21.45,37.57,286.55,8.87,5.89,-14.61,24,0,1.046,2.75,-2563365.95,935952,125919.23
FLIGHT_1502,A330,138813,623,40469,40060,428,429,30.08,41.53,536.25,7.88,4.97,1.51,28,0,1.023,0.3,209882.95,1133132,188597.81
FLIGHT_1503,B777,158372,504,32447,32038,404,406,120.36,32.34,440.44,7.93,5.22,20.51,24,1,1.03,2.4,3248924.93,778728,180955.79
FLIGHT_1504,B777,167737,383,32466,32584,463,464,69.04,35.17,315.77,8.27,5.48,10.63,31,1,1.0,1.85,1782384.3,1006446,132809.41
FLIGHT_1505,B777,156973,320,39143,39556,442,444,81.04,38.36,246.65,7.47,5.13,-16.8,29,1,0.993,2.61,-2637204.23,1135147,89790.33
FLIGHT_1506,B737,55779,173,30094,30508,417,418,32.98,29.76,114.27,4.76,3.13,16.72,30,1,1.04,0.58,932725.58,902820,37539.77
FLIGHT_1507,B737,62471,108,36570,36114,471,470,88.28,39.16,33.5,4.75,3.35,11.24,30,0,1.033,2.86,702480.66,1097100,22464.89
FLIGHT_1508,B737,62877,222,38488,38137,443,442,32.2,36.5,146.96,4.99,3.23,10.36,24,1,0.983,0.3,651255.97,923712,44047.85
FLIGHT_1509,B777,159126,345,40822,40973,452,452,145.07,38.17,266.1,7.87,5.51,26.35,23,1,1.019,1.86,4192679.54,938906,126885.8
FLIGHT_1510,B737,51290,123,33134,33388,469,470,105.44,34.65,53.08,4.69,3.14,12.83,30,1,1.062,2.09,657820.26,994020,25889.5
FLIGHT_1511,A330,156801,342,31654,32094,434,436,134.77,32.36,277.93,7.56,5.32,16.81,29,1,1.009,2.11,2636457.95,917966,118515.18
FLIGHT_1512,A330,139734,533,37635,37642,446,444,71.33,38.53,459.66,7.4,5.06,1.33,23,0,0.988,1.25,185190.63,865605,160502.78
FLIGHT_1513,A320,54373,220,39722,39235,430,430,137.65,41.3,141.56,4.49,3.12,1.38,31,1,1.035,1.98,75093.14,1231382,42460.42
FLIGHT_1514,A320,50895,172,37003,37236,408,409,104.55,37.57,101.18,4.3,3.0,-19.35,22,0,1.003,1.19,-984799.71,814066,24898.99
FLIGHT_1515,B737,62235,172,39437,39888,448,450,143.71,39.47,93.85,5.54,3.52,-11.3,26,0,1.022,2.51,-703491.83,1025362,33350.09
FLIGHT_1516,A330,137556,406,31427,31391,418,418,114.57,31.11,346.27,7.07,4.84,9.36,31,0,1.02,0.84,1288047.18,974237,125228.37
FLIGHT_1517,B777,178399,396,35275,35413,479,480,134.1,36.09,322.68,8.5,5.71,-12.22,33,1,1.046,2.45,-2180754.56,1164075,134741.84
FLIGHT_1518,B777,144446,651,33534,33316,466,466,121.46,33.84,586.37,7.77,5.07,1.26,28,1,1.041,1.8,182178.49,938952,210160.01
FLIGHT_1519,A330,174572,375,33411,33547,453,453,72.5,34.83,302.97,8.51,5.79,19.54,27,1,1.017,1.46,3410686.64,902097,141351.7
FLIGHT_1520,B777,159618,581,30847,30871,418,419,84.73,31.5,517.73,8.12,5.46,13.27,29,0,1.034,2.78,2118772.05,894563,211078.42
FLIGHT_1521,B737,63251,229,36356,36124,442,442,117.6,36.41,152.86,4.97,3.32,-0.51,32,0,1.017,0.08,-32261.02,1163392,44327.93
FLIGHT_1522,B737,64351,191,37693,37678,450,449,149.91,39.95,107.39,5.07,3.58,6.84,24,1,1.009,2.81,439926.19,904632,41549.49
FLIGHT_1523,A330,151518,380,32876,32915,410,409,49.22,33.61,310.13,8.32,5.29,-18.54,31,1,0.993,1.13,-2809177.55,1019156,108860.4
FLIGHT_1524,A330,153305,532,40194,39907,431,433,67.24,38.39,459.31,7.88,5.42,16.66,22,0,1.036,2.66,2553903.86,884268,195594.18
FLIGHT_1525,A320,55610,199,35471,35963,469,470,94.34,33.31,135.21,4.86,3.34,-17.67,24,1,1.036,2.03,-982802.5,851304,35144.6
FLIGHT_1526,A330,133106,645,40331,40479,457,458,28.55,40.62,561.89,7.58,4.9,-20.0,25,0,0.995,0.35,-2661884.03,1008275,166719.07
FLIGHT_1527,B777,139773,356,37914,37694,472,471,53.09,35.28,282.91,7.49,5.08,15.47,34,0,1.053,1.0,2161915.17,1289076,120392.64
FLIGHT_1528,A320,47230,143,36771,36704,448,447,56.99,38.95,64.1,4.63,3.14,-0.71,32,1,1.01,0.79,-33574.5,1176672,25160.74
FLIGHT_1529,A320,53593,157,39688,39656,427,427,99.66,36.88,86.57,5.07,3.26,12.52,27,1,0.981,2.66,671025.66,1071576,33389.37
FLIGHT_1530,B777,147657,341,31724,31822,450,449,24.95,33.72,272.15,7.72,5.09,-17.83,29,0,0.992,2.61,-2632402.72,919996,94060.38
FLIGHT_1531,B737,45094,107,35486,35145,460,458,112.19,36.31,33.85,4.51,3.01,-11.26,32,1,0.998,0.48,-507650.18,1135552,16178.07
FLIGHT_1532,A330,128372,326,38025,37827,446,444,86.34,37.5,251.13,6.84,4.65,12.65,26,1,1.036,2.24,1624347.59,988650,100083.29
FLIGHT_1533,B777,129844,645,37435,37262,469,467,128.86,40.39,566.24,7.52,4.84,-14.92,25,1,1.046,0.14,-1937561.59,935875,179554.44
FLIGHT_1534,B737,56762,101,30750,31135,475,476,110.22,33.44,33.22,4.86,3.31,0.47,34,0,1.051,0.13,26950.69,1045500,18865.79
FLIGHT_1535,B777,141065,520,31234,31431,475,474,85.48,29.74,457.67,7.48,5.06,29.15,28,1,1.006,2.68,4111363.06,874552,182772.04
FLIGHT_1536,A330,173352,382,37110,37543,478,479,21.91,37.41,309.78,8.38,5.57,4.13,23,0,0.986,2.17,715533.34,853530,128309.25
FLIGHT_1537,A320,49239,132,38939,39165,400,402,65.6,40.99,46.59,4.69,3.13,-7.14,33,1,1.012,0.17,-351561.34,1284987,21163.53
FLIGHT_1538,A320,54756,162,33158,32910,463,465,101.85,31.92,96.69,4.96,3.31,20.44,26,1,0.995,1.41,1119252.27,862108,35558.79
FLIGHT_1539,B777,137566,672,39543,40002,474,476,24.88,38.93,598.63,7.65,5.18,-3.44,32,1,1.069,1.96,-473577.52,1265376,221870.53
FLIGHT_1540,B737,52908,130,38293,38569,479,479,102.99,40.02,48.8,5.3,3.34,19.72,24,1,1.07,1.07,1043479.43,919032,31181.67
FLIGHT_1541,A330,178419,455,32801,32331,473,473,111.01,34.16,389.13,8.28,5.84,5.92,26,0,1.019,2.95,1055397.81,852826,167939.1
FLIGHT_1542,B777,143331,539,36307,36128,421,419,99.58,38.37,462.32,7.43,4.99,-2.1,29,0,1.038,1.17,-300712.21,1052903,164828.12
FLIGHT_1543,A320,48304,215,39494,39900,453,452,98.79,40.54,136.47,4.98,3.12,19.86,23,0,1.048,0.41,959210.23,908362,48306.38
FLIGHT_1544,B777,144796,349,33633,33613,439,438,108.22,36.24,276.55,7.69,5.18,17.31,29,1,1.044,2.62,2505975.47,975357,122803.92
FLIGHT_1545,B777,134873,513,32643,32417,435,436,140.74,35.5,439.11,7.49,5.0,18.85,32,1,1.007,2.78,2541937.66,1044576,170202.22
FLIGHT_1546,A320,49159,76,35117,35181,476,478,39.77,32.42,9.43,4.62,3.13,12.97,30,1,0.993,1.44,637367.17,1053510,13956.42
FLIGHT_1547,A320,62438,148,36075,36024,419,418,119.38,33.45,83.37,4.93,3.49,-16.18,34,1,1.014,0.74,-1010289.82,1226550,26504.15
FLIGHT_1548,B737,57493,126,33951,33583,428,428,121.17,33.91,58.35,4.87,3.3,26.13,31,1,1.007,1.53,1502247.08,1052481,28660.8
FLIGHT_1549,A320,62400,215,33797,33556,446,446,42.99,36.4,145.59,4.89,3.33,19.82,31,1,1.006,0.93,1236580.07,1047707,48810.17
FLIGHT_1550,B777,148935,498,38328,38629,460,460,75.96,35.96,426.09,7.72,5.22,3.93,32,1,1.043,0.08,585606.58,1226496,162948.35
FLIGHT_1551,B737,46441,126,35827,35461,424,423,127.32,33.32,59.17,5.06,3.18,9.44,25,0,0.991,0.11,438315.84,895675,24816.67
FLIGHT_1552,B777,158935,405,40779,41024,444,445,45.47,38.2,331.0,7.95,5.33,20.22,33,1,1.033,1.36,3213994.89,1345707,146413.49
FLIGHT_1553,A320,59216,237,40735,40750,419,419,106.04,42.16,154.86,4.88,3.25,-19.74,33,1,1.062,1.63,-1169230.11,1344255,40531.03
FLIGHT_1554,A320,49935,77,31834,31518,450,450,84.83,32.82,8.3,4.91,3.34,-13.95,31,0,1.006,2.24,-696836.08,986854,11865.28
FLIGHT_1555,B777,122084,708,39856,39860,407,407,31.32,36.88,633.56,7.36,4.76,22.41,33,1,1.013,2.57,2735902.3,1315248,232416.74
FLIGHT_1556,A320,45718,138,35763,36163,416,414,67.08,38.68,59.23,4.93,3.22,22.11,28,0,1.034,2.88,1010908.52,1001364,31274.81
FLIGHT_1557,A320,56957,105,31265,31588,431,433,141.36,30.13,47.72,4.69,3.34,13.41,33,0,1.054,1.76,763555.15,1031745,22962.88
FLIGHT_1558,A330,149629,320,31929,31566,420,422,33.12,34.6,254.25,7.94,5.21,9.08,30,1,1.02,1.0,1358732.16,957870,106487.13
FLIGHT_1559,A320,51423,225,38807,39094,423,424,80.52,37.98,152.54,4.65,3.07,0.97,25,0,1.01,0.86,49795.72,970175,41057.1
FLIGHT_1560,A320,55938,144,39171,38968,478,479,117.52,39.56,68.13,5.07,3.33,-4.44,34,0,0.987,1.39,-248181.9,1331814,26902.18
FLIGHT_1561,A320,54052,65,38628,38578,479,479,93.77,39.6,0.0,5.19,3.54,-14.31,24,1,1.058,2.18,-773479.42,927072,14165.84
FLIGHT_1562,A330,155726,712,30587,30803,421,423,68.57,33.22,647.0,7.56,5.25,-11.21,23,0,1.025,1.46,-1746220.67,703501,217804.06
FLIGHT_1563,A320,51271,109,32874,32655,440,440,48.79,34.42,38.14,4.69,3.18,7.45,33,1,1.067,2.45,381820.32,1084842,21745.83
FLIGHT_1564,B737,60557,107,31161,31201,401,400,66.04,30.66,48.91,5.44,3.49,14.93,34,0,1.066,1.54,904066.13,1059474,26023.23
FLIGHT_1565,B777,160797,491,36622,36757,479,479,67.3,36.14,416.42,7.63,5.27,27.74,32,1,1.015,1.99,4461080.13,1171904,178097.88
FLIGHT_1566,B737,64053,196,38029,38008,478,478,98.86,35.86,122.4,5.58,3.5,-19.13,29,0,1.006,1.72,-1225539.44,1102841,34985.5
FLIGHT_1567,A320,64303,62,40545,41014,442,444,144.34,42.84,0.0,4.96,3.47,2.91,28,0,0.99,0.8,187124.68,1135260,15553.92
FLIGHT_1568,B777,167526,514,35744,35287,405,407,103.99,33.81,447.49,8.73,5.5,22.73,28,1,0.999,0.96,3808496.06,1000832,187344.12
FLIGHT_1569,A320,57694,133,31732,31335,464,465,120.89,29.84,72.95,5.16,3.51,8.02,29,1,1.062,2.33,462598.27,920228,30531.03
FLIGHT_1570,A330,138873,533,33134,33572,421,423,80.52,31.43,470.72,7.53,4.93,-7.22,28,1,1.03,2.64,-1003196.37,927752,158682.36
FLIGHT_1571,B737,48674,184,33779,34165,444,445,46.94,34.92,117.07,4.53,3.21,25.67,33,0,1.027,1.69,1249336.3,1114707,42264.43
FLIGHT_1572,A320,55126,165,37173,37195,468,470,30.78,35.99,90.23,4.94,3.27,-6.62,30,0,1.007,2.83,-365112.98,1115190,29580.51
FLIGHT_1573,A330,157485,671,33830,33892,422,424,58.61,31.23,606.38,8.11,5.4,13.31,28,1,0.988,0.77,2096590.19,947240,227315.87
FLIGHT_1574,A320,62050,220,37925,37688,425,425,78.48,37.73,145.82,5.44,3.59,-7.11,23,0,1.008,2.81,-441140.07,872275,44798.95
FLIGHT_1575,A320,55721,228,36168,36398,456,458,148.31,37.5,150.36,4.86,3.45,4.37,32,1,1.062,0.69,243356.06,1157376,48670.19
FLIGHT_1576,A330,154755,531,30222,30144,444,445,87.18,30.37,471.63,7.61,5.22,1.5,25,1,1.043,1.69,231680.56,755550,175352.73
FLIGHT_1577,B777,159976,607,39842,39820,413,413,80.82,39.83,527.23,8.45,5.37,16.33,29,0,1.023,1.89,2611937.36,1155418,216790.56
FLIGHT_1578,B737,58158,219,33634,33980,452,451,148.75,34.79,148.7,5.13,3.4,21.88,30,0,1.06,2.87,1272689.46,1009020,54392.53
FLIGHT_1579,B737,46621,94,30939,30833,442,443,117.4,31.48,30.91,4.61,3.06,23.85,25,0,1.029,0.07,1111967.97,773475,19868.85
FLIGHT_1580,B777,150011,710,36219,35990,400,400,134.01,38.07,635.21,7.96,5.16,6.74,24,0,1.028,0.34,1011313.66,869256,232216.5
FLIGHT_1581,B777,169280,429,38439,38487,401,401,103.61,36.98,356.94,9.12,5.73,-12.02,28,0,1.018,0.12,-2035468.41,1076292,140326.35
FLIGHT_1582,A320,55202,73,33991,34468,466,468,25.69,34.32,3.98,5.19,3.29,-14.0,25,0,1.019,0.34,-772772.62,849775,11944.85
FLIGHT_1583,B737,60639,219,38579,38955,422,420,22.65,37.07,143.3,5.28,3.46,-7.63,31,1,1.015,1.33,-462648.19,1195949,41973.86
FLIGHT_1584,B737,55515,134,30673,31000,419,418,56.12,33.42,68.55,5.2,3.43,-7.88,25,0,1.049,0.61,-437376.01,766825,26202.51
FLIGHT_1585,B737,52070,105,31304,31059,428,426,33.64,31.39,43.52,5.34,3.48,13.24,22,1,1.022,1.52,689448.36,688688,23839.5
FLIGHT_1586,A330,174347,355,32688,32811,437,437,111.33,34.11,288.66,8.18,5.74,1.95,28,0,1.05,2.31,340648.3,915264,128566.2
FLIGHT_1587,B737,45212,155,39475,39096,430,432,106.48,41.06,77.22,4.51,3.02,1.74,30,0,1.016,1.55,78703.39,1184250,28088.66
FLIGHT_1588,A320,60106,207,34785,34811,408,407,46.29,33.49,140.89,4.8,3.31,7.46,33,1,0.995,2.88,448360.83,1147905,42402.53
FLIGHT_1589,A320,61747,117,40128,39672,402,401,51.12,41.43,38.45,4.69,3.33,-2.69,24,0,1.065,1.28,-165953.63,963072,22599.73
FLIGHT_1590,A330,131814,612,37853,37936,401,401,41.39,39.28,535.54,6.22,4.43,18.34,25,0,0.991,0.66,2417091.73,946325,175321.68
FLIGHT_1591,B777,138687,490,36903,37231,457,457,110.33,34.13,422.74,7.42,5.03,29.57,29,1,1.048,3.0,4100637.11,1070187,180066.04
FLIGHT_1592,A320,62786,99,36899,36820,407,406,22.4,35.85,25.77,5.37,3.49,26.78,33,1,1.004,0.84,1681331.94,1217667,23537.06
FLIGHT_1593,B737,49925,163,35438,35839,453,452,45.74,35.76,89.07,4.49,2.99,13.43,25,1,1.041,2.1,670614.44,885950,32442.52
FLIGHT_1594,B737,46514,149,30657,30362,415,415,139.79,32.65,84.32,4.47,3.12,-11.72,34,1,0.981,2.2,-545336.51,1042338,23819.96
FLIGHT_1595,A330,145876,582,39401,38948,468,469,114.08,41.57,502.84,7.85,5.19,6.53,33,0,1.035,2.91,953293.89,1300233,196420.48
FLIGHT_1596,A320,49986,122,35540,35460,401,401,37.38,34.14,56.33,4.64,3.16,-15.9,25,0,0.981,0.22,-794723.59,888500,18244.67
FLIGHT_1597,A320,58435,174,37541,37428,410,410,88.22,37.04,99.99,4.8,3.38,-19.85,28,0,0.988,0.57,-1159835.5,1051148,27695.88
FLIGHT_1598,B777,125429,638,33509,33836,432,433,115.3,31.02,576.08,6.75,4.65,-13.06,22,1,1.015,1.56,-1638044.25,737198,168358.2
FLIGHT_1599,B777,151515,552,30529,30720,405,406,96.54,29.57,494.61,8.04,5.11,26.41,27,0,1.063,1.44,4002061.31,824283,204440.26
FLIGHT_1600,A330,129788,501,32897,33110,450,449,104.49,34.84,434.1,7.45,4.85,-17.77,30,0,1.021,2.49,-2306323.32,986910,137192.92
FLIGHT_1601,B777,128403,515,33394,33171,437,438,94.46,33.63,448.89,7.77,4.88,6.16,24,1,1.059,0.6,790738.94,801456,164683.27
FLIGHT_1602,B737,53936,81,34639,34416,468,468,32.98,34.98,12.84,4.99,3.2,-4.0,29,0,0.996,2.85,-215687.91,1004531,14488.0
FLIGHT_1603,B737,64865,233,36543,36596,419,419,44.02,35.17,161.09,5.4,3.47,-6.27,23,1,1.045,1.19,-406907.75,840489,47703.2
FLIGHT_1604,B737,54457,161,36983,36702,415,415,31.4,36.16,91.34,4.73,3.17,8.58,32,1,1.001,2.12,466970.86,1183456,32267.38
FLIGHT_1605,A320,48496,134,35608,35886,473,471,58.47,34.39,63.28,5.14,3.28,-5.43,31,1,1.033,1.89,-263532.48,1103848,25099.84
FLIGHT_1606,B777,132436,702,38700,38238,422,422,111.15,40.1,625.81,7.95,4.98,10.26,32,1,0.983,0.94,1358840.41,1238400,217985.0
FLIGHT_1607,A320,64159,123,39829,40105,428,429,129.06,37.09,45.5,5.58,3.59,-0.2,26,1,0.997,2.92,-12704.24,1035554,25554.31
FLIGHT_1608,B737,47329,128,40467,40089,456,456,148.6,38.57,52.36,4.63,3.06,9.38,26,0,1.047,0.99,443837.05,1052142,25434.49
FLIGHT_1609,B737,47686,98,32357,32365,450,449,77.11,30.09,36.31,4.55,3.06,-11.31,32,1,1.055,2.06,-539130.31,1035424,16135.34
FLIGHT_1610,A320,51861,84,36521,36917,407,408,83.75,34.57,14.68,4.74,3.34,17.78,25,1,1.006,0.75,922233.66,913025,17051.12
FLIGHT_1611,B737,62086,182,39699,39572,433,434,147.57,42.56,99.82,5.56,3.5,2.91,26,0,0.98,0.65,180721.13,1032174,37852.72
FLIGHT_1612,B737,50108,98,34572,34656,477,476,114.4,33.53,33.03,5.14,3.39,-2.72,22,1,1.002,2.89,-136444.9,760584,18954.99
FLIGHT_1613,B777,138908,391,36021,36441,408,409,104.83,34.68,321.74,7.04,5.02,26.07,22,0,0.99,0.7,3621572.28,792462,129241.99
FLIGHT_1614,A330,127185,417,40926,40474,477,476,89.19,40.16,333.76,7.16,4.63,-14.2,31,1,1.039,0.79,-1805888.41,1268706,108898.33
FLIGHT_1615,A330,145867,502,30221,30165,465,464,127.34,31.59,441.39,7.24,5.0,2.22,30,0,1.043,2.47,324048.33,906630,160428.06
FLIGHT_1616,B737,61205,129,36654,37036,450,451,82.68,35.56,59.81,4.7,3.27,14.04,22,0,1.038,0.68,859027.15,806388,27567.42
FLIGHT_1617,A330,135089,505,31383,31122,411,409,116.18,32.97,439.91,7.36,4.98,1.27,34,1,1.016,0.86,171796.95,1067022,153144.42
FLIGHT_1618,A320,60162,221,40381,40417,415,416,54.54,38.35,147.09,4.73,3.22,-13.24,32,0,1.06,0.95,-796476.6,1292192,39424.43
FLIGHT_1619,B777,170696,497,36276,36528,426,424,121.96,38.17,418.62,8.58,5.63,10.33,23,0,1.041,1.52,1762775.72,834348,181743.39
FLIGHT_1620,A330,173244,323,40428,40509,429,429,126.73,39.22,247.44,7.88,5.59,-1.87,27,0,1.048,1.83,-323633.81,1091556,110861.05
FLIGHT_1621,A330,124178,331,34300,34429,466,464,109.79,36.28,257.19,6.82,4.84,21.65,31,1,1.044,0.19,2688985.61,1063300,107739.61
FLIGHT_1622,B777,134552,481,32717,32874,478,478,54.89,34.51,415.35,7.46,5.0,-7.59,28,0,1.05,0.65,-1020600.65,916076,144774.73
FLIGHT_1623,B737,47866,140,30133,29887,422,422,43.46,30.13,80.5,4.62,3.12,-6.15,24,1,1.043,2.52,-294587.5,723192,25201.0
FLIGHT_1624,A320,46363,131,30370,30011,437,437,36.62,29.63,69.36,4.53,3.18,-10.94,32,0,1.024,2.86,-507029.88,971840,21899.76
FLIGHT_1625,A320,63217,140,31748,31500,430,430,59.98,30.18,79.06,5.06,3.53,-18.16,27,0,1.065,2.95,-1147744.91,857196,26426.16
FLIGHT_1626,A320,48843,84,32613,32430,460,458,60.71,31.81,20.2,4.83,3.39,7.16,25,1,1.053,2.88,349799.88,815325,17686.56
FLIGHT_1627,B777,164979,429,34731,35135,433,433,26.31,37.49,357.17,7.98,5.34,-13.64,24,0,1.03,0.37,-2250751.17,833544,130307.3
FLIGHT_1628,B777,146640,534,32562,32757,453,454,62.32,33.98,466.49,7.97,5.13,16.75,27,0,1.025,0.66,2455586.63,879174,181547.88
FLIGHT_1629,A330,138825,672,36118,36287,445,443,142.67,37.31,596.67,7.89,5.02,7.93,22,0,1.01,0.57,1100334.42,794596,211356.56
FLIGHT_1630,A330,178805,678,34105,34378,427,428,81.96,36.01,609.27,8.92,5.86,-13.64,29,0,1.053,0.73,-2439444.08,989045,236545.03
FLIGHT_1631,B777,154182,451,35050,35087,437,435,42.66,33.42,384.37,8.25,5.32,-19.35,26,1,1.064,2.78,-2982973.21,911300,141907.98
FLIGHT_1632,A320,50374,172,36712,37077,446,444,90.66,37.16,101.46,4.72,3.19,-5.63,34,0,0.995,2.38,-283742.29,1248208,30896.23
FLIGHT_1633,B777,124044,384,33323,32945,468,468,97.22,34.65,314.73,7.2,4.68,12.55,29,0,1.004,2.25,1556347.33,966367,116064.89
FLIGHT_1634,B777,153394,413,34643,34333,464,464,147.51,37.13,342.05,7.27,5.12,9.09,30,0,1.044,1.69,1393860.6,1039290,137660.44
FLIGHT_1635,A330,143861,579,35486,35686,405,404,71.14,34.03,509.64,7.5,5.14,16.28,34,0,1.013,0.38,2342584.24,1206524,191926.25
FLIGHT_1636,B777,147707,597,35126,34719,427,428,88.75,37.9,524.57,8.15,5.22,18.11,33,1,0.995,0.5,2674323.25,1159158,202190.88
FLIGHT_1637,B777,142559,559,39952,40130,463,462,77.83,41.94,473.75,7.32,4.81,17.06,30,1,1.053,2.61,2431859.63,1198560,186405.74
FLIGHT_1638,A330,130827,582,40988,40956,441,441,134.53,42.3,500.48,7.13,4.84,16.78,31,0,1.004,1.39,2195434.89,1270628,183819.0
FLIGHT_1639,B777,122934,543,31136,30948,405,406,93.55,30.06,484.84,7.15,4.52,-5.59,27,1,1.05,2.44,-686673.28,840672,153253.18
FLIGHT_1640,A330,165537,605,32431,31990,432,433,44.41,32.13,539.19,7.92,5.45,-18.82,29,1,1.005,0.68,-3115813.7,940499,179533.84
FLIGHT_1641,A320,64772,198,35780,35909,449,450,78.49,38.13,125.43,4.71,3.35,-12.27,31,1,1.044,0.4,-794679.89,1109180,36112.56
FLIGHT_1642,A330,158457,362,34050,33846,473,474,147.61,34.83,291.33,7.94,5.31,-17.33,33,1,1.038,1.55,-2746773.15,1123650,108997.08
FLIGHT_1643,B777,134313,404,39976,40257,440,440,59.92,41.26,320.21,7.73,4.98,12.17,34,1,1.06,0.09,1634808.33,1359184,134012.05
FLIGHT_1644,A320,62458,136,39422,39359,449,451,66.11,37.25,59.01,5.45,3.45,23.35,24,1,1.049,2.68,1458546.85,946128,33688.81
FLIGHT_1645,B777,138131,303,39926,40096,428,427,134.13,38.38,227.74,7.28,4.91,26.8,32,1,1.048,2.74,3702028.94,1277632,106966.18
FLIGHT_1646,A330,139155,403,38244,38141,434,434,53.22,38.06,327.14,7.12,4.78,-6.99,26,0,1.012,2.52,-973101.44,994344,113202.63
FLIGHT_1647,A320,48702,156,30668,30847,428,430,147.86,30.97,91.83,4.98,3.29,-19.89,22,1,1.065,1.01,-968698.41,674696,26939.08
FLIGHT_1648,A320,54335,70,33441,33198,475,477,45.46,33.95,1.86,4.83,3.27,10.36,31,0,1.026,0.79,563080.89,1036671,13366.17
FLIGHT_1649,A320,52828,223,36037,35716,477,476,133.36,37.86,149.11,4.75,3.31,8.56,29,0,1.007,2.33,452398.49,1045073,46414.84
FLIGHT_1650,B737,51719,144,35725,35926,438,439,114.81,38.19,67.93,4.88,3.33,2.97,23,0,1.015,1.17,153500.62,821675,28049.22
FLIGHT_1651,A320,53754,232,37360,37357,415,415,21.53,34.53,161.65,4.71,3.2,29.24,23,1,0.998,1.36,1571525.01,859280,53709.95
FLIGHT_1652,A330,120307,517,34165,33712,445,443,125.24,36.07,444.57,6.46,4.52,-15.98,25,1,1.011,0.52,-1922768.65,854125,127410.04
FLIGHT_1653,A330,164562,687,32224,32604,429,429,44.58,31.39,622.14,9.03,5.72,14.91,27,0,1.004,0.16,2453557.7,870048,249978.73
FLIGHT_1654,B777,137613,674,40249,40538,402,403,95.04,39.05,599.76,7.75,5.1,-17.14,22,1,1.016,2.31,-2358923.88,885478,194639.89
FLIGHT_1655,A330,138103,440,33262,33564,409,407,20.8,32.91,373.75,7.72,5.05,12.05,24,0,0.99,2.65,1664642.84,798288,141006.84
FLIGHT_1656,A320,48796,157,30277,30708,443,441,38.19,31.48,94.87,4.49,3.12,2.37,32,1,0.999,0.26,115462.25,968864,28798.61
FLIGHT_1657,B777,157122,348,39111,38687,443,443,54.0,37.89,272.85,7.61,5.24,-1.96,23,0,0.985,1.01,-307741.53,899553,105003.44
FLIGHT_1658,B737,62181,218,33522,33906,400,402,138.22,31.41,155.9,4.77,3.3,6.7,30,0,1.05,0.74,416666.5,1005660,46281.15
FLIGHT_1659,B777,167286,698,34474,34038,402,402,40.53,33.81,629.16,8.78,5.64,22.33,32,1,1.026,0.15,3736067.24,1103168,263981.97
FLIGHT_1660,B737,60645,150,34677,34527,476,475,44.66,37.09,79.28,5.17,3.43,-15.35,32,0,0.98,2.93,-930941.91,1109664,26675.78
FLIGHT_1661,B737,49113,239,31333,31792,417,416,132.75,33.0,175.46,4.79,3.16,-8.34,32,1,1.008,0.98,-409548.13,1002656,41884.69
FLIGHT_1662,A320,61902,153,33180,33184,469,471,97.69,33.78,84.79,4.94,3.2,10.3,24,1,1.046,0.6,637376.43,796320,32346.1
FLIGHT_1663,A320,62504,111,34706,35145,439,439,114.39,32.75,43.23,5.51,3.46,-10.34,23,1,1.031,1.79,-646510.42,798238,21494.12
FLIGHT_1664,A330,125424,635,33659,33219,419,419,58.11,32.78,572.06,6.83,4.61,-2.46,26,1,1.01,1.82,-308345.82,875134,176372.09
FLIGHT_1665,B737,47602,200,38111,37671,472,471,88.89,38.26,126.22,4.57,3.22,29.12,23,0,1.069,0.0,1386132.33,876553,48261.72
FLIGHT_1666,A330,151918,315,38734,39037,468,470,97.1,40.73,234.32,7.52,5.26,-12.72,23,0,1.068,0.78,-1931658.13,890882,95795.14
FLIGHT_1667,A320,50084,169,38060,38155,423,425,136.76,35.76,101.01,5.32,3.36,12.91,31,0,1.005,0.73,646502.77,1179860,37432.44
FLIGHT_1668,B737,64260,232,30351,29981,433,435,34.23,29.08,171.42,5.05,3.39,-15.67,23,1,1.049,0.94,-1006956.02,698073,42143.57
FLIGHT_1669,A320,58637,160,36941,37055,479,479,55.06,37.12,82.71,5.27,3.5,-1.08,26,0,1.019,2.04,-63220.57,960466,32091.19
FLIGHT_1670,A330,174268,329,40188,40522,416,416,117.14,42.54,245.91,8.63,5.8,0.86,22,1,0.985,1.85,149438.15,884136,112582.58
FLIGHT_1671,A320,47163,98,35724,35548,414,414,59.11,37.62,23.56,5.14,3.22,27.88,28,0,1.025,1.89,1314834.46,1000272,23211.32
FLIGHT_1672,A330,173025,438,31414,31883,413,412,117.28,33.56,373.72,8.28,5.71,-2.32,24,1,1.036,0.57,-401575.87,753936,152706.07
FLIGHT_1673,A330,173261,581,34482,34548,463,462,87.47,32.18,519.4,9.1,5.86,19.11,28,0,1.068,1.31,3311514.04,965496,237181.46
FLIGHT_1674,A320,48863,148,37611,37117,405,406,146.29,36.72,73.07,4.86,3.3,-9.0,29,1,1.05,2.39,-439936.62,1090719,27695.06
FLIGHT_1675,B777,128962,605,37790,38092,478,480,31.65,40.16,526.53,7.57,4.81,20.26,25,1,1.07,0.06,2612729.73,944750,205880.24
FLIGHT_1676,B737,51978,95,30011,29579,435,434,90.84,30.58,35.3,4.59,3.16,19.01,28,0,1.012,2.41,988287.54,840308,20123.54
FLIGHT_1677,A330,155699,314,32978,32940,416,418,69.42,30.32,252.27,8.03,5.12,22.28,27,0,1.068,1.48,3469685.95,890406,114023.07
FLIGHT_1678,A320,53182,123,38556,38272,417,416,45.62,37.03,48.82,4.77,3.2,-18.16,24,0,1.041,0.33,-965801.8,925344,19325.36
FLIGHT_1679,B777,167133,385,33677,34012,462,461,46.59,34.42,315.96,8.45,5.84,19.7,24,0,1.02,2.49,3292939.37,808248,148564.77
FLIGHT_1680,A330,170868,338,31905,31908,427,426,139.65,31.96,272.87,8.11,5.54,-5.09,32,1,1.06,1.3,-869009.8,1020960,114582.53
FLIGHT_1681,B777,163453,456,38252,38589,407,406,103.18,36.88,380.53,8.05,5.48,9.45,30,1,1.05,1.11,1545024.76,1147560,161575.71
FLIGHT_1682,B777,167235,580,37941,38267,409,407,38.99,40.03,501.82,8.85,5.67,0.11,30,1,1.057,0.84,19151.48,1138230,208661.24
FLIGHT_1683,B777,151554,601,40495,40516,419,419,110.7,38.1,523.64,7.32,5.18,-9.26,33,1,1.034,1.51,-1403617.19,1336335,182632.8
FLIGHT_1684,B737,52359,180,30378,30311,451,450,149.06,30.5,119.21,5.17,3.35,25.46,28,0,0.984,1.5,1332957.44,850584,41728.5
FLIGHT_1685,A330,137685,525,38630,38874,402,402,68.14,38.89,446.14,7.69,4.9,12.83,32,1,1.043,2.15,1765953.89,1236160,172751.03
FLIGHT_1686,A320,56308,202,31502,31910,464,464,98.98,28.58,143.44,5.13,3.34,-19.89,23,0,0.997,0.1,-1119846.62,724546,32806.06
FLIGHT_1687,A320,55280,175,38012,37836,428,429,98.72,36.51,105.23,5.1,3.26,-9.6,31,0,0.99,2.53,-530903.09,1178372,31531.38
FLIGHT_1688,B737,51073,236,36464,36652,404,404,79.83,38.58,162.18,4.98,3.35,-4.29,27,1,1.003,2.98,-219328.02,984528,46388.12
FLIGHT_1689,B737,50035,200,40766,40581,452,450,92.56,41.92,119.65,4.53,3.16,-1.94,24,1,1.055,2.28,-96877.99,978384,38825.36
FLIGHT_1690,B737,47992,82,39674,39308,415,417,86.5,39.7,0.96,4.65,3.31,-3.82,26,0,1.027,1.92,-183130.51,1031524,13716.79
FLIGHT_1691,B777,161197,311,34271,33847,435,436,123.16,32.42,246.27,8.35,5.3,22.75,31,1,1.06,2.99,3667262.05,1062401,118101.67
FLIGHT_1692,B737,50006,219,30691,30246,420,420,140.14,30.88,156.84,4.7,3.16,12.27,30,1,1.066,2.23,613597.76,920730,48074.61
FLIGHT_1693,B737,61841,197,40432,40698,479,479,26.23,40.15,118.32,5.37,3.4,-18.44,32,1,1.029,1.25,-1140234.87,1293824,34922.8
FLIGHT_1694,A320,57470,238,30789,30502,406,406,120.83,33.14,169.76,4.93,3.26,2.0,26,0,1.003,0.65,115198.51,800514,45576.52
FLIGHT_1695,B737,51259,130,38744,39105,465,466,36.93,39.04,52.16,4.69,3.04,5.47,31,0,1.024,2.09,280449.62,1201064,24693.95
FLIGHT_1696,B737,58407,239,30214,30405,425,425,63.43,27.53,183.68,4.9,3.46,17.36,31,0,1.06,0.78,1014026.7,936634,57431.25
FLIGHT_1697,A320,46357,162,31872,31779,432,434,99.18,32.93,99.62,4.27,3.04,29.04,31,1,1.055,2.6,1346244.64,988032,38254.43
FLIGHT_1698,A330,142901,451,32121,32190,439,441,45.17,31.0,389.68,8.08,5.09,-6.83,29,0,1.046,2.03,-976247.22,931509,140982.55
FLIGHT_1699,B737,46914,237,38629,38615,444,442,56.08,39.69,159.38,4.4,2.96,-12.92,34,0,1.021,0.86,-606271.97,1313386,37196.78
FLIGHT_1700,B777,173010,685,37952,37454,445,446,65.68,35.67,614.69,8.34,5.81,27.78,22,1,1.066,0.53,4806279.98,834944,282178.62
FLIGHT_1701,B777,168390,320,40450,40339,474,475,135.4,37.98,243.91,8.27,5.77,26.58,32,1,1.033,0.35,4475709.59,1294400,124673.5
FLIGHT_1702,B777,128850,335,40677,40221,461,461,148.91,42.3,254.77,7.32,4.75,4.17,32,0,1.035,1.81,537138.76,1301664,101033.33
FLIGHT_1703,B777,147514,640,37182,37043,427,425,84.35,37.24,562.49,7.19,4.89,-1.2,23,1,1.001,1.36,-177535.08,855186,186356.51
FLIGHT_1704,A320,55400,227,33747,33967,478,479,93.17,31.5,165.27,4.69,3.08,29.8,30,1,1.014,2.62,1650898.91,1012410,52884.77
FLIGHT_1705,B737,58217,162,37891,37772,458,456,73.37,36.39,86.83,4.71,3.27,-9.67,33,1,0.988,1.0,-562778.81,1250403,27198.62
FLIGHT_1706,A330,154612,384,31533,31109,471,470,132.09,29.08,326.99,8.42,5.27,-6.78,31,0,1.053,0.68,-1047551.72,977523,123457.66
FLIGHT_1707,B737,49543,106,33346,32924,427,426,61.81,32.41,44.13,4.36,3.04,-1.93,31,1,1.059,0.22,-95757.31,1033726,18813.64
FLIGHT_1708,A320,54333,195,31831,31662,444,444,47.04,32.53,131.29,4.96,3.27,15.36,26,0,1.061,1.33,834470.3,827606,44369.73
FLIGHT_1709,A320,52744,170,34033,34387,418,417,140.41,33.3,102.67,4.66,3.08,-7.76,24,1,1.019,2.16,-409076.81,816792,29144.69
FLIGHT_1710,B737,63254,196,33404,33866,413,414,140.85,31.56,135.91,4.97,3.39,13.39,25,1,1.05,2.43,847010.13,835100,45883.74
FLIGHT_1711,B777,159569,387,30150,29993,425,427,31.43,30.04,328.57,8.03,5.47,18.16,30,0,1.063,1.55,2897339.64,904500,146176.27
FLIGHT_1712,A320,56855,168,33836,34023,419,419,36.03,36.52,94.77,5.24,3.31,10.83,24,1,0.994,2.91,615913.75,812064,35816.17
FLIGHT_1713,A320,46300,155,32748,32456,451,451,95.5,34.49,84.47,4.85,3.23,-8.25,29,1,1.012,0.06,-382201.72,949692,26472.19
FLIGHT_1714,A320,58505,92,30452,30200,417,416,32.62,32.15,30.06,5.24,3.29,-13.69,30,1,0.988,2.59,-801046.74,913560,16158.46
FLIGHT_1715,B777,137085,509,38709,38700,458,459,43.12,36.58,438.54,6.98,4.77,5.67,30,0,1.042,2.6,777564.01,1161270,157750.43
FLIGHT_1716,B777,163555,575,40143,40147,410,411,20.83,40.31,491.59,7.92,5.57,22.62,33,0,1.024,2.94,3699971.65,1324719,217715.63
FLIGHT_1717,B777,170884,464,37354,37832,424,425,137.12,36.2,388.77,8.16,5.51,-3.08,22,0,1.066,1.99,-527011.16,821788,160206.78
FLIGHT_1718,A330,147183,539,31026,30571,428,427,45.46,30.42,478.5,7.29,5.16,-4.47,29,1,1.062,1.94,-657841.6,899754,173402.3
FLIGHT_1719,A320,55405,88,36392,36319,427,427,92.79,38.72,7.39,4.6,3.28,5.4,32,1,1.063,2.26,299406.82,1164544,16320.7
FLIGHT_1720,A320,59029,78,32982,32787,454,455,113.93,31.75,16.62,5.06,3.34,25.3,24,1,1.038,1.93,1493712.75,791568,18452.41
FLIGHT_1721,A320,56685,145,33471,33024,478,480,115.55,32.43,83.72,5.05,3.51,25.04,24,0,0.988,1.39,1419130.81,803304,34328.17
FLIGHT_1722,A320,63340,179,38815,39145,431,431,121.4,38.77,104.92,5.01,3.52,11.71,24,0,1.025,1.25,741695.18,931560,40633.82
FLIGHT_1723,B777,158034,472,36377,35918,450,451,88.61,37.34,397.82,8.73,5.48,-16.15,23,1,1.061,2.72,-2552309.4,836671,155531.61
FLIGHT_1724,A330,126679,438,40656,40453,433,434,133.29,39.53,356.5,7.68,4.92,13.79,23,1,1.068,2.25,1746497.62,935088,147739.77
FLIGHT_1725,A320,54949,180,35929,36126,451,452,124.58,33.0,114.34,5.28,3.34,13.28,28,0,1.07,2.47,729695.24,1006012,42437.71
FLIGHT_1726,A320,58812,107,30384,29979,435,433,128.65,32.22,43.02,5.27,3.37,-10.5,33,1,1.052,3.0,-617333.29,1002672,21070.75
FLIGHT_1727,A330,129290,619,40673,41122,412,413,33.75,43.14,534.22,6.97,4.72,-0.45,29,0,1.064,0.49,-58247.75,1179517,184221.51
FLIGHT_1728,A320,56669,200,40317,40682,460,459,58.16,41.09,117.62,4.71,3.21,21.16,32,1,0.983,0.07,1199103.35,1290144,41902.65
FLIGHT_1729,A320,63610,151,37145,36718,445,444,101.27,36.03,77.83,4.98,3.49,-5.74,30,1,1.056,0.05,-364937.6,1114350,29140.15
FLIGHT_1730,B737,51844,115,34374,34264,442,442,62.97,33.49,47.3,5.27,3.31,29.09,23,1,1.042,1.12,1508408.19,790602,28704.54
FLIGHT_1731,A320,61225,235,36553,37011,475,473,106.54,36.32,164.1,5.31,3.43,-4.93,22,0,1.062,0.48,-301605.2,804166,48642.27
FLIGHT_1732,A320,61274,138,37235,36774,451,450,50.9,39.5,55.62,5.05,3.44,-19.45,28,0,0.984,1.41,-1191770.48,1042580,21308.17
FLIGHT_1733,B737,61289,147,37330,37394,467,468,141.44,39.23,71.61,4.87,3.24,4.11,33,0,0.987,1.8,251888.28,1231890,27900.89
FLIGHT_1734,A320,62450,217,36411,36436,437,438,116.14,38.37,142.72,5.56,3.53,4.88,32,1,1.04,0.25,304496.02,1165152,48762.53
FLIGHT_1735,A330,155681,543,31321,31322,474,473,121.07,31.02,479.51,7.95,5.36,3.48,23,0,1.05,0.66,541853.21,720383,184551.03
FLIGHT_1736,A330,132542,302,32970,32475,465,466,45.12,31.07,240.61,7.57,4.77,20.33,24,0,1.029,2.13,2694527.17,791280,99287.08
FLIGHT_1737,A320,59859,185,37181,37488,417,417,85.35,38.66,107.73,5.05,3.5,-15.83,28,1,1.049,1.73,-947299.54,1041068,34559.7
FLIGHT_1738,B737,51553,207,35391,35629,472,472,34.24,36.89,134.35,4.73,3.18,-19.95,26,1,0.992,1.76,-1028743.58,920166,32552.63
FLIGHT_1739,A330,157086,368,30496,30563,464,463,27.08,32.52,300.88,7.69,5.29,-11.89,24,0,0.983,0.18,-1867302.9,731904,105536.77
FLIGHT_1740,A320,47794,236,31427,31602,449,451,72.22,31.05,174.39,4.47,3.07,-13.5,32,0,0.997,0.27,-645169.03,1005664,37067.09
FLIGHT_1741,B777,179448,431,33583,33732,431,432,35.42,36.54,361.12,9.29,5.83,-16.37,33,1,0.984,1.86,-2938264.41,1108239,139805.4
FLIGHT_1742,B777,120416,537,30042,30288,416,415,117.54,27.59,484.05,7.0,4.58,24.94,25,1,1.024,0.41,3003680.66,751050,171395.93
FLIGHT_1743,A330,128572,557,36310,36527,456,457,133.64,38.97,479.28,6.94,4.76,-1.84,30,1,1.028,0.32,-236063.01,1089300,159702.94
FLIGHT_1744,B777,177635,543,39365,39077,423,423,114.54,40.19,461.72,8.99,5.79,29.11,23,1,0.998,2.96,5171783.81,905395,214059.12
FLIGHT_1745,B777,150711,407,39544,39973,462,461,114.01,37.53,334.27,7.81,5.07,26.83,23,1,1.069,0.82,4044153.81,909512,149785.3
FLIGHT_1746,A320,54762,98,30861,30973,472,473,85.45,33.31,33.79,5.05,3.22,-13.16,28,0,1.007,2.39,-720595.74,864108,16365.93
FLIGHT_1747,B777,144710,491,36647,36431,414,415,116.86,35.74,423.06,7.86,5.09,13.9,25,1,1.008,0.6,2011671.06,916175,160727.21
FLIGHT_1748,A330,169174,601,33479,33965,455,454,140.53,35.57,529.55,8.7,5.61,18.69,29,1,0.994,0.85,3161087.51,970891,217731.31
FLIGHT_1749,A330,120906,351,35600,35807,469,470,91.38,34.09,282.78,7.06,4.7,-12.71,26,1,0.982,2.7,-1536667.72,925600,91490.21
FLIGHT_1750,A330,167682,354,34755,34874,462,463,96.64,37.17,282.85,7.76,5.53,-14.83,31,1,0.998,0.43,-2487053.18,1077405,106105.18
FLIGHT_1751,B777,161174,330,37530,37676,438,438,143.28,37.92,252.38,8.58,5.55,29.32,31,0,1.06,1.57,4726366.43,1163430,130840.46
FLIGHT_1752,A320,54724,133,34043,34132,406,406,147.62,34.17,68.32,5.33,3.44,28.58,31,1,1.041,2.89,1564116.67,1055333,34538.92
FLIGHT_1753,A320,57316,153,34503,34710,427,428,137.48,32.67,89.83,4.62,3.28,23.14,29,1,1.007,2.2,1326416.78,1000587,35065.06
FLIGHT_1754,A330,135651,429,39873,40189,407,405,133.29,40.45,350.31,7.74,5.04,-2.03,24,0,1.002,1.89,-274875.44,956952,128661.82
FLIGHT_1755,B777,173544,304,40609,40481,463,463,144.87,40.34,227.23,8.19,5.73,2.15,22,1,0.981,0.2,373406.85,893398,99982.07
FLIGHT_1756,A320,50360,77,33951,34025,418,420,25.77,32.96,12.35,5.09,3.26,-17.07,26,0,1.04,1.3,-859809.52,882726,12799.7
FLIGHT_1757,B777,169538,622,32002,32130,448,448,63.64,29.7,561.54,8.11,5.72,20.52,26,0,1.039,0.39,3478202.88,832052,238436.15
FLIGHT_1758,B777,152853,620,30867,30477,441,442,28.89,30.79,556.34,7.57,5.31,-18.48,33,1,1.014,0.96,-2825431.86,1018611,181172.23
FLIGHT_1759,B777,127635,471,40355,40506,477,477,85.88,37.44,393.09,7.43,4.9,-11.62,27,0,1.055,2.57,-1483299.61,1089585,137770.9
FLIGHT_1760,A330,164755,545,30752,30524,402,404,103.88,30.61,482.33,8.7,5.51,-10.75,30,1,1.047,2.92,-1771510.71,922560,182593.74
FLIGHT_1761,A320,48517,75,39722,39506,456,454,22.19,41.53,0.0,4.6,3.08,-15.29,24,0,1.013,1.72,-741851.08,953328,11873.8
FLIGHT_1762,A330,152499,541,35927,35902,428,430,137.89,37.79,469.13,7.67,5.15,12.36,31,1,0.99,0.61,1885106.84,1113737,174793.92
FLIGHT_1763,A330,142177,591,37985,38163,417,416,47.31,39.66,513.64,7.77,5.1,-8.44,26,0,1.012,0.51,-1199598.78,987610,173924.05
FLIGHT_1764,B737,48825,79,33234,33034,419,418,29.21,33.15,16.01,4.34,3.03,25.12,23,0,1.06,1.7,1226520.59,764382,16984.01
FLIGHT_1765,B777,120147,677,33835,33805,470,470,119.23,33.6,607.97,7.09,4.44,21.56,31,1,1.041,1.36,2589807.39,1048885,211790.39
FLIGHT_1766,A330,131778,460,30807,30732,462,461,27.62,31.64,394.91,7.03,4.92,-12.42,34,0,1.062,2.95,-1636122.65,1047438,135363.82
FLIGHT_1767,A320,47116,124,35098,35446,457,456,56.31,33.17,58.57,4.78,3.06,-8.06,34,1,0.986,2.33,-379534.89,1193332,20648.63
FLIGHT_1768,A320,46234,93,36838,36823,445,446,114.81,35.27,25.2,4.64,3.03,-10.43,31,1,1.046,1.61,-482330.57,1141978,15673.21
FLIGHT_1769,B737,49542,223,33470,33425,413,411,21.31,35.38,152.6,4.75,3.23,13.46,30,0,1.006,1.21,666744.04,1004100,46453.4
FLIGHT_1770,A320,52555,229,34392,34238,413,415,149.05,34.1,160.53,4.69,3.18,-2.0,28,1,1.017,1.78,-104995.66,962976,42697.17
FLIGHT_1771,A330,163101,331,35380,34912,421,423,44.82,34.31,264.67,8.71,5.5,4.49,33,1,1.054,2.16,732711.37,1167540,118364.3
FLIGHT_1772,B777,152144,603,37258,37692,400,400,87.27,35.45,534.92,7.81,5.27,21.67,30,0,0.986,1.51,3297430.65,1117740,207627.52
FLIGHT_1773,B777,158036,718,35252,35392,431,432,135.52,32.54,654.57,8.51,5.36,18.38,32,0,0.986,2.05,2903995.03,1128064,250843.41
FLIGHT_1774,B737,59311,121,34457,34216,468,467,54.77,35.53,53.58,5.18,3.53,20.52,34,0,0.989,2.99,1217162.7,1171538,28443.39
FLIGHT_1775,B777,172107,610,30427,30056,469,470,128.41,30.02,548.75,8.02,5.67,8.13,22,1,0.987,1.89,1399417.13,669394,212151.0
FLIGHT_1776,A330,169718,327,32326,32701,448,448,115.34,34.18,255.73,8.84,5.56,-19.26,33,1,0.989,2.47,-3268950.69,1066758,99015.87
FLIGHT_1777,B777,144316,662,31645,31879,459,459,90.43,33.87,594.42,7.98,5.04,28.77,24,0,1.039,1.61,4152508.21,759480,239067.25
FLIGHT_1778,A330,131265,317,30766,30333,444,442,65.79,29.42,256.5,7.42,4.86,-18.64,23,0,1.057,1.65,-2446618.49,707618,87687.75
FLIGHT_1779,B777,125831,327,35816,36223,415,414,59.13,35.38,255.29,6.59,4.7,12.91,25,1,1.04,0.4,1624303.5,895400,99861.8
FLIGHT_1780,B737,62038,117,32017,31830,403,403,101.63,34.95,45.34,4.96,3.46,0.87,28,1,0.997,2.58,53824.99,896476,22741.55
FLIGHT_1781,B737,46808,104,33205,33086,462,463,143.87,36.1,33.47,5.09,3.24,23.63,28,0,0.983,1.57,1106018.29,929740,22530.62
FLIGHT_1782,B737,45831,82,34154,34601,430,430,118.58,36.65,11.94,4.8,3.08,1.89,22,0,1.005,2.74,86417.9,751388,15031.21
FLIGHT_1783,A330,130602,313,37614,37623,439,440,142.19,39.14,237.06,7.23,4.89,27.99,22,1,1.006,0.55,3656030.68,827508,104317.86
FLIGHT_1784,B737,47174,231,38555,38496,460,461,81.89,38.8,157.76,5.17,3.3,27.62,29,0,1.063,2.59,1302818.6,1118095,59005.56
FLIGHT_1785,A320,63546,215,39346,39657,470,469,91.11,38.37,138.89,4.88,3.34,8.75,34,1,1.044,2.66,555871.57,1337764,47330.58
FLIGHT_1786,B777,138553,577,33439,33408,403,402,143.58,33.35,508.68,8.02,5.1,11.9,22,0,1.048,2.67,1649443.66,735658,198338.76
FLIGHT_1787,B777,175508,489,32943,32481,404,404,83.39,31.42,429.69,8.99,5.8,-9.9,26,0,1.018,0.25,-1736824.01,856518,164905.54
FLIGHT_1788,A320,58479,133,37370,37360,412,412,120.19,39.38,51.78,5.02,3.31,-3.39,32,1,0.987,0.53,-198111.5,1195840,23597.01
FLIGHT_1789,A320,49730,198,30993,30950,426,426,42.05,32.03,138.06,5.04,3.3,4.66,31,0,1.036,1.24,231855.58,960783,41644.7
FLIGHT_1790,B737,64242,120,35270,35221,443,443,80.97,37.1,47.03,4.98,3.37,24.43,22,0,1.04,1.48,1569161.74,775940,28119.85
FLIGHT_1791,A320,52851,142,40128,39916,431,430,44.77,41.93,58.4,5.08,3.27,9.75,27,0,1.052,2.49,515159.44,1083456,30204.72
FLIGHT_1792,B737,51828,79,34130,33766,416,415,48.59,35.03,9.37,5.07,3.31,5.86,32,1,0.996,1.56,303683.14,1092160,15029.53
FLIGHT_1793,B737,53136,105,31744,31684,463,463,117.47,30.57,44.86,4.8,3.15,25.02,28,1,0.984,0.22,1329727.41,888832,22430.46
FLIGHT_1794,A330,154634,515,30490,30057,448,449,132.17,28.53,457.73,8.56,5.4,14.14,27,1,1.048,0.12,2186017.41,823230,184783.92
FLIGHT_1795,A330,167715,344,37543,37517,469,467,65.98,38.26,270.51,8.6,5.52,11.08,34,1,1.016,2.31,1858811.97,1276462,122237.1
FLIGHT_1796,B737,63457,168,37053,36953,448,447,81.21,36.51,96.04,5.39,3.38,3.2,34,0,1.018,0.26,202868.45,1259802,34341.44
FLIGHT_1797,A330,134247,376,31465,31846,412,414,49.85,33.71,311.68,6.99,4.8,-8.88,31,0,1.038,1.6,-1191652.16,975415,107175.37
FLIGHT_1798,A320,55532,74,34591,34310,440,440,109.87,32.44,10.05,4.85,3.13,5.32,25,1,0.999,0.1,295708.7,864775,13348.6
FLIGHT_1799,A330,163564,708,30174,29707,463,464,42.3,28.4,653.07,8.1,5.55,21.96,22,0,0.982,2.88,3591767.78,663828,258391.63
FLIGHT_1800,B777,166445,383,39983,39677,436,435,136.29,40.68,306.2,7.94,5.47,-1.89,31,0,1.015,2.01,-314441.08,1239473,126313.84
FLIGHT_1801,A320,54253,83,37176,37294,455,456,38.25,34.53,12.8,4.67,3.16,5.33,30,0,1.004,1.35,289059.49,1115280,14559.94
FLIGHT_1802,A330,151343,333,37025,37022,435,436,132.79,36.93,259.95,8.12,5.23,-11.27,30,1,1.024,1.2,-1705909.48,1110750,100157.79
FLIGHT_1803,A330,176651,618,38103,37910,418,420,146.39,39.3,539.75,8.44,5.63,17.36,34,1,1.031,2.44,3067155.99,1295502,233605.51
FLIGHT_1804,B737,45091,98,30629,30872,477,478,90.85,29.47,40.17,4.76,2.98,-14.73,26,0,1.047,2.66,-664028.14,796354,15802.11
FLIGHT_1805,B737,57545,160,36194,36449,457,458,108.45,39.05,82.73,4.81,3.31,-4.16,29,0,1.002,0.74,-239632.79,1049626,29099.92
FLIGHT_1806,A330,166410,668,33563,33826,409,410,30.32,35.67,597.47,8.76,5.52,20.79,23,1,1.039,1.89,3460495.69,771949,254743.42
FLIGHT_1807,A330,155377,710,31574,31211,442,443,132.16,29.11,653.28,8.44,5.53,-9.37,23,1,1.019,0.84,-1456178.26,726202,229908.24
FLIGHT_1808,A330,167266,518,33776,33836,436,437,55.26,36.53,445.98,9.24,5.83,-12.37,30,0,1.068,2.65,-2069081.29,1013280,186009.86
FLIGHT_1809,A320,63810,99,38039,38075,427,426,99.96,35.45,28.75,5.18,3.45,-3.82,28,0,0.98,0.44,-243715.32,1065092,17739.51
FLIGHT_1810,B737,62742,90,40781,40375,451,449,127.88,39.42,14.72,5.2,3.44,29.61,24,1,1.013,1.98,1857948.45,978744,22341.45
FLIGHT_1811,A320,47780,167,38315,38452,469,470,45.05,39.79,89.14,4.68,3.01,24.47,23,0,1.047,0.96,1169350.27,881245,37350.87
FLIGHT_1812,A320,58039,213,37722,37893,422,420,113.78,39.85,134.51,4.82,3.45,28.35,34,1,1.033,0.62,1645464.42,1282548,52140.29
FLIGHT_1813,A330,148241,639,34097,33808,454,455,24.72,33.02,571.5,7.33,4.97,15.67,25,0,1.063,0.46,2323071.19,852425,216372.04
FLIGHT_1814,B777,151875,428,33685,33198,434,432,66.42,33.32,363.14,7.9,5.14,-0.59,31,1,1.03,0.68,-90362.21,1044235,135075.36
FLIGHT_1815,B737,58448,225,30308,30707,442,440,34.0,28.4,169.88,4.97,3.34,25.7,33,0,1.068,2.46,1502037.82,1000164,57092.65
FLIGHT_1816,B777,123915,536,38753,38377,456,455,118.41,39.37,454.26,7.55,4.77,26.54,22,1,0.982,1.22,3289062.63,852566,171463.2
FLIGHT_1817,A330,169304,456,30593,30612,404,406,66.0,28.89,401.02,8.92,5.75,29.55,31,1,1.04,0.17,5002390.0,948383,184160.65
FLIGHT_1818,B737,62402,81,33892,33676,440,439,26.05,36.51,9.07,5.57,3.63,-17.71,34,1,1.041,1.93,-1105167.87,1152328,14756.22
FLIGHT_1819,B737,56952,122,35529,35235,411,411,98.5,38.45,47.55,4.84,3.05,-0.0,26,0,0.995,1.94,-211.74,923754,21980.88
FLIGHT_1820,A330,124928,637,33012,32973,434,434,59.13,31.47,575.89,6.96,4.62,-10.57,29,1,1.011,1.7,-1320689.79,957348,169872.83
FLIGHT_1821,A320,53666,107,30952,30542,478,477,34.01,33.28,42.88,5.17,3.26,-0.14,29,1,1.056,2.81,-7457.07,897608,22254.13
FLIGHT_1822,B737,63376,73,30187,30582,474,473,138.63,33.02,5.3,5.36,3.57,-4.68,22,0,1.019,2.69,-296667.43,664114,14062.99
FLIGHT_1823,A320,49222,162,31075,31152,460,461,133.75,30.53,103.11,4.88,3.15,4.84,30,0,1.066,0.06,238361.44,932250,32767.38
FLIGHT_1824,A320,48065,81,34345,34837,442,441,142.26,31.49,18.32,4.78,3.19,0.53,28,0,1.015,1.79,25557.99,961660,14267.05
FLIGHT_1825,A320,58085,168,38729,38768,479,478,140.81,40.58,86.7,4.98,3.35,-7.26,32,0,1.03,0.22,-421569.35,1239328,30815.54
FLIGHT_1826,A320,54618,146,40357,39906,476,476,50.97,40.59,67.57,4.65,3.26,5.96,25,0,1.019,1.14,325473.29,1008925,28290.84
FLIGHT_1827,B777,121329,673,30035,29858,462,460,149.08,30.3,612.95,6.52,4.55,12.91,27,0,1.005,1.29,1566223.54,810945,197692.39
FLIGHT_1828,A330,157154,517,36026,36406,421,422,65.41,33.39,453.98,7.61,5.36,13.29,34,0,1.053,2.63,2088369.0,1224884,187696.46
FLIGHT_1829,A330,140021,476,34724,35210,475,474,80.89,36.02,406.29,6.84,4.85,15.78,23,0,0.995,1.75,2209587.54,798652,148452.86
FLIGHT_1830,A320,50489,231,34734,35224,472,474,41.02,36.01,156.21,4.55,3.14,-15.31,27,0,1.034,0.85,-773070.09,937818,37624.23
FLIGHT_1831,B777,153730,621,36778,36737,430,428,82.92,36.29,548.63,8.18,5.19,4.73,28,0,1.032,0.32,726968.51,1029784,203080.26
FLIGHT_1832,B737,57675,213,36142,36161,403,404,65.31,34.92,141.42,4.57,3.13,25.63,25,0,1.019,2.13,1477956.65,903550,47935.81
FLIGHT_1833,A330,153859,613,36114,35858,430,430,29.4,33.61,545.5,7.47,5.24,0.27,29,1,0.988,2.03,42190.33,1047306,191721.2
FLIGHT_1834,A330,168353,406,40622,40544,452,452,32.18,42.47,325.21,8.13,5.65,9.52,23,1,1.054,2.11,1602478.93,934306,150125.22
FLIGHT_1835,A330,175298,393,38014,38423,430,429,37.08,35.25,322.75,8.75,5.61,-12.41,24,0,1.04,2.76,-2175383.59,912336,131745.07
FLIGHT_1836,B777,125782,343,31691,31480,446,448,89.91,34.48,271.46,6.99,4.64,-10.5,25,1,0.994,0.01,-1320309.69,792275,86623.74
FLIGHT_1837,A320,62697,78,31424,31887,406,406,59.05,32.62,12.92,4.92,3.43,0.53,24,0,1.016,1.3,33131.92,754176,14341.57
FLIGHT_1838,A330,159733,612,33331,33308,449,449,66.83,35.27,540.63,7.23,5.15,-7.05,33,0,0.99,1.23,-1126001.54,1099923,179653.86
FLIGHT_1839,B737,61181,167,31174,30934,455,454,145.64,30.04,109.87,5.42,3.63,0.08,34,1,1.011,0.4,5124.78,1059916,36078.26
FLIGHT_1840,B737,54645,227,31152,31489,479,478,140.95,28.37,172.01,4.64,3.21,-19.59,30,1,0.995,0.47,-1070669.46,934560,36057.99
FLIGHT_1841,B777,171834,436,38374,38367,432,434,85.88,35.62,367.56,8.75,5.62,6.09,23,1,0.993,2.46,1047142.14,882602,151717.52
FLIGHT_1842,B777,154326,449,38171,38652,461,460,121.08,39.32,367.92,7.99,5.34,-17.85,25,0,1.065,1.47,-2754041.87,954275,139383.38
FLIGHT_1843,B777,160585,522,37806,38047,415,416,21.17,39.35,446.69,7.77,5.46,3.82,22,1,0.981,0.95,612850.67,831732,169100.65
FLIGHT_1844,B777,150767,537,34473,34359,479,478,134.16,35.21,468.39,7.97,5.06,15.08,32,1,1.06,0.1,2274149.75,1103136,184664.96
FLIGHT_1845,A320,53135,202,32726,33192,438,439,61.11,34.62,131.59,5.37,3.47,3.55,31,0,1.033,1.29,188443.71,1014506,43384.38
FLIGHT_1846,A330,137628,307,32260,32324,422,421,128.43,32.88,242.54,8.12,5.14,-3.61,22,0,0.984,0.98,-496758.24,709720,90541.67
FLIGHT_1847,B777,149827,387,38574,38964,428,428,75.06,35.61,315.96,8.16,5.2,3.63,22,0,1.007,0.6,544069.86,848628,122138.49
FLIGHT_1848,B777,158032,515,34053,33883,450,451,45.11,31.52,454.37,7.58,5.35,20.37,23,1,0.994,2.47,3218865.42,783219,181745.11
FLIGHT_1849,B737,46893,176,37847,37740,407,407,132.87,37.99,98.77,4.92,3.09,16.54,26,0,1.068,2.94,775516.75,984022,39384.37
FLIGHT_1850,B777,176695,407,39206,39126,436,436,38.62,40.87,325.75,8.22,5.73,4.93,27,1,1.026,2.83,871710.76,1058562,146139.66
FLIGHT_1851,B737,61213,144,37467,37600,435,435,41.4,38.78,65.38,4.68,3.33,3.9,33,0,1.042,2.52,239019.66,1236411,28494.92
FLIGHT_1852,A330,140693,551,36081,36034,442,442,40.6,38.39,476.75,7.91,5.23,-16.34,26,1,1.018,2.03,-2298612.44,938106,164115.91
FLIGHT_1853,B777,145993,653,40089,39821,423,423,114.9,40.21,570.28,7.19,5.11,-16.08,31,0,1.036,1.84,-2347044.48,1242759,190415.6
FLIGHT_1854,A320,51889,96,35533,35232,428,429,50.4,32.88,30.05,4.79,3.24,25.01,34,1,1.019,0.95,1297739.87,1208122,21585.18
FLIGHT_1855,B777,157075,383,39303,39353,414,416,73.86,42.0,297.4,8.3,5.45,-0.58,23,1,1.018,1.97,-90708.6,903969,126878.85
FLIGHT_1856,A330,124718,356,38966,38716,419,418,51.05,37.02,283.15,6.96,4.86,-8.69,28,0,1.034,2.08,-1083940.36,1091048,101495.15
FLIGHT_1857,B737,58237,183,38799,38684,469,469,83.92,36.55,106.44,5.35,3.63,-15.91,24,0,1.048,1.22,-926661.22,931176,34982.18
FLIGHT_1858,B777,126412,667,38248,37942,451,450,105.83,38.0,589.14,6.63,4.62,2.39,22,0,1.04,2.12,301748.34,841456,194934.38
FLIGHT_1859,B777,154200,644,40676,41174,479,479,91.1,42.37,559.01,7.88,5.41,17.4,26,0,1.011,1.14,2682483.36,1057576,227229.09
FLIGHT_1860,B777,177960,492,37631,37741,470,469,113.22,38.52,419.17,9.16,5.88,2.4,33,1,1.037,0.06,426749.4,1241823,180391.71
FLIGHT_1861,A330,152191,419,33673,33447,416,415,51.47,33.99,354.33,7.78,5.24,10.83,27,0,1.047,1.56,1647529.3,909171,144551.6
FLIGHT_1862,A320,64824,235,32975,33093,406,405,103.75,30.7,173.0,5.63,3.65,18.57,26,0,0.991,2.74,1203748.98,857350,57242.3
FLIGHT_1863,A320,63269,109,34950,34593,441,442,126.68,37.2,36.46,5.56,3.53,14.58,27,0,1.025,2.92,922534.15,943650,25689.13
FLIGHT_1864,B737,58513,188,32481,32311,424,424,102.41,32.48,125.01,5.14,3.5,-7.51,25,0,1.033,0.77,-439562.05,812025,37011.83
FLIGHT_1865,B777,145303,525,33737,34218,410,408,29.49,34.33,459.42,7.7,5.27,8.02,22,0,0.988,1.18,1165889.88,742214,170267.76
FLIGHT_1866,A320,52368,131,32575,32836,419,420,38.48,34.57,63.25,4.69,3.1,6.98,24,0,1.014,0.14,365356.16,781800,24834.11
FLIGHT_1867,A320,45924,188,31671,31912,477,478,136.03,30.46,126.72,4.93,3.26,-11.56,25,1,1.058,1.5,-530664.31,791775,34908.78
FLIGHT_1868,B737,49296,208,31834,32000,421,420,70.33,34.67,140.14,4.62,3.18,11.99,31,1,1.038,1.37,591287.93,986854,43798.01
FLIGHT_1869,B737,46245,186,39325,39500,430,429,144.52,40.82,106.98,4.9,3.14,-3.16,22,1,0.991,2.33,-145916.32,865150,34011.9
FLIGHT_1870,B777,148582,386,35731,35756,433,432,108.18,32.79,318.86,7.66,5.12,5.36,33,0,1.017,1.83,795912.52,1179123,123403.82
FLIGHT_1871,B737,56009,113,33603,33850,429,427,148.91,36.36,42.14,5.07,3.26,15.29,27,0,0.99,0.15,856610.97,907281,23753.06
FLIGHT_1872,A330,136838,355,30115,29974,434,432,149.96,30.5,296.79,7.18,4.85,26.56,33,0,1.015,0.79,3634830.85,993795,118437.57
FLIGHT_1873,B777,178768,473,32202,32039,448,448,142.25,33.64,409.04,8.33,5.82,9.18,28,1,1.042,1.79,1640973.64,901656,179235.37
FLIGHT_1874,A330,150036,313,34310,33961,475,475,144.21,34.05,243.19,7.64,5.23,7.08,24,0,1.03,1.22,1062321.71,823440,102695.34
FLIGHT_1875,B737,57479,71,40103,39905,423,423,77.38,42.9,0.0,5.14,3.24,-16.51,27,0,1.007,1.33,-949096.88,1082781,13226.27
FLIGHT_1876,A320,49858,189,31930,32004,434,434,116.95,31.35,128.33,4.83,3.28,14.49,32,0,1.026,0.95,722681.15,1021760,41265.99
FLIGHT_1877,A320,63158,92,34833,34900,470,468,50.95,36.21,17.01,5.29,3.59,-19.12,33,1,1.034,2.56,-1207388.55,1149489,15437.91
FLIGHT_1878,A320,60871,136,34939,35015,403,403,31.26,32.28,74.62,4.72,3.32,2.93,33,1,0.984,0.65,178639.62,1152987,25860.08
FLIGHT_1879,A330,162658,706,30075,30064,434,434,116.46,29.49,647.02,8.17,5.49,2.53,28,0,1.0,2.98,412050.95,842100,239690.19
FLIGHT_1880,B737,47752,90,33191,32995,405,405,102.46,32.85,26.68,4.57,3.25,23.16,23,1,1.001,0.76,1105941.13,763393,19333.91
FLIGHT_1881,A320,50404,198,33148,33500,409,410,105.53,33.71,133.83,4.28,3.04,-2.81,34,1,1.017,0.99,-141586.64,1127032,34722.23
FLIGHT_1882,A330,146960,672,36589,36222,473,473,108.36,36.49,597.21,7.18,5.11,9.58,30,0,0.988,1.61,1407789.42,1097670,212426.18
FLIGHT_1883,A330,158196,303,32568,32242,405,406,48.11,32.27,239.96,7.79,5.31,27.4,27,1,0.987,0.55,4335138.49,879336,105967.93
FLIGHT_1884,A320,58832,146,32681,32344,472,471,26.85,31.36,81.59,5.55,3.48,-13.53,27,1,1.014,1.15,-795745.94,882387,27487.98
FLIGHT_1885,B737,62146,192,31340,31319,415,414,92.2,34.11,125.82,5.3,3.52,27.19,32,1,1.005,2.38,1689907.82,1002880,48490.61
FLIGHT_1886,B737,58708,158,35854,35551,468,467,30.44,38.5,81.41,5.31,3.44,16.32,28,0,1.001,1.32,958004.85,1003912,35765.07
FLIGHT_1887,A330,133098,404,35057,35330,445,443,132.87,34.26,337.6,6.94,4.73,-7.78,31,0,1.028,2.42,-1034901.72,1086767,113598.15
FLIGHT_1888,A330,151294,567,40327,40508,430,431,144.03,41.47,486.97,7.92,5.06,26.48,23,0,1.023,0.22,4006688.47,927521,198052.99
FLIGHT_1889,A320,63158,176,31718,31730,400,400,89.03,33.83,111.96,5.26,3.52,-11.39,30,1,1.046,0.31,-719533.87,951540,34514.98
FLIGHT_1890,B777,149505,426,38478,38170,475,477,55.51,36.94,356.53,7.42,5.12,20.14,32,1,1.066,1.63,3011245.41,1231296,153609.48
FLIGHT_1891,B737,63423,235,40158,39832,444,443,137.74,39.99,156.47,5.05,3.59,7.98,28,0,1.035,1.82,506180.88,1124424,53338.08
FLIGHT_1892,B737,63620,97,40558,40353,434,435,63.17,39.04,20.06,5.42,3.59,28.77,32,0,1.007,2.64,1830652.55,1297856,24034.89
FLIGHT_1893,A320,45912,206,40218,40200,406,406,110.29,39.28,128.01,4.6,3.11,3.4,32,0,1.016,2.65,155937.01,1286976,39463.08
FLIGHT_1894,A320,52492,73,36123,36327,467,468,111.77,33.21,4.43,5.02,3.2,15.98,23,1,1.017,2.91,838813.32,830829,15453.84
FLIGHT_1895,B737,50213,61,35909,36104,422,423,82.52,34.95,0.0,4.91,3.33,11.34,24,0,1.026,0.88,569621.5,861816,13406.07
FLIGHT_1896,A320,47100,161,37530,37303,409,409,119.76,38.93,84.59,4.84,3.09,-10.1,31,0,1.049,0.32,-475771.78,1163430,27438.36
FLIGHT_1897,A330,124289,558,38145,38200,452,453,70.29,35.83,487.09,7.14,4.54,-4.1,26,1,1.016,0.74,-509468.5,991770,150623.28
FLIGHT_1898,A320,52921,180,38942,38886,470,468,138.56,40.59,97.05,4.79,3.27,29.33,32,0,0.986,0.44,1552071.0,1246144,40517.37
FLIGHT_1899,A330,178989,389,31942,31902,463,463,85.68,34.65,320.45,8.99,5.67,7.66,27,0,1.025,0.28,1371278.78,862434,138691.02
FLIGHT_1900,A320,60243,93,34865,34365,424,425,135.22,33.89,26.98,5.02,3.31,-11.86,28,1,0.992,0.51,-714710.2,976220,16084.68
FLIGHT_1901,B737,57609,176,30889,30690,411,410,62.87,32.03,112.14,5.06,3.5,-19.92,31,0,1.053,0.68,-1147322.97,957559,31195.12
FLIGHT_1902,A330,161783,698,35361,35269,429,429,63.07,34.95,631.36,8.78,5.49,-16.59,26,1,1.054,0.39,-2684187.98,919386,224753.13
FLIGHT_1903,A320,49639,177,32734,32857,427,427,21.35,30.32,115.28,4.78,3.25,-5.87,33,1,1.047,0.44,-291373.14,1080222,33151.75
FLIGHT_1904,B777,174374,334,38356,38387,453,454,52.53,40.58,252.94,8.51,5.67,0.56,23,0,0.988,1.03,98438.91,882188,110268.14
FLIGHT_1905,A320,49872,186,39782,39484,438,440,78.56,40.24,104.45,4.74,3.22,18.18,23,1,1.064,0.44,906610.42,914986,41871.43
FLIGHT_1906,A330,138629,603,35500,35482,424,423,145.37,36.91,531.12,7.86,4.92,24.94,26,0,0.994,1.23,3457991.73,923000,200663.0
FLIGHT_1907,A320,51450,175,33511,33617,409,411,142.37,30.7,111.33,4.97,3.16,4.9,33,0,1.061,0.13,252132.97,1105863,35186.94
FLIGHT_1908,A320,62335,120,38901,39175,437,439,71.5,38.28,44.91,5.45,3.42,-4.64,26,0,1.054,2.65,-289249.22,1011426,24899.88
FLIGHT_1909,B777,154867,635,35624,35420,462,462,148.39,32.82,570.49,8.19,5.12,-4.97,31,1,1.045,0.35,-769909.28,1104344,198847.77
FLIGHT_1910,B737,46769,61,34710,34257,407,405,126.65,33.72,0.0,4.46,3.02,3.35,23,0,1.051,0.35,156766.41,798330,11182.49
FLIGHT_1911,A320,53932,224,37443,37597,407,408,25.27,34.75,152.63,4.83,3.23,7.56,27,0,1.042,1.05,407946.7,1010961,46137.67
FLIGHT_1912,B737,52971,171,32516,32700,426,426,90.43,32.6,106.42,4.84,3.3,-18.72,34,0,1.062,0.18,-991559.47,1105544,29168.31
FLIGHT_1913,A330,139088,545,35839,36270,421,419,74.02,34.75,477.09,7.47,4.77,-10.91,28,1,0.997,1.59,-1518000.97,1003492,148046.52
FLIGHT_1914,A330,129175,713,37398,37131,452,454,104.28,36.29,644.18,7.43,4.93,-16.42,32,0,1.049,1.16,-2121284.47,1196736,204046.49
FLIGHT_1915,A320,62933,202,33190,32838,473,474,42.77,35.89,127.28,4.69,3.34,-17.08,29,1,1.046,2.97,-1075071.42,962510,35187.37
FLIGHT_1916,A320,45924,194,36391,35918,460,462,122.41,37.14,122.19,5.13,3.23,15.74,32,1,1.011,1.04,723038.45,1164512,42661.39
FLIGHT_1917,B737,63603,85,37227,37440,467,466,134.95,35.78,15.1,5.08,3.55,-11.77,23,1,1.024,2.56,-748660.98,856221,15443.93
FLIGHT_1918,A320,45903,213,35257,35160,462,461,77.05,35.63,140.03,4.71,3.07,10.78,33,1,1.046,1.4,495051.8,1163481,43808.51
FLIGHT_1919,A320,51533,109,38767,38585,410,409,127.94,36.45,39.67,4.61,3.16,-9.26,22,0,1.022,2.96,-477178.63,852874,18312.78
FLIGHT_1920,A320,59593,116,31118,31199,456,456,117.19,31.29,55.49,4.9,3.43,14.28,26,1,1.035,0.02,850834.64,809068,25734.1
FLIGHT_1921,B737,55935,65,33481,33275,424,423,101.8,35.72,0.0,4.84,3.34,-4.22,27,0,1.002,2.7,-235965.6,903987,12172.97
FLIGHT_1922,B737,56538,146,36623,37011,476,478,65.43,36.08,70.99,4.79,3.33,18.73,30,0,1.055,2.85,1058906.51,1098690,33521.24
FLIGHT_1923,A330,164218,524,37408,37374,451,449,132.29,37.97,447.9,7.58,5.28,15.96,23,1,0.986,0.75,2620748.33,860384,173494.64
FLIGHT_1924,B777,128902,333,33318,33190,419,419,79.09,33.52,269.76,7.52,4.8,-6.48,33,1,1.07,0.53,-835373.7,1099494,98988.9
FLIGHT_1925,B737,57152,96,37496,37143,471,469,111.91,39.19,18.21,5.18,3.27,5.04,31,0,1.026,1.05,287901.14,1162376,18844.35
FLIGHT_1926,B777,124258,643,30122,30238,432,432,126.31,32.48,575.91,7.23,4.66,-15.98,23,1,0.986,2.52,-1985347.93,692806,164275.76
FLIGHT_1927,B777,167112,390,40833,41285,422,422,116.73,40.95,308.11,8.04,5.53,29.54,26,1,1.066,0.72,4936188.44,1061658,153447.16
FLIGHT_1928,B777,144225,402,36692,36922,442,443,25.39,36.97,329.31,7.16,5.05,23.21,29,1,0.999,1.86,3346754.25,1064068,135014.87
FLIGHT_1929,A320,59661,67,40705,40523,474,476,123.43,41.32,0.0,5.0,3.39,12.26,24,0,1.068,1.65,731537.19,976920,16868.3
FLIGHT_1930,B737,60047,149,37850,37926,401,402,62.51,35.45,76.77,4.93,3.34,12.36,22,1,1.001,0.03,741989.35,832700,30941.6
FLIGHT_1931,B777,146179,533,40999,41455,478,480,129.62,43.4,449.35,7.68,5.09,20.82,31,1,1.013,2.13,3043376.21,1270969,183102.19
FLIGHT_1932,B777,174627,617,40552,40624,462,462,105.04,41.59,533.97,8.39,5.71,-11.25,25,1,1.007,2.35,-1964137.84,1013800,204202.09
FLIGHT_1933,B737,47328,230,36907,37308,448,446,112.03,37.92,153.4,4.78,3.01,25.51,33,0,1.008,1.08,1207340.07,1217931,49644.66
FLIGHT_1934,A320,52060,147,40056,40517,402,403,83.44,41.82,61.47,4.9,3.28,-18.39,23,0,1.033,0.3,-957457.45,921288,23720.62
FLIGHT_1935,B777,134649,635,34294,34756,432,433,37.45,33.01,572.58,6.87,4.85,0.53,23,0,1.016,2.09,71629.12,788762,189484.75
FLIGHT_1936,A320,57129,110,31431,31389,422,421,129.87,32.19,46.66,4.86,3.37,-15.2,32,0,1.0,2.73,-868242.89,1005792,18243.24
FLIGHT_1937,A330,135871,676,32488,32021,452,451,26.22,32.16,614.58,7.24,4.8,9.47,29,0,1.02,0.76,1287294.77,942152,208393.19
FLIGHT_1938,B737,62060,83,33368,33647,419,420,92.3,32.84,16.73,5.51,3.45,9.43,23,1,1.045,1.99,585142.47,767464,18706.08
FLIGHT_1939,B777,158712,457,37742,37420,471,470,24.2,39.47,378.64,8.02,5.58,23.5,31,0,0.993,2.45,3730032.82,1170002,167741.13
FLIGHT_1940,B777,156866,525,37689,38092,475,474,127.99,38.93,446.0,8.32,5.37,13.12,24,0,1.016,0.43,2057660.0,904536,180950.32
FLIGHT_1941,B737,50044,173,35570,36029,443,442,51.9,36.97,102.12,5.0,3.21,18.23,27,1,1.012,2.42,912313.44,960390,38447.56
FLIGHT_1942,A330,137950,535,30286,29978,449,451,113.93,33.07,468.09,7.47,4.82,-18.43,29,1,1.007,2.21,-2542170.86,878294,141986.89
FLIGHT_1943,B737,51902,77,31754,31378,467,466,89.19,31.76,13.98,5.03,3.21,25.79,22,1,1.0,0.08,1338575.77,698588,17097.89
FLIGHT_1944,B777,124365,677,33790,33542,441,443,126.44,32.21,614.03,7.23,4.81,13.01,30,1,1.011,1.09,1618122.38,1013700,210975.53
FLIGHT_1945,B777,159352,656,30611,30728,431,430,110.58,31.02,596.07,8.12,5.36,6.49,34,0,0.992,1.82,1034018.22,1040774,217952.37
FLIGHT_1946,B737,59433,109,30668,31112,414,415,46.07,30.02,52.5,5.53,3.46,16.55,28,1,1.003,0.76,983514.72,858704,25439.17
FLIGHT_1947,A330,144815,638,39643,39671,456,455,56.15,42.3,551.12,7.16,5.03,27.81,32,1,1.048,0.05,4026919.63,1268576,225886.72
FLIGHT_1948,A330,120345,525,39304,38870,410,411,92.1,40.13,442.05,6.47,4.56,16.49,31,1,1.024,1.31,1984460.87,1218424,158746.23
FLIGHT_1949,B777,132513,527,31922,31604,420,421,131.08,33.0,462.2,7.57,4.83,-7.88,27,0,1.017,0.29,-1043996.4,861894,147987.11
FLIGHT_1950,B737,46954,221,39495,39909,456,455,97.82,38.95,141.54,4.51,3.15,-5.39,25,0,0.98,1.64,-252936.55,987375,36985.05
FLIGHT_1951,B777,143742,534,40281,39790,433,434,145.75,38.34,456.12,7.84,5.08,20.43,23,0,0.993,1.91,2936712.43,926463,178008.17
FLIGHT_1952,B737,59686,79,30848,31035,420,421,110.94,33.27,11.12,5.02,3.3,26.61,23,1,0.988,0.01,1588286.29,709504,17253.39
FLIGHT_1953,A330,177841,714,33422,33340,433,431,61.6,33.93,648.0,8.67,5.88,24.25,32,1,1.048,0.73,4311776.74,1069504,289788.17
FLIGHT_1954,A320,51971,168,39004,38607,475,474,111.79,37.2,92.4,5.15,3.3,12.42,22,0,1.006,1.29,645682.98,858088,35780.03
FLIGHT_1955,A330,135917,514,40548,40829,442,442,26.76,40.55,437.28,7.02,4.89,-4.47,23,1,1.001,1.22,-607356.55,932604,147224.47
FLIGHT_1956,A320,64351,71,38712,38381,406,406,55.04,39.65,0.0,4.89,3.47,5.49,33,0,1.068,0.22,353429.93,1277496,14868.62
FLIGHT_1957,A330,133196,660,40959,40737,459,460,77.06,43.07,575.31,7.06,4.79,13.72,26,1,1.029,0.68,1827105.92,1064934,207091.89
FLIGHT_1958,B737,55101,229,34418,33982,434,433,90.15,32.46,163.71,5.0,3.34,-14.89,33,1,0.992,2.06,-820495.7,1135794,40107.4
FLIGHT_1959,B777,122691,314,39457,39048,405,407,63.36,37.28,236.78,7.22,4.65,-15.44,34,0,1.039,0.66,-1894081.63,1341538,80755.83
FLIGHT_1960,B777,141516,382,31756,31950,446,445,129.3,32.18,318.71,7.46,5.02,16.86,26,0,1.021,0.38,2386315.38,825656,125534.72
FLIGHT_1961,A320,46802,81,33308,33629,421,420,43.86,31.55,19.44,5.02,3.17,0.15,24,1,1.016,0.84,6917.64,799392,15466.7
FLIGHT_1962,A330,122227,542,31958,32000,406,406,100.08,34.07,475.64,6.89,4.72,21.54,28,0,1.03,2.95,2632925.98,894824,178337.0
FLIGHT_1963,A330,130226,445,33640,33376,418,417,47.75,34.7,373.7,7.52,5.06,4.8,27,0,1.07,2.52,625450.07,908280,148010.35
FLIGHT_1964,B777,165035,314,40123,40405,407,407,100.49,41.63,229.74,8.21,5.35,19.0,34,0,0.985,2.2,3135390.76,1364182,107198.34
FLIGHT_1965,A330,155343,592,31956,31699,415,413,125.09,31.89,527.35,7.77,5.43,-0.37,32,1,1.027,0.63,-58059.41,1022592,196142.84
FLIGHT_1966,A320,51232,186,34052,34328,406,405,46.89,35.71,112.49,5.03,3.27,-8.84,27,0,1.02,1.69,-452677.5,919404,33207.04
FLIGHT_1967,B777,141995,562,30061,30143,464,462,37.04,27.91,506.54,7.33,5.18,21.18,33,1,1.031,1.58,3007708.28,992013,198447.97
FLIGHT_1968,B737,52002,185,31441,31578,449,447,104.55,32.86,119.23,4.91,3.07,-5.39,27,1,1.035,0.27,-280280.0,848907,32970.32
FLIGHT_1969,B737,48209,155,39508,40004,462,462,31.03,42.47,69.54,4.56,3.04,-19.97,26,1,1.046,0.76,-962965.04,1027208,23306.94
FLIGHT_1970,B777,133359,443,35458,35633,412,413,144.43,36.89,370.44,7.12,4.97,22.5,27,1,1.03,2.2,3000857.63,957366,151033.02
FLIGHT_1971,A320,45286,145,37708,37975,403,401,51.22,38.59,66.5,4.5,2.99,2.27,30,0,1.038,1.06,102843.82,1131240,25616.53
FLIGHT_1972,A330,162818,577,37191,36894,421,423,46.73,37.87,504.47,8.61,5.55,-7.36,34,0,1.05,1.04,-1197658.64,1264494,195216.38
FLIGHT_1973,A320,58791,194,35378,35684,472,474,136.34,36.52,118.81,4.88,3.45,-14.06,33,0,1.003,2.05,-826555.97,1167474,33887.54
FLIGHT_1974,B737,51326,122,34136,34567,478,477,70.37,34.8,50.44,4.92,3.14,22.67,25,0,1.031,2.93,1163358.54,853400,27083.83
FLIGHT_1975,B737,45096,176,36174,36212,400,402,120.84,37.17,100.78,4.38,3.07,2.81,24,1,0.987,2.92,126693.08,868176,31848.12
FLIGHT_1976,B737,45785,235,39502,39464,444,443,143.24,39.38,156.72,4.23,2.93,21.23,28,0,1.014,1.99,971898.23,1106056,47877.88
FLIGHT_1977,B737,55244,109,37647,37306,468,469,68.04,39.32,28.38,4.79,3.24,-8.82,25,0,1.011,1.06,-487323.89,941175,17744.65
FLIGHT_1978,A330,155392,347,33158,32746,450,452,51.79,34.99,279.74,8.3,5.25,-0.95,28,1,1.037,2.45,-148357.22,928424,114803.85
FLIGHT_1979,B737,55199,123,32190,32119,467,467,51.86,30.63,60.25,5.08,3.18,21.41,27,1,1.017,2.61,1181843.05,869130,27413.39
FLIGHT_1980,B777,173026,527,40767,41131,450,452,142.35,38.34,451.93,8.79,5.71,-15.77,33,1,1.049,2.18,-2728454.79,1345311,178500.37
FLIGHT_1981,B737,51160,91,40687,40411,465,467,30.44,39.87,9.27,4.94,3.24,-8.41,28,0,1.044,2.03,-430489.22,1139236,15816.22
FLIGHT_1982,A320,51909,236,30857,30440,463,464,33.56,31.3,172.64,4.95,3.25,14.36,24,1,1.031,0.02,745397.4,740568,51641.1
FLIGHT_1983,A330,131060,545,31803,31385,477,478,51.88,33.76,480.9,6.67,4.72,-3.91,22,1,0.995,1.17,-512548.88,699666,150247.24
FLIGHT_1984,A330,149154,449,32918,33021,422,422,29.34,31.83,388.41,8.23,5.18,22.16,34,1,1.014,0.51,3305221.03,1119212,157322.75
FLIGHT_1985,B777,161266,414,30126,30331,478,480,47.42,28.58,355.06,8.74,5.54,0.92,24,0,1.056,2.89,147610.85,723024,147839.4
FLIGHT_1986,B777,159175,687,32023,31549,475,476,59.17,33.43,617.17,8.49,5.53,-10.15,34,1,1.035,2.55,-1616420.14,1088782,228019.98
FLIGHT_1987,A330,141055,506,32453,32330,475,474,30.11,31.24,445.8,7.79,5.0,17.27,23,1,1.054,0.06,2436439.74,746419,172873.74
FLIGHT_1988,B737,46321,223,30025,30147,453,453,115.97,30.0,165.86,4.78,3.2,-0.62,29,0,1.034,1.54,-28698.12,870725,43774.07
FLIGHT_1989,A320,51572,237,36108,36570,444,443,124.45,37.68,163.3,4.8,3.11,-0.44,33,0,1.041,1.49,-22733.05,1191564,45274.1
FLIGHT_1990,B737,57770,120,36602,36509,473,474,21.81,37.95,46.19,4.78,3.35,6.57,22,1,0.993,0.26,379685.21,805244,23316.69
FLIGHT_1991,A330,129892,314,32525,32751,414,416,83.88,31.1,250.73,6.77,4.68,-3.83,27,1,0.997,2.45,-497028.26,878175,86088.55
FLIGHT_1992,B777,173250,522,37116,37222,408,410,109.69,38.78,444.51,8.69,5.64,26.59,34,0,1.012,1.36,4606958.86,1261944,199702.77
FLIGHT_1993,B777,152228,581,35737,35517,451,451,129.39,37.56,510.19,7.4,5.1,-17.22,24,0,1.024,1.04,-2621580.8,857688,165603.3
FLIGHT_1994,A330,139578,531,35147,34723,475,477,136.66,35.4,458.22,7.57,4.8,5.25,24,1,1.01,1.56,733245.14,843528,159405.44
FLIGHT_1995,B777,140587,647,34303,34121,401,403,69.04,35.13,575.42,7.8,5.06,28.27,26,1,1.001,1.94,3974974.34,891878,225845.58
FLIGHT_1996,A330,165589,555,37329,37164,427,426,148.63,38.56,478.37,8.47,5.57,-9.15,27,1,1.032,2.42,-1515233.73,1007883,185496.83
FLIGHT_1997,B777,129653,348,31091,30917,468,466,128.12,31.9,284.76,7.16,4.78,20.5,22,0,1.018,0.47,2657839.27,684002,110883.7
FLIGHT_1998,A320,53768,145,40959,41178,478,476,142.51,38.37,67.95,4.68,3.25,5.2,33,1,0.985,0.48,279352.19,1351647,27265.15
FLIGHT_1999,B777,162082,651,39188,39380,446,447,42.54,37.04,579.91,7.92,5.57,-6.61,22,1,1.031,0.41,-1071370.92,862136,215543.05
FLIGHT_2000,B737,48070,208,32373,32011,419,418,94.43,29.46,148.34,4.75,3.1,-16.89,29,0,1.008,0.24,-811779.15,938817,32588.84
FLIGHT_2001,B737,48845,210,33786,33600,438,438,46.84,36.15,139.85,4.71,3.17,15.75,33,0,1.053,1.39,769490.16,1114938,46710.29
FLIGHT_2002,A320,53441,210,33053,33038,444,446,26.29,32.13,143.46,5.14,3.43,9.62,23,0,1.038,2.9,513981.98,760219,47304.73
FLIGHT_2003,B777,158934,563,32604,32731,403,403,83.72,33.75,494.75,7.77,5.29,8.71,24,1,1.036,1.12,1384553.36,782496,191986.78
FLIGHT_2004,B737,46502,157,32821,32830,474,473,105.77,32.62,95.09,4.13,2.93,7.8,25,1,1.037,2.74,362935.38,820525,30146.88
FLIGHT_2005,B777,171127,554,32522,32219,438,437,59.16,30.29,495.73,8.4,5.55,28.29,28,0,0.98,2.94,4841323.44,910616,207513.74
FLIGHT_2006,B777,129759,338,31627,31441,401,400,122.44,32.19,274.05,7.43,4.65,11.82,25,0,0.996,1.42,1533773.22,790675,99944.13
FLIGHT_2007,B737,51764,236,39373,39296,420,421,68.51,38.78,156.43,4.94,3.31,26.13,32,0,1.056,2.28,1352774.51,1259936,57509.07
FLIGHT_2008,B777,169435,518,38509,38514,459,458,31.08,36.16,447.05,7.82,5.48,11.5,24,1,1.051,2.72,1948443.63,924216,190439.32
FLIGHT_2009,A330,170137,342,31186,30861,441,442,121.84,33.96,272.53,8.54,5.48,-3.75,30,0,1.031,2.8,-638208.7,935580,114786.82
FLIGHT_2010,B777,155460,677,38052,38149,425,426,48.09,38.2,597.94,7.55,5.36,2.67,34,0,0.992,2.76,415673.71,1293768,219428.25
FLIGHT_2011,A320,55419,184,37945,37532,468,467,108.28,40.3,103.98,4.74,3.35,-9.24,23,0,1.061,1.99,-511830.36,872735,34951.35
FLIGHT_2012,A320,56078,69,35460,35642,441,439,82.21,35.89,0.0,5.4,3.39,-18.31,29,1,0.993,2.08,-1026610.2,1028340,11936.5
FLIGHT_2013,A330,176734,552,34577,34231,456,455,86.07,33.24,485.54,8.34,5.72,18.49,25,1,1.002,0.17,3268508.68,864425,202170.5
FLIGHT_2014,A320,54942,178,38073,37630,430,430,47.32,37.25,104.39,4.8,3.27,-2.34,31,1,0.996,0.29,-128715.42,1180263,32585.02
FLIGHT_2015,A330,166835,589,36668,36679,407,405,99.52,36.06,520.7,8.49,5.52,-11.1,22,1,1.013,2.6,-1851392.62,806696,191657.17
FLIGHT_2016,A320,63341,165,36495,36729,475,474,62.6,37.7,89.11,5.15,3.49,5.54,34,1,0.995,0.08,350824.37,1240830,33858.66
FLIGHT_2017,A320,48622,81,31162,30682,428,427,34.69,30.57,20.68,4.78,3.08,-7.28,24,0,0.994,0.03,-354161.35,747888,13168.24
FLIGHT_2018,B777,179927,528,40422,40060,444,442,75.34,38.48,448.71,8.8,5.59,-16.25,32,0,1.053,0.88,-2922985.17,1293504,171716.49
FLIGHT_2019,A320,60569,74,33023,32674,432,432,36.23,35.11,6.29,5.44,3.48,-15.86,25,1,1.028,0.29,-960404.32,825575,13350.79
FLIGHT_2020,B777,120649,698,32306,31947,479,481,134.09,29.56,637.24,7.02,4.55,-0.06,24,0,1.027,1.78,-6788.56,775344,197040.61
FLIGHT_2021,B737,64933,142,35336,35116,436,435,66.04,35.97,72.82,4.88,3.44,-14.76,32,0,1.042,1.64,-958230.01,1130752,25558.26
FLIGHT_2022,B777,169142,411,39400,39770,426,424,81.69,39.33,330.15,8.13,5.68,-15.04,34,1,1.031,1.24,-2543941.46,1339600,132556.16
FLIGHT_2023,A330,179506,565,31201,30980,429,429,104.34,28.29,507.27,8.12,5.79,1.0,25,0,1.024,2.07,179305.31,780025,202637.23
FLIGHT_2024,B737,47731,159,34356,33883,435,436,139.18,36.78,84.32,4.88,3.12,25.39,33,1,1.041,2.52,1211895.86,1133748,36977.9
FLIGHT_2025,A320,57514,145,40279,40619,475,474,60.19,41.87,60.3,4.73,3.27,-17.79,22,0,1.005,0.44,-1023116.55,886138,22149.87
FLIGHT_2026,A320,48561,181,35317,34835,405,405,68.89,36.08,106.12,4.98,3.26,16.75,27,0,1.023,2.72,813613.01,953559,40092.98
FLIGHT_2027,B737,52099,145,37268,37124,439,439,127.54,36.47,72.54,4.58,3.16,28.34,32,0,1.066,0.13,1476730.0,1192576,34141.54
FLIGHT_2028,A320,51352,72,31706,31553,449,448,46.82,31.98,10.66,4.77,3.18,-5.29,32,0,1.033,2.16,-271499.53,1014592,12725.95
FLIGHT_2029,A320,64291,84,40027,39938,458,459,38.33,37.3,12.56,4.9,3.38,25.14,27,1,0.987,0.61,1616090.14,1080729,18618.64
FLIGHT_2030,A320,58698,183,32819,32580,476,478,127.58,34.59,113.55,4.88,3.37,-11.47,31,0,1.057,1.98,-673042.42,1017389,34081.98
FLIGHT_2031,A320,49150,163,35199,35119,459,460,23.98,35.03,91.91,4.87,3.18,-14.31,27,1,1.005,0.33,-703158.73,950373,26797.47
FLIGHT_2032,B777,160990,671,34454,34127,434,434,120.44,32.25,607.7,7.75,5.44,17.05,33,0,0.996,0.52,2744789.72,1136982,233849.19
FLIGHT_2033,B777,143969,579,40246,40081,440,439,98.63,40.09,498.3,7.71,5.1,-7.34,23,0,1.02,2.56,-1056505.62,925658,175304.54
FLIGHT_2034,B777,165252,317,38779,38336,433,431,20.56,36.01,246.24,8.47,5.58,-7.88,24,0,1.002,2.89,-1302552.7,930696,103445.22
FLIGHT_2035,A320,62508,81,40230,40101,423,424,102.82,43.12,0.0,5.06,3.27,-16.28,28,0,1.07,1.04,-1017948.55,1126440,14442.34
FLIGHT_2036,A330,179009,678,33485,33762,445,444,144.13,36.14,606.53,9.14,5.77,3.59,22,0,0.988,0.44,642266.82,736670,234855.22
FLIGHT_2037,A320,53747,146,35695,36004,472,473,57.57,34.0,80.31,4.42,3.15,1.4,33,1,1.063,1.02,75087.06,1177935,27959.5
FLIGHT_2038,A330,163197,698,31781,31435,449,450,82.71,33.47,631.22,8.26,5.47,22.08,27,1,1.016,0.61,3603496.8,858087,255184.03
FLIGHT_2039,B777,171595,647,33509,33161,429,430,79.86,36.15,576.84,8.54,5.56,11.27,26,1,1.04,0.5,1933115.99,871234,235349.64
FLIGHT_2040,B737,58570,176,34115,34099,447,446,66.66,36.97,103.12,5.38,3.62,9.54,30,0,1.067,2.4,558705.03,1023450,42670.35
FLIGHT_2041,B777,145609,383,30462,30308,458,460,99.66,28.89,326.54,7.96,5.04,1.42,24,0,1.043,0.93,206910.56,731088,121557.11
FLIGHT_2042,A330,154008,637,30165,30576,402,401,32.15,29.15,581.65,8.44,5.28,2.91,27,1,1.003,1.59,447504.91,814455,207777.96
FLIGHT_2043,A320,59462,90,38795,39094,431,433,48.34,38.89,16.86,5.37,3.46,-6.75,30,0,1.025,1.25,-401519.64,1163850,17800.56
FLIGHT_2044,B737,59518,229,39910,39657,400,399,146.36,37.21,151.83,4.8,3.31,20.52,23,1,1.018,2.91,1221429.61,917930,52520.08
FLIGHT_2045,B777,173472,588,40237,40430,444,445,78.98,37.9,515.78,8.55,5.64,29.13,28,1,1.02,2.44,5053376.28,1126636,231780.4
FLIGHT_2046,B737,49447,202,30794,30323,428,426,114.84,28.88,144.51,5.1,3.21,25.08,27,0,0.988,2.31,1240188.59,831438,46060.2
FLIGHT_2047,A320,56930,148,39359,39060,425,426,45.47,38.86,71.24,5.0,3.25,-19.28,30,1,1.036,0.42,-1097823.14,1180770,24723.68
FLIGHT_2048,B737,64728,115,39968,40147,458,458,85.21,40.21,35.1,5.35,3.42,21.69,27,1,0.983,0.03,1404099.28,1079136,25365.84
FLIGHT_2049,B737,53906,193,36755,37186,406,407,20.84,39.2,118.19,4.65,3.21,16.63,31,1,1.059,1.23,896721.28,1139405,43425.0
FLIGHT_2050,A330,163848,516,34982,35366,402,402,82.0,34.88,445.4,8.32,5.53,2.9,23,0,1.056,0.58,475918.16,804586,180396.7
FLIGHT_2051,A320,62641,224,34297,34318,440,439,60.3,36.64,147.95,4.8,3.35,17.58,30,1,1.036,0.38,1101145.98,1028910,50304.25
FLIGHT_2052,A330,140745,555,37162,37122,479,478,107.6,37.48,479.85,6.95,4.94,11.88,22,1,1.058,1.71,1672099.45,817564,184138.56
FLIGHT_2053,A330,157146,667,31717,31929,476,477,91.94,31.31,604.05,7.8,5.3,19.58,30,0,0.981,2.75,3076675.63,951510,230722.52
FLIGHT_2054,B777,141994,497,31269,31766,473,474,51.91,30.9,435.91,7.03,4.97,5.38,25,0,1.022,1.58,764106.79,781725,154980.28
FLIGHT_2055,A320,64564,162,35358,35338,443,442,23.03,38.02,87.84,5.04,3.5,3.54,22,1,1.066,2.84,228755.84,777876,36316.99
FLIGHT_2056,B777,140232,494,38326,37871,470,469,35.29,38.34,415.3,7.8,5.13,2.13,23,0,0.99,0.17,298025.98,881498,149927.65
FLIGHT_2057,A320,48629,216,38905,38614,475,474,70.04,38.43,143.61,5.13,3.23,25.16,23,0,1.005,2.0,1223420.11,894815,50370.63
FLIGHT_2058,A330,165838,441,35054,34885,420,421,56.95,34.45,373.76,8.78,5.56,0.31,29,0,1.003,1.5,50876.45,1016566,148562.14
FLIGHT_2059,B737,51499,231,35682,36118,467,467,53.72,34.04,162.54,4.96,3.19,-10.73,29,0,1.017,2.93,-552822.0,1034778,41120.06
FLIGHT_2060,B737,58714,95,33402,33756,428,427,149.01,31.61,33.81,5.28,3.33,28.2,34,1,1.01,2.8,1655839.03,1135668,23319.12
FLIGHT_2061,B777,123896,469,38461,37978,446,447,112.56,36.92,393.31,7.54,4.78,-15.62,31,0,1.051,1.08,-1935235.85,1192291,129178.68
FLIGHT_2062,A320,64736,150,38396,37959,447,446,134.62,36.23,76.81,5.09,3.53,1.51,28,1,1.029,1.7,97873.25,1075088,31703.64
FLIGHT_2063,A320,45774,167,31804,31430,401,403,53.13,29.25,107.87,4.87,3.19,-16.43,26,0,1.053,1.74,-751849.66,826904,28838.91
FLIGHT_2064,A330,160824,600,40390,40888,438,438,122.97,39.43,520.8,7.68,5.35,-13.58,31,0,1.048,1.13,-2184479.31,1252090,187404.03
FLIGHT_2065,A330,136600,382,36914,36992,408,406,24.69,36.71,308.0,7.44,4.94,-4.21,34,0,0.989,1.56,-574609.71,1255076,109090.47
FLIGHT_2066,B777,163081,462,30846,31336,410,409,85.28,31.17,398.47,8.32,5.51,19.62,29,1,1.049,2.08,3199163.39,894534,174765.94
FLIGHT_2067,B777,139573,592,40297,40423,407,406,107.87,38.24,519.3,7.49,4.98,28.66,27,1,1.036,0.9,3999655.83,1088019,208939.09
FLIGHT_2068,A330,158856,309,31013,30514,477,478,48.75,33.99,241.42,7.53,5.3,-4.94,34,1,1.028,0.97,-785093.37,1054442,96323.43
FLIGHT_2069,B737,48904,111,40125,40053,403,402,57.25,40.39,31.71,4.91,3.3,-9.31,29,1,1.033,0.43,-455309.47,1163625,19130.89
FLIGHT_2070,B737,57492,212,39113,39542,424,425,78.09,36.34,138.44,5.42,3.47,7.51,22,1,1.061,1.11,431819.23,860486,48070.55
FLIGHT_2071,A320,60601,157,36368,35932,439,437,50.27,35.46,84.75,5.31,3.44,6.2,29,1,0.984,1.77,375800.46,1054672,32513.68
FLIGHT_2072,A320,56948,196,36317,35957,432,434,54.65,36.99,121.09,5.15,3.22,2.24,29,0,1.0,2.96,127676.18,1053193,38400.76
FLIGHT_2073,B777,132404,328,31186,31046,471,473,97.47,28.54,272.88,7.07,4.72,26.57,26,1,1.02,0.36,3517777.14,810836,107299.48
FLIGHT_2074,B777,161982,624,33167,32758,417,418,51.37,32.15,562.28,7.71,5.38,18.8,25,0,1.066,2.39,3044573.95,829175,235705.32
FLIGHT_2075,A330,151528,532,38728,38689,450,450,52.25,38.06,458.97,8.17,5.28,27.05,32,1,0.994,2.12,4098718.91,1239296,191045.79
FLIGHT_2076,A330,132626,648,37692,37914,446,447,59.79,40.33,568.74,7.48,4.76,13.88,23,0,1.02,1.15,1840639.14,866916,202754.18
FLIGHT_2077,B777,120361,543,32269,32211,421,420,123.76,29.65,483.79,6.76,4.61,-5.63,27,1,1.032,0.13,-677927.97,871263,148706.97
FLIGHT_2078,B737,64732,151,31704,31726,433,433,42.66,34.13,81.28,5.15,3.55,16.58,34,0,1.035,1.47,1073416.31,1077936,35223.3
FLIGHT_2079,B737,58911,89,35944,35910,424,422,83.97,36.04,20.11,5.22,3.57,-8.08,33,0,1.021,2.31,-476232.32,1186152,16959.08
FLIGHT_2080,A330,130542,351,40711,40627,433,435,99.68,42.92,270.35,7.55,4.91,0.61,27,1,1.045,0.06,79263.74,1099197,107758.09
FLIGHT_2081,B777,125023,544,36176,36508,441,441,61.53,33.37,477.45,7.3,4.67,-14.32,23,0,1.03,1.57,-1790225.36,832048,145764.76
FLIGHT_2082,A320,46802,78,39118,38618,411,412,59.38,39.32,3.44,5.02,3.15,22.5,23,0,1.055,2.5,1052944.29,899714,17768.42
FLIGHT_2083,A330,124549,429,31661,31590,469,468,64.44,33.11,362.4,6.86,4.84,-16.24,31,1,0.996,2.98,-2022110.9,981491,114526.47
FLIGHT_2084,B737,63273,134,39036,39095,411,411,83.75,39.14,54.94,5.3,3.4,20.33,34,0,1.03,1.83,1286057.45,1327224,31414.77
FLIGHT_2085,A330,167673,704,37158,37242,408,408,137.2,34.79,633.37,8.55,5.75,4.05,34,1,1.056,2.52,679149.98,1263372,263623.78
FLIGHT_2086,B737,53736,87,32897,33368,430,431,55.84,34.41,17.78,4.92,3.12,27.74,23,0,1.056,0.53,1490397.09,756631,19743.35
FLIGHT_2087,B737,50235,201,37953,38331,476,476,79.09,36.67,125.03,4.99,3.25,-8.76,25,0,1.049,0.63,-439907.71,948825,36401.11
FLIGHT_2088,B737,55272,159,39864,39729,458,458,74.24,40.22,75.79,4.94,3.26,-6.01,28,0,1.033,0.52,-332386.64,1116192,28761.84
FLIGHT_2089,B777,168693,611,38263,38712,463,463,76.91,39.93,534.28,8.76,5.54,-13.79,34,0,1.036,0.31,-2326435.41,1300942,195913.73
FLIGHT_2090,A320,51831,85,36726,36608,433,434,122.03,38.93,10.64,5.16,3.26,10.24,22,0,1.01,0.35,530645.63,807972,17758.31
FLIGHT_2091,A320,59572,223,33558,33865,423,425,60.97,35.68,155.62,5.52,3.47,22.43,34,1,1.032,2.68,1336117.34,1140972,56649.93
FLIGHT_2092,B777,168812,417,32071,31678,457,457,64.14,32.63,353.44,8.17,5.58,-18.32,30,0,1.058,2.84,-3093279.9,962130,136331.55
FLIGHT_2093,B737,47113,216,37637,37242,403,402,66.3,39.27,134.91,4.59,3.07,10.56,32,1,1.021,1.06,497693.44,1204384,42520.72
FLIGHT_2094,A330,122433,557,35161,35191,416,414,126.3,37.02,482.14,6.69,4.62,10.53,33,1,0.982,1.9,1289773.21,1160313,159847.01
FLIGHT_2095,A320,59134,66,36164,36331,449,450,86.68,36.54,0.0,5.15,3.33,-13.48,22,1,1.009,1.25,-796923.0,795608,12174.34
FLIGHT_2096,B737,52350,69,39103,39451,415,415,42.25,41.8,0.0,5.22,3.3,-11.83,28,0,1.007,0.84,-619471.16,1094884,14265.17
FLIGHT_2097,A320,64987,200,39568,40054,475,476,129.05,39.83,121.51,5.52,3.46,12.13,23,1,1.021,0.46,788294.06,910064,45099.4
FLIGHT_2098,B777,162634,717,34088,34281,455,455,82.1,36.71,641.78,8.64,5.52,17.6,24,1,1.047,2.46,2863125.64,818112,272081.1
FLIGHT_2099,B777,161584,530,33415,33723,447,447,107.85,30.86,468.29,7.6,5.41,4.69,25,0,0.998,0.88,757598.33,835375,173633.25
FLIGHT_2100,B777,170281,577,35135,35262,452,451,117.26,36.5,503.32,8.34,5.74,9.52,26,1,1.043,1.44,1621092.63,913510,214361.37
FLIGHT_2101,B737,63353,141,36216,36036,455,454,99.12,35.63,72.49,5.09,3.41,8.07,33,1,1.055,2.25,511474.41,1195128,31821.55
FLIGHT_2102,A330,153587,648,30778,31075,411,413,52.25,28.1,590.29,7.86,5.24,-1.36,26,1,1.042,2.04,-209442.73,800228,212629.89
FLIGHT_2103,B737,50242,108,32921,33405,418,419,23.77,35.7,35.09,4.97,3.25,6.26,24,1,1.016,2.76,314352.47,790104,21160.69
FLIGHT_2104,B777,148054,673,40035,40253,406,405,33.31,41.58,587.44,8.26,5.21,16.13,30,0,1.069,0.58,2387966.48,1201050,240335.72
FLIGHT_2105,B737,60667,219,38733,38810,447,449,78.62,38.6,143.66,4.96,3.44,15.46,22,1,1.037,1.96,937742.96,852126,50927.87
FLIGHT_2106,B737,54154,134,37163,37568,454,453,69.96,38.33,59.72,4.74,3.2,-5.0,24,0,1.049,1.37,-270745.35,891912,24391.86
FLIGHT_2107,A320,49125,213,38044,37958,459,461,42.45,37.25,142.32,4.47,3.1,-2.79,23,1,1.002,1.5,-136837.34,875012,38090.4
FLIGHT_2108,B737,64301,156,37795,38039,419,420,95.4,34.87,85.45,5.41,3.55,26.28,29,0,1.029,2.18,1689769.18,1096055,39397.07
FLIGHT_2109,A320,60742,233,30956,30648,455,455,79.77,29.46,173.49,5.79,3.63,20.78,26,0,1.069,1.03,1262020.73,804856,61523.36
FLIGHT_2110,B737,50301,189,35620,35634,413,412,53.87,33.02,121.13,4.69,3.03,18.01,23,0,1.049,1.99,905755.41,819260,40371.8
FLIGHT_2111,A320,45989,110,36919,36552,468,470,67.28,34.76,44.59,5.04,3.16,7.06,29,1,1.013,0.98,324648.45,1070651,22050.12
FLIGHT_2112,A320,62818,167,40890,40874,429,428,79.29,42.9,81.38,5.2,3.42,-0.89,29,0,1.031,1.64,-55830.19,1185810,33860.13
FLIGHT_2113,B777,139099,564,35243,34882,416,415,31.83,36.38,493.29,7.32,5.0,1.62,22,1,1.031,0.6,225394.35,775346,174568.45
FLIGHT_2114,A320,55179,73,33306,32820,441,442,56.38,35.95,0.14,4.77,3.17,1.33,28,0,0.99,2.43,73395.92,932568,12165.52
FLIGHT_2115,B777,159541,356,31020,31200,456,457,84.06,31.24,296.95,8.46,5.34,-5.8,22,1,1.062,2.97,-925911.92,682440,120831.97
FLIGHT_2116,A320,45639,169,31689,31294,405,405,50.45,30.03,111.86,4.9,3.07,6.62,30,1,1.012,2.8,302072.57,950670,33980.71
FLIGHT_2117,A320,62874,60,35113,35092,460,461,123.87,32.22,0.0,5.09,3.38,16.77,22,1,1.059,0.47,1054260.45,772486,13813.16
FLIGHT_2118,A320,54691,225,37371,37026,435,436,86.03,40.28,148.16,5.0,3.32,6.15,31,1,1.029,2.96,336441.73,1158501,48281.33
FLIGHT_2119,A330,145193,589,38693,38837,448,450,96.21,36.04,519.93,7.8,5.15,5.1,28,1,1.019,1.76,740876.79,1083404,191499.17
FLIGHT_2120,A330,127452,428,39367,39839,441,443,111.84,41.56,342.98,6.73,4.77,16.18,31,0,0.993,2.11,2061908.03,1220377,129876.75
FLIGHT_2121,A320,48027,182,40538,40884,415,417,79.66,43.42,98.21,5.21,3.37,27.86,28,1,1.042,1.46,1338247.27,1135064,45798.13
FLIGHT_2122,B737,51458,170,32321,32717,402,400,145.12,33.47,103.33,4.7,3.31,-4.98,22,1,1.024,2.5,-256251.81,711062,32224.87
FLIGHT_2123,A330,152401,496,39054,38846,432,432,49.52,39.31,415.89,7.84,5.16,-9.64,25,0,0.989,0.7,-1469046.94,976350,142547.01
FLIGHT_2124,B737,46462,138,38991,38601,404,405,146.28,36.15,69.04,4.49,3.12,-5.23,34,1,1.065,1.79,-243109.07,1325694,25594.65
FLIGHT_2125,B777,170694,306,35002,34834,409,411,121.61,37.14,233.3,7.92,5.63,0.46,25,1,1.02,0.2,78832.04,875050,102286.14
FLIGHT_2126,B737,46349,112,38842,38455,432,431,110.66,39.13,36.33,4.62,3.19,16.9,23,0,1.053,1.32,783366.54,893366,23986.03
FLIGHT_2127,B777,170608,459,37909,38331,476,475,122.5,38.87,382.87,8.12,5.58,2.1,30,0,1.01,1.49,358784.89,1137270,155351.69
FLIGHT_2128,B737,46615,186,31125,31118,410,409,75.08,28.2,128.21,4.73,3.05,-2.12,25,0,1.045,0.52,-98689.95,778125,34039.5
FLIGHT_2129,A320,56914,220,31510,31533,441,441,141.64,31.53,159.83,5.11,3.42,20.91,29,0,0.985,0.96,1189869.1,913790,50452.23
FLIGHT_2130,A320,49976,192,33521,33844,419,420,35.06,32.52,125.85,5.09,3.2,-5.35,23,1,1.031,2.7,-267590.78,770983,36754.62
FLIGHT_2131,B737,51526,165,38985,39041,430,431,100.15,38.11,92.8,4.7,3.21,-5.3,29,0,1.007,1.11,-273125.18,1130565,29452.31
FLIGHT_2132,A320,54721,137,33193,33540,452,451,133.25,35.33,65.19,5.09,3.48,18.11,30,0,0.98,1.86,990765.26,995790,29764.25
FLIGHT_2133,B737,56897,122,40021,39764,410,409,104.9,39.56,44.07,4.63,3.26,6.73,30,0,1.002,0.76,382909.91,1200630,22529.06
FLIGHT_2134,B777,132262,502,35804,35549,415,413,61.93,37.42,426.71,7.75,4.89,11.35,29,0,1.021,2.45,1501062.82,1038316,160805.01
FLIGHT_2135,A330,161943,705,34927,35088,442,442,119.07,35.87,631.39,8.64,5.49,11.32,22,1,0.999,2.45,1833581.61,768394,246844.62
FLIGHT_2136,A330,123207,500,36063,36369,416,416,75.32,36.02,431.4,7.09,4.54,29.02,31,1,1.035,1.23,3575716.31,1117953,164734.56
FLIGHT_2137,B737,46165,91,32744,32852,422,423,98.82,32.03,24.41,5.42,3.41,-1.49,25,1,1.067,0.45,-68683.16,818600,18942.94
FLIGHT_2138,B737,47835,170,36440,36660,413,413,89.45,33.97,105.67,4.97,3.19,1.99,23,1,1.023,0.54,95222.36,838120,33627.24
FLIGHT_2139,A320,57589,202,40302,40316,425,425,136.25,41.27,118.89,5.0,3.43,14.32,28,1,1.046,0.16,824951.35,1128456,45432.5
FLIGHT_2140,B737,51554,102,36925,37012,408,407,135.33,37.73,27.07,4.92,3.15,-15.77,23,0,1.004,1.47,-813017.76,849275,16001.39
FLIGHT_2141,B777,125681,340,35692,35705,476,477,148.17,38.16,268.22,7.36,4.82,0.52,26,0,0.997,2.83,65528.57,927992,99253.3
FLIGHT_2142,B777,129202,457,33007,33195,462,462,41.15,32.08,392.16,6.85,4.75,-0.82,25,1,1.006,1.31,-105543.5,825175,130001.5
FLIGHT_2143,B777,167073,492,33295,33425,457,457,113.73,33.06,426.13,8.54,5.54,-11.46,27,1,1.004,1.26,-1915269.65,898965,155543.25
FLIGHT_2144,B737,50277,71,30701,30469,407,408,128.47,29.96,10.13,4.9,3.29,-13.53,27,1,1.065,0.68,-680353.71,828927,12263.7
FLIGHT_2145,B737,46080,202,40600,40420,479,478,147.99,39.58,123.8,4.79,3.04,-6.34,33,1,1.015,1.36,-292179.29,1339800,34865.15
FLIGHT_2146,B777,174385,559,33323,33271,451,452,131.88,33.91,494.23,8.67,5.6,28.51,33,0,1.01,1.98,4971650.13,1099659,216285.66
FLIGHT_2147,B777,140496,336,34723,34477,433,432,28.3,32.42,271.27,7.55,5.13,3.18,34,0,0.981,2.34,447370.56,1180582,102041.2
FLIGHT_2148,B777,147548,545,37718,37992,413,413,83.05,37.8,466.61,7.92,5.2,17.14,29,1,1.047,0.06,2528457.08,1093822,190179.83
FLIGHT_2149,B777,157709,688,30264,30611,416,415,64.78,27.48,633.92,7.86,5.25,20.46,23,1,0.999,2.34,3227291.07,696072,241050.4
FLIGHT_2150,A330,129040,369,39923,40012,429,429,85.63,42.48,281.95,6.65,4.71,14.12,24,1,1.06,1.42,1822241.62,958152,115518.36
FLIGHT_2151,A330,153225,544,31043,30892,458,456,28.74,32.1,480.94,8.55,5.43,1.37,34,0,0.981,2.87,209224.85,1055462,178029.14
FLIGHT_2152,B737,54492,90,38031,38430,420,419,80.89,36.6,20.26,5.22,3.27,-1.22,24,1,1.025,1.76,-66319.58,912744,18074.39
FLIGHT_2153,A330,125539,326,40287,39897,415,417,133.71,40.35,249.31,7.43,4.71,7.22,23,1,1.047,1.08,905903.02,926601,99918.11
FLIGHT_2154,A320,64579,212,37539,37237,429,430,26.81,36.55,136.79,5.14,3.6,-4.41,22,0,1.004,2.9,-284715.59,825858,43229.17
FLIGHT_2155,A330,139020,613,32723,32474,428,428,136.6,30.69,552.62,7.62,4.95,8.81,28,1,0.998,0.59,1224945.67,916244,189669.97
FLIGHT_2156,A320,49877,149,30678,30299,426,425,89.31,30.31,89.62,4.88,3.23,26.01,25,1,1.044,1.89,1297491.17,766950,35721.05
FLIGHT_2157,B777,147347,606,37307,37708,479,477,66.49,38.94,529.25,7.4,5.02,-6.78,33,1,1.004,1.23,-998449.89,1231131,176888.57
FLIGHT_2158,A320,62641,93,36900,36520,417,419,36.58,34.49,23.32,5.72,3.61,5.17,30,1,1.047,0.22,323752.14,1107000,20646.63
FLIGHT_2159,B737,62843,179,38587,38275,406,405,82.07,39.12,97.02,5.48,3.46,4.83,34,0,1.065,2.23,303241.97,1311958,39969.39
FLIGHT_2160,B777,171046,702,33106,33172,466,466,108.82,31.49,640.62,9.19,5.74,24.73,34,0,1.002,0.57,4229750.17,1125604,268887.99
FLIGHT_2161,B777,146280,483,37470,37703,408,408,121.29,39.26,404.05,7.43,5.01,16.35,22,0,1.032,0.83,2391309.17,824340,160104.56
FLIGHT_2162,A320,63001,128,33879,33460,473,474,98.76,34.6,58.61,5.04,3.44,-19.83,27,1,1.008,0.18,-1249510.6,914733,21245.63
FLIGHT_2163,B777,173710,315,36424,36895,467,465,121.49,38.85,235.83,9.03,5.66,28.56,24,1,1.007,1.52,4961883.39,874176,120197.78
FLIGHT_2164,A320,56656,92,38714,38714,429,428,47.39,37.54,14.46,4.79,3.13,10.91,23,0,1.054,1.86,618356.16,890422,17896.03
FLIGHT_2165,B777,145102,682,40039,39704,459,459,90.48,38.91,603.78,7.32,5.14,7.01,29,1,1.004,1.27,1017100.2,1161131,216996.25
FLIGHT_2166,A330,159038,309,37906,37934,405,405,122.3,39.49,233.03,8.45,5.43,8.76,34,1,1.069,1.97,1392420.34,1288804,111952.13
FLIGHT_2167,A330,168538,315,37736,37270,429,427,115.16,35.11,242.31,8.28,5.64,0.9,30,0,1.04,2.32,151457.27,1132080,110313.75
FLIGHT_2168,B737,46178,237,32039,32115,402,403,119.57,33.36,168.79,4.88,3.11,19.13,32,1,0.997,1.71,883486.65,1025248,50597.64
FLIGHT_2169,B737,60259,165,38904,38584,405,403,78.0,36.32,89.95,4.84,3.2,-18.26,25,1,1.038,1.88,-1100504.21,972600,27072.63
FLIGHT_2170,B777,163497,370,33925,34047,460,459,34.04,35.02,299.53,8.28,5.41,21.2,22,1,1.054,0.09,3466579.16,746350,137131.77
FLIGHT_2171,B737,47094,74,38494,38656,435,435,117.26,38.19,0.0,4.88,3.3,11.37,32,1,1.026,1.48,535233.29,1231808,15187.61
FLIGHT_2172,A320,46740,233,38398,37998,448,447,84.39,37.74,161.48,5.05,3.22,6.57,28,0,1.046,2.71,306940.23,1075144,49697.7
FLIGHT_2173,A330,121531,391,39974,39530,412,411,30.34,42.0,311.07,6.76,4.58,21.23,34,0,0.987,1.38,2580318.81,1359116,117036.7
FLIGHT_2174,A320,64194,231,32863,32445,417,418,143.44,34.24,165.15,5.29,3.55,-10.62,23,1,1.043,0.92,-681961.89,755849,46388.48
FLIGHT_2175,B737,47324,65,39183,39166,422,421,34.24,40.44,0.0,4.83,3.39,26.34,22,1,0.996,1.55,1246710.22,862026,17210.25
FLIGHT_2176,B737,55565,238,36288,36234,458,458,93.92,39.03,157.01,4.94,3.22,-0.3,28,1,1.034,0.52,-16599.06,1016064,46061.57
FLIGHT_2177,B737,52219,179,37581,37226,406,408,130.71,36.54,105.46,4.81,3.17,-14.11,26,1,1.036,1.59,-736937.72,977106,30400.97
FLIGHT_2178,A330,141401,423,30954,30834,478,479,111.72,32.99,360.45,7.83,4.97,-9.82,24,0,1.044,0.11,-1388075.45,742896,124586.04
FLIGHT_2179,A330,121120,397,35592,35610,456,455,136.49,38.34,322.01,7.37,4.69,13.69,24,1,1.04,2.48,1657590.09,854208,126067.76
FLIGHT_2180,B737,58419,196,39495,39537,438,439,121.93,42.1,112.96,5.21,3.56,10.27,25,0,1.058,1.25,599775.67,987375,45247.58
FLIGHT_2181,B777,176910,333,40270,39856,411,411,49.94,41.02,248.54,8.87,5.72,0.21,22,0,1.052,1.79,36957.12,885940,119227.66
FLIGHT_2182,A320,45164,86,38892,38788,420,421,39.38,36.92,12.91,4.64,3.11,-12.56,33,1,1.059,0.02,-567255.4,1283436,13955.88
FLIGHT_2183,A320,50609,184,36807,36434,435,436,139.47,33.94,114.22,4.79,3.15,9.82,28,0,1.041,1.38,496905.66,1030596,38129.32
FLIGHT_2184,A330,138787,370,30523,30911,466,465,126.34,31.43,307.9,7.88,4.97,-3.14,30,1,1.039,2.88,-436155.74,915690,115335.73
FLIGHT_2185,B737,59002,195,39032,38743,419,417,73.17,40.2,113.26,5.76,3.63,5.25,25,0,1.031,2.41,309647.46,975800,44484.62
FLIGHT_2186,B777,140376,611,40686,40848,447,448,120.57,42.76,528.78,7.25,5.0,12.23,31,0,1.063,2.56,1716486.81,1261266,207869.71
FLIGHT_2187,B777,131947,402,37047,37038,446,447,41.36,35.22,329.35,6.97,4.84,13.5,27,1,1.067,1.18,1781308.78,1000269,130768.23
FLIGHT_2188,B737,52919,216,38542,38114,475,477,128.62,40.99,131.49,4.35,3.05,16.97,31,1,1.02,0.37,897961.88,1194802,43623.43
FLIGHT_2189,A320,57064,86,32430,32833,424,423,87.98,33.96,21.81,4.9,3.32,23.83,29,0,1.04,1.17,1360023.13,940470,20096.46
FLIGHT_2190,A320,50925,171,39461,39021,454,454,85.32,37.01,98.43,5.02,3.15,15.89,22,0,0.987,1.55,809102.37,868142,35364.67
FLIGHT_2191,A320,58887,210,35947,35461,474,473,23.51,34.63,143.67,5.45,3.55,0.98,33,1,1.001,0.45,57901.13,1186251,44195.64
FLIGHT_2192,B777,172259,633,32745,32354,410,412,135.29,34.3,564.6,9.19,5.8,14.39,23,1,1.004,0.3,2478126.16,753135,234221.74
FLIGHT_2193,A330,174794,613,40673,41016,447,448,80.88,42.12,529.58,8.48,5.85,-13.12,29,0,1.012,1.99,-2293676.58,1179517,204538.39
FLIGHT_2194,B777,143607,488,38066,38344,403,405,55.04,36.47,412.88,7.55,5.12,18.95,23,1,1.069,0.08,2721543.86,875518,171276.55
FLIGHT_2195,B777,164666,585,33021,33203,433,434,143.15,30.63,522.76,8.16,5.53,-10.86,31,0,1.039,1.92,-1788624.49,1023651,192231.4
FLIGHT_2196,B737,46119,158,39454,39501,425,427,80.36,39.32,78.41,5.16,3.24,-15.09,22,0,1.014,0.95,-695979.87,867988,26633.59
FLIGHT_2197,B777,143963,564,40805,40748,468,469,82.08,42.14,480.87,7.08,5.04,-15.84,25,1,1.07,2.68,-2280841.91,1020125,168727.36
FLIGHT_2198,A330,144480,402,39259,39357,408,406,107.96,37.5,328.05,7.64,5.23,-1.95,34,0,1.009,0.88,-281415.37,1334806,124015.33
FLIGHT_2199,B777,136921,714,33737,34042,417,417,130.11,31.49,651.61,6.95,4.93,26.02,31,1,1.01,2.3,3563143.15,1045847,243313.58
FLIGHT_2200,A320,47648,217,37596,37312,400,401,81.37,36.44,144.09,4.64,3.28,6.03,34,0,1.0,1.07,287443.99,1278264,43043.96
FLIGHT_2201,A320,46813,68,38588,39013,477,476,53.45,38.95,0.0,4.41,3.08,12.91,32,1,1.041,2.3,604250.26,1234816,14348.93
FLIGHT_2202,B777,126527,447,30297,30512,478,478,124.44,31.02,382.94,7.12,4.68,-18.29,32,1,1.07,2.79,-2313783.83,969504,122667.29
FLIGHT_2203,B737,48613,143,37516,37418,416,414,109.73,34.85,70.35,4.55,3.1,-0.26,27,1,1.032,2.49,-12499.95,1012932,26444.34
FLIGHT_2204,A320,62444,78,34829,34529,468,468,132.18,35.67,9.19,5.53,3.59,13.19,27,0,0.988,0.83,823494.09,940383,17409.65
FLIGHT_2205,A330,151839,643,38828,39323,424,425,132.52,38.23,564.55,8.48,5.31,11.13,22,1,0.989,0.64,1690100.85,854216,211953.41
FLIGHT_2206,A330,122967,422,32813,32658,427,428,131.57,34.47,352.2,6.7,4.59,27.08,24,0,1.061,2.22,3329647.68,787512,141205.2
FLIGHT_2207,B777,169955,423,40579,40875,435,433,109.43,42.56,338.88,8.48,5.68,-15.05,24,0,1.014,0.39,-2557304.55,973896,133770.17
FLIGHT_2208,B737,64275,206,35642,35920,454,455,72.33,33.59,138.08,4.77,3.33,-10.49,27,0,1.022,2.43,-673947.74,962334,37217.92
FLIGHT_2209,B737,52853,136,35561,35700,433,434,37.82,33.82,70.34,4.82,3.25,-7.44,30,0,0.987,0.0,-393101.07,1066830,23176.22
FLIGHT_2210,A330,178636,692,30912,30574,466,467,23.43,28.39,636.24,8.78,5.67,-4.03,33,0,1.028,1.47,-719523.92,1020096,239202.78
FLIGHT_2211,A320,60926,213,37816,37829,459,461,83.06,40.52,135.9,5.24,3.47,14.31,27,0,1.058,2.38,871827.58,1021032,51652.47
FLIGHT_2212,A330,122025,450,30452,30944,412,411,93.45,29.34,390.34,6.93,4.67,27.38,23,0,1.061,1.97,3340763.85,700396,153778.12
FLIGHT_2213,A320,55949,232,37066,36708,431,433,20.46,36.08,161.17,5.24,3.29,9.95,24,0,0.989,1.23,556852.93,889584,48225.79
FLIGHT_2214,A330,165892,638,31958,32401,430,429,132.3,29.34,582.09,8.61,5.46,27.27,26,0,1.023,0.31,4524396.83,830908,240319.83
FLIGHT_2215,B737,56524,168,30612,30516,439,439,84.29,31.98,105.22,5.06,3.31,0.75,27,0,1.04,0.58,42670.71,826524,33887.35
FLIGHT_2216,B777,146431,606,38485,38417,441,443,123.45,36.9,530.9,7.94,5.25,-7.78,29,1,1.004,1.56,-1138996.7,1116065,185090.85
FLIGHT_2217,A320,63940,190,40725,40367,405,403,134.03,42.23,107.89,4.96,3.49,9.58,29,0,1.05,2.78,612351.06,1181025,43340.66
FLIGHT_2218,A330,147142,330,31179,31407,443,442,128.68,30.36,268.25,8.04,5.15,12.87,32,1,1.011,0.47,1893662.16,997728,107702.66
FLIGHT_2219,A330,153500,391,37415,37776,408,408,106.02,38.88,310.59,8.32,5.26,-17.01,23,1,1.038,2.78,-2610911.74,860545,119314.66
FLIGHT_2220,A320,52809,64,34181,33981,467,467,113.16,34.49,0.0,5.25,3.39,20.83,32,0,1.051,0.57,1099754.94,1093792,15490.58
FLIGHT_2221,A330,143694,712,35065,35212,473,473,55.76,33.93,647.48,7.63,4.92,24.65,29,1,1.05,2.81,3542545.46,1016885,253039.63
FLIGHT_2222,B737,54201,103,39816,39673,454,455,86.43,37.27,29.09,5.54,3.47,17.73,30,0,0.983,1.95,961146.57,1194480,22717.08
FLIGHT_2223,B777,136321,583,31052,30896,441,440,113.07,28.76,524.53,7.84,5.0,-11.09,24,0,1.014,1.8,-1511948.98,745248,168754.3
FLIGHT_2224,A330,125395,489,39465,39090,412,412,29.67,37.42,410.73,7.36,4.66,4.93,29,1,0.984,1.58,618658.27,1144485,137774.75
FLIGHT_2225,A320,56530,116,33398,33208,462,464,68.37,32.91,49.7,4.82,3.43,20.47,22,1,1.009,1.17,1156979.51,734756,25928.24
FLIGHT_2226,A320,55764,89,39113,39352,419,421,146.96,41.4,6.63,4.96,3.32,11.09,28,0,0.993,0.02,618614.41,1095164,17403.84
FLIGHT_2227,A320,50847,145,39325,39046,410,409,74.21,39.45,69.99,4.4,3.09,19.88,27,1,1.025,1.97,1011085.79,1061775,31105.73
FLIGHT_2228,A320,59256,61,34915,34425,433,431,42.5,36.45,0.0,4.86,3.4,10.96,22,0,1.057,1.22,649745.96,768130,14461.31
FLIGHT_2229,B777,168388,610,30301,29934,453,452,94.13,30.78,551.44,8.87,5.58,-8.82,30,1,1.019,0.61,-1485711.46,909030,200978.75
FLIGHT_2230,A320,62242,65,40590,40729,415,415,88.0,41.1,0.0,5.05,3.56,-7.97,24,0,1.037,1.59,-496147.48,974160,14823.91
FLIGHT_2231,B777,162744,481,39248,39603,454,453,136.0,39.15,401.58,8.38,5.4,11.68,23,0,0.993,1.94,1901340.94,902704,162804.63
FLIGHT_2232,A330,166546,342,39648,39853,446,446,64.81,40.59,259.92,8.08,5.52,7.11,29,1,1.008,2.43,1183532.25,1149792,116933.67
FLIGHT_2233,A320,60779,160,38071,38191,421,420,93.25,36.66,84.53,5.2,3.44,-17.47,33,0,1.029,1.92,-1061834.72,1256343,28436.6
FLIGHT_2234,B777,122965,484,34194,34380,435,434,135.19,35.21,417.82,7.04,4.58,-11.03,24,1,1.031,2.21,-1355937.56,820656,130762.67
FLIGHT_2235,A330,154472,603,33623,33214,400,401,78.39,33.65,534.96,8.67,5.42,-16.96,30,1,0.98,0.13,-2619546.29,1008690,176048.94
FLIGHT_2236,A320,64123,171,40949,41165,405,405,69.68,42.41,89.25,5.21,3.65,-17.18,22,0,0.986,0.02,-1101863.24,900878,30247.86
FLIGHT_2237,A320,49845,177,34293,34578,430,431,105.44,36.17,108.33,4.91,3.23,24.54,30,1,1.057,0.71,1223127.64,1028790,42897.39
FLIGHT_2238,A330,131665,454,31075,30918,407,405,75.06,30.23,391.2,6.93,4.8,-16.35,29,1,1.014,2.61,-2152574.42,901175,122004.11
FLIGHT_2239,B777,178448,523,35756,35825,461,462,89.41,36.11,450.2,9.07,5.78,16.67,27,0,1.017,1.13,2974326.94,965412,197634.78
FLIGHT_2240,B737,61527,157,38250,38477,477,477,79.05,39.02,81.59,4.92,3.44,8.57,22,0,0.993,0.26,527419.41,841500,32055.94
FLIGHT_2241,A330,150202,444,36294,36202,426,426,107.43,38.95,365.57,7.95,5.35,-7.45,28,1,0.984,1.44,-1118346.31,1016232,134023.64
FLIGHT_2242,B737,47469,63,36719,37069,407,409,26.2,38.46,0.0,4.84,3.15,19.49,28,0,1.031,1.3,925258.61,1028132,15099.57
FLIGHT_2243,B777,121712,486,37772,37349,452,454,143.24,35.42,418.25,7.36,4.79,25.56,23,0,1.025,0.94,3111207.47,868756,162728.01
FLIGHT_2244,B737,50298,146,34057,33874,413,413,133.97,34.06,76.91,4.9,3.18,-16.96,25,0,1.018,0.16,-852891.88,851425,23308.63
FLIGHT_2245,A320,54553,78,39527,39447,479,478,60.03,40.34,0.0,4.71,2.98,-3.39,30,1,1.004,2.44,-184956.59,1185810,13725.01
FLIGHT_2246,B777,123016,701,36435,36193,413,414,139.96,33.86,635.14,6.44,4.57,8.16,34,1,0.985,2.16,1003485.36,1238790,199912.52
FLIGHT_2247,A320,63241,145,36236,36464,452,451,141.96,33.98,74.51,4.83,3.41,-1.63,26,1,1.046,2.21,-102979.87,942136,28404.36
FLIGHT_2248,A320,53853,78,37893,37714,469,468,109.26,35.96,7.41,4.64,3.16,9.59,32,0,1.012,2.57,516491.85,1212576,14942.65
FLIGHT_2249,A320,51813,145,40629,40491,405,403,62.63,41.65,63.5,5.15,3.22,-15.83,27,0,0.986,0.5,-820201.18,1096983,23706.33
FLIGHT_2250,A320,64743,106,34655,34779,460,462,97.01,33.95,40.11,4.86,3.46,-5.2,32,0,0.983,0.58,-336403.37,1108960,18522.41
FLIGHT_2251,B777,151814,540,37819,37512,405,406,86.39,35.3,470.45,7.44,5.21,-17.72,34,0,1.004,1.27,-2690543.55,1285846,154271.66
FLIGHT_2252,B777,174006,638,37022,37232,406,407,50.11,35.87,564.64,8.97,5.8,21.77,24,1,0.993,1.82,3787629.59,888528,243018.98
FLIGHT_2253,A330,169258,710,31468,31304,424,426,131.47,33.67,641.76,8.75,5.68,-16.53,30,0,1.064,2.36,-2798115.17,944040,241256.14
FLIGHT_2254,B777,174932,403,32167,31720,441,442,105.51,34.76,334.32,8.24,5.79,18.57,22,0,1.001,0.43,3248808.12,707674,148525.54
FLIGHT_2255,A330,137954,669,32859,32632,407,407,85.67,33.76,598.86,7.3,4.96,15.64,27,0,1.05,2.96,2157609.69,887193,227811.03
FLIGHT_2256,A330,127678,435,32815,33034,450,451,108.54,35.7,366.79,6.7,4.68,28.37,27,1,1.024,1.17,3621818.36,886005,143015.97
FLIGHT_2257,A330,165591,370,37197,37589,458,458,47.28,37.16,298.49,8.83,5.53,-13.12,31,0,1.037,2.22,-2172657.74,1153107,121833.78
FLIGHT_2258,B737,45589,103,40435,40412,443,444,36.47,40.11,24.14,4.93,3.22,26.16,24,1,1.068,0.47,1192747.32,970440,24050.57
FLIGHT_2259,B737,49433,129,40795,41035,452,453,96.81,40.54,48.72,4.48,3.05,18.67,34,1,1.006,0.68,922772.02,1387030,26107.68
FLIGHT_2260,A320,48797,105,38946,39205,479,479,50.43,41.9,22.98,4.76,3.21,-0.99,29,0,0.991,1.33,-48328.34,1129434,18679.14
FLIGHT_2261,B777,154535,505,34100,33865,437,437,135.87,33.68,439.36,7.34,5.18,26.27,28,0,1.06,0.03,4059709.35,954800,184379.43
FLIGHT_2262,B777,146306,443,34732,34643,445,446,54.34,34.4,374.29,7.87,5.02,14.37,32,0,1.031,0.9,2102742.03,1111424,146501.91
FLIGHT_2263,A330,138483,545,34550,34155,470,471,60.97,32.13,483.52,7.41,4.92,9.49,33,0,0.984,2.14,1314527.36,1140150,167267.24
FLIGHT_2264,B737,57941,158,34896,35302,447,445,148.26,33.04,93.53,5.21,3.28,-3.38,23,0,1.001,1.81,-195919.83,802608,30256.67
FLIGHT_2265,A330,128355,614,30417,30266,467,469,33.87,27.65,558.6,7.09,4.94,-15.84,34,1,1.026,2.55,-2033217.65,1034178,174097.81
FLIGHT_2266,A330,120406,717,30321,30246,445,446,56.73,30.63,655.55,7.09,4.57,-0.44,24,1,1.065,0.1,-52423.74,727704,207551.43
FLIGHT_2267,A320,60706,214,30904,31141,421,423,86.98,29.22,154.59,5.35,3.5,23.56,28,1,1.054,1.72,1430114.25,865312,54966.26
FLIGHT_2268,B737,64090,91,35504,35823,479,479,104.16,33.5,21.3,5.6,3.59,5.41,23,1,1.055,2.4,346585.51,816592,19990.34
FLIGHT_2269,B777,125078,595,31396,31670,417,418,35.71,34.14,529.9,6.97,4.6,28.77,25,0,1.018,0.34,3598865.19,784900,192682.73
FLIGHT_2270,B737,54178,63,36421,35944,454,453,45.23,36.87,0.0,5.32,3.33,-15.53,23,0,1.011,0.19,-841184.94,837683,12589.96
FLIGHT_2271,A320,51983,184,40511,40392,424,423,141.73,42.31,102.76,5.23,3.29,18.94,30,0,1.035,0.33,984561.81,1215330,42511.73
FLIGHT_2272,B737,62903,140,38913,39340,435,434,34.9,39.34,58.55,4.66,3.32,-10.37,25,0,1.006,1.64,-652495.29,972825,23322.7
FLIGHT_2273,B737,64741,60,34661,34265,407,405,91.9,37.37,0.0,5.2,3.61,10.21,33,0,0.993,2.59,661133.81,1143813,14816.66
FLIGHT_2274,A320,47520,118,34979,34574,425,423,87.16,34.79,51.97,5.14,3.25,-19.44,30,0,1.015,0.9,-923966.34,1049370,19352.6
FLIGHT_2275,A320,58007,203,40707,41162,435,437,43.21,38.04,129.74,4.93,3.37,-18.74,30,1,1.045,1.74,-1087308.08,1221210,35776.16
FLIGHT_2276,B737,47125,110,31580,31089,433,433,75.97,32.06,47.49,4.68,2.96,-10.33,30,1,1.017,2.82,-486580.4,947400,17951.14
FLIGHT_2277,B777,141729,361,39488,39057,429,429,47.37,41.33,279.12,6.99,4.92,2.6,25,1,1.04,2.6,367955.58,987200,112063.06
FLIGHT_2278,B737,48356,75,33455,33549,440,439,131.05,31.78,9.34,4.92,3.08,15.87,33,1,0.997,2.11,767547.94,1104015,15122.21
FLIGHT_2279,B777,171428,647,31386,31436,452,451,87.68,29.38,588.79,8.82,5.54,10.96,25,0,1.068,2.69,1878278.03,784650,245819.83
FLIGHT_2280,A320,51228,187,32618,32850,431,429,135.75,35.0,113.89,4.88,3.24,-0.78,26,1,0.987,1.07,-40095.84,848068,33986.2
FLIGHT_2281,B777,148226,665,40772,40536,459,457,124.6,43.24,580.48,7.96,5.27,-10.54,25,0,1.03,2.42,-1562184.64,1019300,207422.51
FLIGHT_2282,B737,61753,203,34363,33985,478,476,123.55,36.68,132.16,5.6,3.57,-19.48,34,1,1.029,1.32,-1203190.92,1168342,38180.64
FLIGHT_2283,A320,54095,182,37920,38212,478,478,102.11,40.12,103.93,4.94,3.31,13.96,22,1,1.068,0.68,755008.65,834240,41299.46
FLIGHT_2284,A330,123735,339,38107,37712,459,459,92.51,38.96,258.33,6.71,4.67,-3.13,34,1,1.024,1.23,-387310.02,1295638,93061.1
FLIGHT_2285,B777,145807,499,33544,33556,405,404,113.57,33.73,429.66,7.79,5.21,21.02,25,0,1.066,2.39,3064943.62,838600,183936.43
FLIGHT_2286,A330,137137,499,39851,39788,437,436,65.02,40.19,420.41,7.26,4.96,-16.69,30,1,1.055,0.01,-2288859.35,1195530,140929.91
FLIGHT_2287,A330,169759,314,36654,36853,410,408,21.45,37.9,236.83,8.69,5.5,27.68,24,0,1.015,2.77,4699723.09,879696,118449.84
FLIGHT_2288,B777,139268,404,40167,40139,474,474,107.74,40.63,322.13,7.32,5.03,13.74,25,1,1.058,1.71,1913090.26,1004175,136683.33
FLIGHT_2289,B737,47924,145,39020,39482,474,472,100.2,40.16,64.5,4.49,3.11,14.66,24,0,0.992,1.56,702700.2,936480,27990.83
FLIGHT_2290,A320,54763,214,40454,40351,447,448,48.87,39.99,130.95,5.23,3.38,13.73,27,0,0.991,1.0,751916.45,1092258,45702.39
FLIGHT_2291,B777,168379,442,40168,40145,431,431,65.81,40.66,359.08,8.37,5.66,18.99,29,0,1.034,1.16,3197326.16,1164872,166312.02
FLIGHT_2292,A330,176845,309,34773,34409,454,453,97.81,36.97,236.78,8.83,5.7,-5.23,30,0,1.011,0.16,-925784.59,1043190,102754.52
FLIGHT_2293,B737,62166,100,39392,39148,473,473,113.36,41.59,14.87,5.3,3.52,18.89,23,1,0.987,2.92,1174306.67,906016,22125.23
FLIGHT_2294,A320,56094,102,37975,38115,457,456,93.29,38.7,25.73,4.64,3.3,0.67,34,1,1.069,2.96,37501.77,1291150,19565.79
FLIGHT_2295,A320,59469,97,32196,32214,472,474,77.09,34.02,31.14,4.98,3.45,-9.8,30,0,1.016,2.74,-582898.9,965880,17326.48
FLIGHT_2296,B777,161402,612,38469,38849,435,434,70.53,37.73,533.5,7.56,5.27,-7.99,33,1,1.006,1.17,-1289451.18,1269477,185117.65
FLIGHT_2297,A330,126604,565,31040,30699,455,455,94.37,30.74,502.63,6.75,4.6,-12.96,25,1,1.064,0.63,-1640578.87,776000,152838.61
FLIGHT_2298,B737,56645,150,30497,30198,476,475,65.21,29.91,90.71,4.88,3.33,11.08,24,0,0.982,1.09,627499.58,731928,30543.18
FLIGHT_2299,A320,49443,131,37217,37274,419,419,49.16,39.73,50.53,5.31,3.37,-8.23,30,1,1.048,0.8,-406959.54,1116510,25109.23
FLIGHT_2300,B737,53033,112,31478,31190,452,451,38.7,30.45,51.32,4.77,3.28,-5.81,25,0,0.985,1.18,-308016.72,786950,19407.79
FLIGHT_2301,B737,60895,142,38219,38015,432,432,43.31,40.19,64.8,5.23,3.45,5.55,30,0,0.991,0.64,338007.45,1146570,28833.41
FLIGHT_2302,A320,61472,165,40964,40609,443,445,24.32,39.07,87.11,5.0,3.33,19.65,30,1,1.039,0.46,1208047.78,1228920,37831.85
FLIGHT_2303,A330,135822,695,30639,30192,476,477,96.88,33.63,628.87,7.36,4.96,12.48,26,1,0.986,0.51,1695344.51,796614,215541.61
FLIGHT_2304,A330,166008,453,31222,31296,437,435,106.81,32.01,389.43,7.96,5.56,-2.24,26,0,1.053,1.33,-371445.29,811772,156752.0
FLIGHT_2305,B737,51588,152,39233,38844,422,421,102.52,40.53,70.06,4.61,3.11,14.06,27,0,1.014,2.66,725281.3,1059291,30326.9
FLIGHT_2306,A330,168489,488,33567,33455,470,472,24.72,30.77,426.04,8.76,5.71,0.25,34,0,0.996,2.54,42525.54,1141278,168552.05
FLIGHT_2307,A320,50920,142,34782,34511,429,428,36.78,32.95,74.08,4.88,3.22,10.81,27,1,1.016,1.64,550548.69,939114,29333.57
FLIGHT_2308,A330,125013,514,32114,31792,406,407,140.68,32.82,445.85,6.3,4.45,6.53,32,1,1.058,1.59,816941.7,1027648,149931.6
FLIGHT_2309,A320,56783,197,38114,37750,475,474,46.64,36.3,127.1,5.18,3.38,14.58,33,1,0.993,2.5,827864.28,1257762,44130.06
FLIGHT_2310,A330,155988,647,40307,39957,441,439,40.92,37.96,572.14,7.55,5.19,2.67,26,0,1.024,0.44,416305.76,1047982,207228.56
FLIGHT_2311,B777,155989,651,32221,32007,441,440,144.11,31.09,586.67,8.49,5.36,23.61,23,0,1.004,0.39,3682798.33,741083,232212.37
FLIGHT_2312,A320,49814,166,30750,31231,448,449,105.55,31.48,102.05,4.77,3.25,14.73,32,1,1.012,2.3,733961.77,984000,35947.18
FLIGHT_2313,B777,120513,509,40530,40223,417,418,43.05,38.64,433.99,7.08,4.6,19.79,32,0,1.021,2.39,2385206.48,1296960,160430.59
FLIGHT_2314,A320,57316,184,33467,33526,444,442,42.35,35.51,109.97,5.29,3.38,5.53,32,0,1.012,1.33,317197.85,1070944,38087.93
FLIGHT_2315,B777,122427,505,35308,35186,415,416,80.99,35.75,436.8,7.24,4.62,16.91,34,0,1.025,0.2,2070053.21,1200472,155648.76
FLIGHT_2316,B777,164776,512,40108,39682,457,457,133.97,37.51,435.56,8.48,5.45,-5.29,32,1,1.01,2.6,-871467.62,1283456,166358.05
FLIGHT_2317,B777,169534,463,32303,32710,433,435,121.76,33.4,398.72,8.17,5.51,-15.09,23,0,1.022,0.36,-2558375.62,742969,144205.94
FLIGHT_2318,A330,122801,593,39273,38912,443,445,27.4,36.72,518.08,6.88,4.72,25.16,22,1,1.015,1.36,3089909.42,864006,192210.66
FLIGHT_2319,B777,173788,457,31739,31631,471,470,98.79,29.34,399.43,9.02,5.75,-18.71,31,1,0.997,2.17,-3250941.25,983909,146926.41
FLIGHT_2320,B777,120758,387,37883,38293,405,406,97.66,35.09,316.02,7.15,4.63,12.62,23,1,1.006,2.59,1524462.1,871309,116383.99
FLIGHT_2321,A330,164498,486,31480,31688,474,474,107.66,29.82,425.95,8.07,5.48,7.44,33,1,1.001,2.69,1223642.36,1038840,166936.56
FLIGHT_2322,A330,153575,687,38201,38566,421,421,133.1,36.21,613.55,8.4,5.46,-4.19,24,1,1.037,1.69,-643510.15,916824,230204.07
FLIGHT_2323,B737,47947,120,31570,31523,412,412,107.63,31.77,54.27,4.71,3.1,-12.04,29,0,1.035,1.48,-577378.68,915530,19291.87
FLIGHT_2324,B777,138840,648,30982,31219,476,475,49.17,31.12,585.24,7.62,4.95,-19.42,26,1,0.986,2.35,-2696685.38,805532,174098.38
FLIGHT_2325,A330,127234,667,36838,36643,476,476,143.7,36.77,595.03,6.75,4.6,-10.59,33,1,1.034,0.66,-1347926.58,1215654,178293.22
FLIGHT_2326,B737,48453,231,31822,31908,467,468,76.17,33.91,163.23,4.48,2.94,-2.61,28,0,1.031,1.95,-126626.92,891016,40826.8
FLIGHT_2327,B737,47870,126,35331,35533,416,414,96.88,37.57,48.69,4.61,3.03,-2.24,23,0,1.009,1.04,-107276.62,812613,21321.64
FLIGHT_2328,B737,45996,120,30997,30964,443,445,33.94,29.09,62.08,5.13,3.24,6.08,32,1,0.984,1.14,279709.37,991904,23682.65
FLIGHT_2329,B777,179122,399,40765,41220,436,435,99.1,38.45,322.34,8.84,5.71,-7.9,27,0,1.043,0.06,-1414314.51,1100655,135472.92
FLIGHT_2330,A330,120451,459,33670,33866,463,463,140.52,33.77,390.44,6.59,4.59,0.56,22,1,1.057,0.99,67842.96,740740,132843.32
FLIGHT_2331,B737,64132,226,30681,30620,449,450,49.89,33.59,158.05,5.18,3.42,3.48,31,0,1.056,1.52,223053.13,951111,49136.13
FLIGHT_2332,A320,56398,157,34928,34997,401,399,54.08,32.86,89.2,4.87,3.31,-10.85,28,0,1.045,0.29,-612161.64,977984,27713.73
FLIGHT_2333,B737,50885,121,36790,36420,435,437,140.2,38.12,46.43,5.06,3.33,-8.76,26,0,1.064,1.67,-445705.46,956540,22976.43
FLIGHT_2334,B777,154739,357,34492,34404,425,426,61.05,36.92,286.74,8.31,5.32,-18.95,31,1,1.052,2.99,-2932556.65,1069252,111572.6
FLIGHT_2335,A330,141655,661,33506,33284,457,456,52.3,31.87,595.42,7.29,4.98,-4.81,23,1,1.055,1.84,-681394.07,770638,203712.77
FLIGHT_2336,B737,60252,237,40633,40652,432,432,34.53,39.17,156.8,5.54,3.65,-17.89,34,0,1.003,1.93,-1077628.75,1381522,44203.08
FLIGHT_2337,B777,175902,444,31166,30946,465,464,69.48,29.1,385.18,8.68,5.81,-11.07,30,0,1.059,0.88,-1946437.54,934980,154469.25
FLIGHT_2338,B777,153736,608,36343,36611,415,417,38.03,34.85,538.22,8.1,5.47,26.06,31,0,0.987,1.82,4005691.08,1126633,221173.98
FLIGHT_2339,A330,168915,525,37576,37116,447,446,138.84,39.12,443.84,9.16,5.77,21.61,33,0,1.059,1.86,3650260.94,1240008,211822.7
FLIGHT_2340,A320,55613,177,37933,38302,476,477,118.22,39.01,99.12,4.85,3.35,15.51,23,0,0.984,2.18,862545.45,872459,37906.28
FLIGHT_2341,A320,46712,123,39146,39564,440,441,111.91,37.12,50.48,4.54,3.08,-1.95,31,0,1.059,2.19,-91103.51,1213526,22380.39
FLIGHT_2342,A320,58600,179,32665,32720,467,467,50.57,30.08,117.85,5.02,3.36,3.43,34,0,1.018,1.73,200873.44,1110610,36686.58
FLIGHT_2343,B737,61746,227,32653,32541,470,472,102.46,34.31,157.18,5.56,3.5,12.31,28,1,1.06,2.51,760380.05,914284,55078.7
FLIGHT_2344,A330,126839,575,38906,38568,446,446,33.85,40.65,492.41,6.66,4.71,7.82,31,1,1.009,2.22,991435.99,1206086,170616.93
FLIGHT_2345,B737,64002,89,40402,40763,443,445,61.75,38.86,14.91,5.28,3.33,16.92,31,0,1.016,2.8,1082921.16,1252462,20543.09
FLIGHT_2346,B777,172209,465,31517,31373,410,410,23.39,31.72,400.08,8.49,5.74,-17.96,25,1,1.027,2.2,-3092935.61,787925,151805.98
FLIGHT_2347,A320,48631,235,37655,37896,407,406,125.31,37.86,163.22,5.05,3.36,15.84,27,1,1.069,1.59,770398.99,1016685,56073.82
FLIGHT_2348,A320,57505,100,37883,37741,441,439,24.8,40.0,21.55,5.14,3.58,-11.36,34,0,0.982,2.91,-653282.48,1288022,17211.55
FLIGHT_2349,B737,47767,226,36127,36603,404,404,104.53,33.61,159.51,5.0,3.21,-11.46,32,0,1.03,1.75,-547289.86,1156064,40488.58
FLIGHT_2350,A330,124193,533,38921,38600,458,458,52.33,41.07,449.33,6.77,4.78,-19.42,32,1,1.027,0.62,-2411488.18,1245472,137177.5
FLIGHT_2351,A320,51983,169,40942,40514,426,424,70.73,42.99,80.4,4.89,3.17,-4.65,26,0,1.006,2.58,-241483.99,1064492,30170.16
FLIGHT_2352,A330,179386,367,30421,30861,417,418,137.36,27.97,309.69,8.48,5.91,16.14,33,1,0.995,2.96,2894833.68,1003893,138851.37
FLIGHT_2353,B777,128869,428,35716,35647,409,407,109.33,33.13,360.33,6.97,4.69,-10.77,23,1,1.054,1.12,-1388093.65,821468,118260.04
FLIGHT_2354,A330,170130,384,38155,38457,451,449,78.17,39.46,304.79,8.22,5.49,6.27,32,1,1.045,0.45,1066868.5,1220960,133043.78
FLIGHT_2355,B777,162732,661,40320,40355,426,426,30.79,37.97,584.97,8.27,5.41,12.79,24,0,1.023,2.63,2081493.56,967680,235499.02
FLIGHT_2356,B777,126716,360,30123,29687,412,411,138.12,32.28,298.16,6.84,4.83,-19.14,30,0,1.038,0.46,-2424788.13,903690,95161.92
FLIGHT_2357,B777,129856,679,31963,31697,437,436,30.3,32.33,614.39,7.47,4.8,17.92,27,1,1.0,2.12,2326975.29,863001,215854.44
FLIGHT_2358,B737,53686,68,34918,35342,409,409,124.03,32.08,7.26,5.07,3.26,-15.13,32,1,0.997,2.62,-812028.46,1117376,11405.31
FLIGHT_2359,A330,164178,429,34697,34816,473,472,126.25,33.17,365.89,8.58,5.45,-5.71,30,0,1.0,1.51,-938231.44,1040910,137461.98
FLIGHT_2360,B777,163969,603,40496,40995,468,469,114.45,39.69,521.4,8.57,5.47,-8.99,28,1,0.993,1.44,-1474170.97,1133888,189063.12
FLIGHT_2361,B777,162638,708,39166,38758,406,407,35.78,38.16,631.79,7.61,5.24,2.62,32,1,0.993,0.82,426596.17,1253312,222819.56
FLIGHT_2362,B777,159440,613,32777,32591,446,445,149.93,35.64,540.96,8.04,5.34,-16.99,23,1,1.024,2.31,-2709197.79,753871,187349.27
FLIGHT_2363,A330,152823,411,35213,35325,415,417,79.41,33.29,342.6,7.55,5.34,20.13,31,1,1.041,2.44,3077043.22,1091603,149792.11
FLIGHT_2364,A330,143141,686,34731,34448,435,437,101.32,36.5,616.88,7.38,5.22,5.47,23,1,0.985,2.03,783532.04,798813,219301.8
FLIGHT_2365,A330,170277,439,31341,30905,456,457,88.9,34.08,371.48,7.94,5.39,-13.38,28,1,1.015,0.84,-2278120.72,877548,134070.43
FLIGHT_2366,A330,125122,499,39277,38983,458,459,121.87,40.48,422.86,6.46,4.48,16.37,22,1,1.002,2.79,2048315.04,864094,148536.34
FLIGHT_2367,B777,133466,485,35903,35873,437,435,72.37,38.78,409.25,7.09,4.75,26.03,27,1,1.024,2.96,3473774.24,969381,162355.01
FLIGHT_2368,B777,121970,503,39264,39582,463,463,96.65,38.13,426.99,6.6,4.62,-18.17,32,0,0.991,0.13,-2215865.32,1256448,121544.34
FLIGHT_2369,A330,177622,328,36991,37064,428,426,143.84,39.97,247.34,8.82,5.71,-0.86,30,0,0.999,1.28,-153515.46,1109730,110307.52
FLIGHT_2370,A330,164630,400,33477,33236,464,466,136.23,33.68,334.98,8.62,5.52,23.69,25,1,1.001,1.82,3900461.02,836925,147548.05
FLIGHT_2371,B777,139898,404,39585,39233,476,474,133.31,40.64,323.28,7.67,5.11,19.31,22,1,1.056,1.91,2701686.21,870870,143351.7
FLIGHT_2372,A320,61847,165,34004,34422,453,455,90.71,33.39,100.66,5.05,3.55,17.15,33,1,1.003,2.17,1060503.81,1122132,38105.55
FLIGHT_2373,B777,123880,474,38997,38651,410,409,133.91,41.07,393.85,6.85,4.65,-14.75,29,0,1.0,2.8,-1827251.73,1130913,122331.64
FLIGHT_2374,A330,147137,443,37913,37777,414,412,130.15,40.58,364.22,7.77,5.02,20.29,34,0,1.05,2.87,2985298.48,1289042,156528.04
FLIGHT_2375,A320,49169,195,34376,34109,450,451,29.39,35.15,124.75,4.72,3.2,-9.56,25,1,1.029,0.06,-470175.65,859400,33791.14
FLIGHT_2376,A330,153020,702,32069,31661,426,428,74.22,32.84,635.24,7.44,5.03,3.59,34,0,1.045,1.05,549596.14,1090346,224933.27
FLIGHT_2377,A330,129747,610,40619,40792,449,449,25.63,42.93,520.38,7.69,4.91,15.62,28,1,1.037,1.77,2026152.61,1137332,201957.55
FLIGHT_2378,B777,154425,497,36729,36373,454,454,99.83,38.14,419.09,7.68,5.21,28.05,22,1,1.053,2.24,4332110.28,808038,185445.25
FLIGHT_2379,B737,58492,228,40109,39760,437,436,77.72,37.79,150.27,5.04,3.56,17.24,24,0,1.023,0.99,1008651.7,962616,53048.65
FLIGHT_2380,B737,64130,131,38840,38355,420,419,142.27,41.46,50.42,5.04,3.45,-15.43,22,0,0.981,2.27,-989577.47,854480,22279.17
FLIGHT_2381,A330,168816,536,39853,39832,436,436,137.2,37.24,461.8,8.87,5.64,-15.95,27,0,0.981,0.76,-2691836.91,1076031,164114.98
FLIGHT_2382,A320,46739,234,38811,38573,439,441,70.37,35.99,165.79,5.11,3.35,25.86,22,1,0.981,2.93,1208560.32,853842,55405.32
FLIGHT_2383,A330,138647,317,30910,31174,442,441,111.98,30.08,254.76,7.16,4.91,29.65,24,1,1.061,2.28,4111442.91,741840,113517.83
FLIGHT_2384,A320,47779,125,33041,32900,431,430,127.59,31.68,64.59,4.81,3.05,13.05,22,1,1.018,1.93,623470.52,726902,25758.05
FLIGHT_2385,B737,62106,68,38792,39038,445,444,85.13,38.86,0.0,4.89,3.43,-1.11,31,1,1.049,0.65,-68978.47,1202552,13999.86
FLIGHT_2386,A330,178414,491,33003,32880,436,434,146.13,30.53,432.86,8.51,5.86,-6.33,31,0,1.021,1.74,-1130221.7,1023093,172238.89
FLIGHT_2387,A320,46536,65,34020,33663,424,424,82.37,32.47,0.02,4.77,3.18,-15.48,30,0,0.995,1.5,-720534.27,1020600,9685.47
FLIGHT_2388,A320,57975,133,37117,36621,408,408,66.84,35.68,62.01,4.55,3.25,5.59,31,1,1.066,0.97,323927.32,1150627,26375.79
FLIGHT_2389,B737,62103,95,36932,37098,443,443,141.52,39.74,18.08,5.22,3.56,11.47,29,0,0.997,2.71,712174.3,1071028,20706.02
FLIGHT_2390,A330,126974,638,32015,31590,414,413,43.75,29.43,578.06,7.37,4.7,-9.78,32,1,1.053,1.12,-1242128.03,1024480,180042.17
FLIGHT_2391,B737,64240,112,36979,36787,404,405,28.93,36.66,40.23,5.57,3.5,-16.78,30,0,1.002,0.07,-1077890.54,1109370,19895.87
FLIGHT_2392,B737,46059,215,37771,37342,438,440,50.11,40.5,130.97,4.31,3.01,-11.32,29,1,1.007,0.82,-521400.89,1095359,33330.8
FLIGHT_2393,B777,149301,449,30407,29962,448,449,24.4,30.2,390.75,7.93,5.3,-11.14,26,0,1.052,2.84,-1662649.78,790582,144766.66
FLIGHT_2394,A330,149647,583,36166,36283,476,475,146.97,34.5,516.58,8.07,5.37,-2.53,26,0,0.991,0.43,-378952.68,940316,182175.28
FLIGHT_2395,B777,125859,425,37275,37236,406,405,125.9,34.42,356.52,6.87,4.5,22.82,31,1,1.002,1.16,2872352.04,1155525,129464.8
FLIGHT_2396,B737,50226,98,31669,31259,457,456,28.38,32.19,37.38,4.83,3.23,-6.85,25,1,1.049,2.56,-343887.18,791725,18276.11
FLIGHT_2397,A320,60044,209,32484,32683,442,443,67.97,30.68,145.91,5.15,3.4,-10.6,22,0,0.996,0.99,-636490.21,714648,37675.46
FLIGHT_2398,A320,50593,80,30592,30316,467,465,78.45,31.55,18.76,4.78,3.09,-4.32,24,0,0.997,2.79,-218722.71,734208,14081.95
FLIGHT_2399,A320,46258,175,38566,38828,450,451,95.71,40.95,97.6,4.58,3.25,-6.69,22,1,0.991,0.05,-309605.43,848452,30595.76
FLIGHT_2400,A320,63882,141,30722,30386,434,435,141.08,30.33,80.09,5.4,3.73,23.14,28,0,1.037,2.26,1478137.58,860216,36620.5
FLIGHT_2401,A330,161827,390,40962,41388,443,444,101.92,42.24,307.13,8.96,5.69,-10.38,31,0,1.021,1.52,-1679893.35,1269822,129472.22
FLIGHT_2402,A330,139199,325,36763,36736,420,420,88.12,38.95,245.26,7.01,4.93,-7.55,26,0,1.068,2.53,-1051223.43,955838,96322.53
FLIGHT_2403,A330,160328,396,32861,33041,465,466,128.02,31.73,335.76,7.79,5.44,27.81,26,0,1.039,2.74,4458439.18,854386,152828.44
FLIGHT_2404,A320,48413,156,40117,40475,411,410,96.85,40.62,74.96,4.37,3.12,-10.05,31,1,1.057,2.64,-486491.31,1243627,26373.93
FLIGHT_2405,A330,145288,658,31016,31196,422,423,22.61,30.4,598.05,7.84,5.15,4.76,23,0,1.026,2.28,692054.61,713368,215969.44
FLIGHT_2406,B777,178283,508,38880,38841,430,430,85.15,36.93,432.47,8.88,5.77,8.15,31,1,1.015,1.86,1453667.93,1205280,185522.85
FLIGHT_2407,A330,141516,545,30265,30493,445,446,86.73,28.2,488.63,7.16,4.96,18.66,26,1,1.048,2.43,2641140.69,786890,187824.8
FLIGHT_2408,B737,54157,134,30610,30780,400,399,93.37,29.68,74.64,5.17,3.24,29.46,27,1,1.005,1.14,1595407.91,826470,31706.31
FLIGHT_2409,A320,63871,231,38713,39007,457,457,90.67,38.9,150.41,5.32,3.43,-7.47,34,0,1.017,2.08,-476815.63,1316242,44190.54
FLIGHT_2410,B737,46756,106,38923,38959,477,475,51.97,36.79,32.83,4.74,3.24,5.55,31,1,1.002,1.13,259285.33,1206613,19896.81
FLIGHT_2411,A320,49086,205,36248,35818,417,419,64.24,38.96,125.14,4.92,3.13,24.04,25,0,1.049,0.86,1179977.66,906200,46813.6
FLIGHT_2412,B737,52918,141,36837,36517,426,428,24.61,33.89,72.11,5.0,3.33,0.27,26,0,0.989,2.58,14359.28,957762,27127.24
FLIGHT_2413,A330,154985,693,30635,30224,456,455,47.11,28.62,638.16,8.14,5.51,-1.65,25,0,1.019,1.5,-255526.83,765875,232734.61
FLIGHT_2414,A330,123069,587,31776,31540,406,405,89.47,33.94,521.85,6.94,4.64,22.83,27,0,0.999,2.66,2809618.78,857952,186192.94
FLIGHT_2415,A320,57300,160,40488,40584,452,450,93.7,37.53,82.72,5.26,3.3,25.89,26,0,1.045,1.2,1483473.21,1052688,38117.14
FLIGHT_2416,A330,123490,588,40737,40419,466,464,144.28,42.78,500.37,7.04,4.67,3.66,30,0,1.057,0.86,451875.28,1222110,175647.34
FLIGHT_2417,A330,166228,637,33203,33089,477,479,101.52,35.06,565.23,8.22,5.56,-8.08,27,1,1.044,1.73,-1343114.87,896481,214579.56
FLIGHT_2418,A330,171310,425,30931,31304,467,468,99.3,33.81,359.25,8.73,5.69,17.84,26,1,0.996,1.68,3055443.23,804206,156226.64
FLIGHT_2419,B777,146193,375,32200,32551,450,449,31.32,35.05,308.12,7.56,5.13,-3.35,31,1,1.016,1.61,-489614.26,998200,115041.62
FLIGHT_2420,A330,156602,541,30374,30587,407,408,101.95,31.68,478.97,7.8,5.38,25.88,33,0,0.991,0.01,4053052.07,1002342,191340.87
FLIGHT_2421,A330,154253,363,38217,38203,463,462,131.28,35.29,292.38,7.51,5.16,-5.39,31,1,1.036,0.79,-831536.62,1184727,111655.0
FLIGHT_2422,A320,47600,76,33297,33150,400,399,65.68,35.64,3.91,4.88,3.13,-5.83,31,1,1.051,0.8,-277672.53,1032207,13377.3
FLIGHT_2423,B737,49657,192,34873,34425,424,422,66.09,34.25,121.93,4.54,2.99,-6.88,25,1,1.036,1.87,-341848.54,871825,33080.09
FLIGHT_2424,A330,150702,696,40183,40223,478,478,129.3,40.06,613.18,7.79,5.21,14.66,24,1,1.012,1.0,2209480.3,964392,234899.59
FLIGHT_2425,B737,55152,235,35507,35823,458,458,145.75,34.39,163.11,5.39,3.44,6.99,30,1,1.056,1.01,385695.18,1065210,52688.42
FLIGHT_2426,B737,64429,85,39937,39589,441,440,99.12,40.99,2.62,5.17,3.62,3.08,34,1,1.068,0.71,198222.31,1357858,17189.77
FLIGHT_2427,A320,55298,104,37967,38070,452,453,39.19,37.99,26.14,4.81,3.37,-19.44,33,0,1.052,0.76,-1075102.72,1252911,16043.93
FLIGHT_2428,A320,45736,186,38218,37762,449,448,99.33,35.67,116.95,4.45,3.05,29.38,24,1,1.069,1.63,1343881.3,917232,44306.88
FLIGHT_2429,A330,177469,457,32089,31761,430,431,68.36,29.1,400.56,8.82,5.73,-13.14,30,1,1.038,2.9,-2331391.88,962670,156993.78
FLIGHT_2430,A330,142685,375,36259,36679,468,467,84.91,34.31,304.14,7.47,4.91,-0.45,25,0,1.02,2.27,-63927.95,906475,112131.91
FLIGHT_2431,A330,150354,384,39626,39306,476,478,126.74,40.62,301.05,7.71,5.28,18.53,28,1,1.005,0.51,2786710.12,1109528,130061.58
FLIGHT_2432,A320,61009,106,37861,38246,473,473,114.12,38.04,31.74,5.32,3.57,16.73,23,1,0.994,0.06,1020916.64,870803,23873.71
FLIGHT_2433,B777,132083,712,38785,38501,467,466,96.75,38.26,634.52,7.44,4.7,-13.04,27,1,1.025,0.38,-1721783.33,1047195,190421.8
FLIGHT_2434,B777,130663,695,30340,30287,409,407,88.17,32.4,630.94,7.38,4.88,25.6,23,0,1.053,1.53,3345066.42,697820,243891.49
FLIGHT_2435,A320,60239,75,33181,33213,467,467,140.45,32.93,6.88,4.96,3.32,25.81,34,0,1.028,2.42,1554487.54,1128154,16292.9
FLIGHT_2436,B737,45332,155,36633,36330,460,458,31.1,39.17,75.56,4.45,2.96,-11.68,31,0,1.024,2.68,-529259.73,1135623,24329.93
FLIGHT_2437,A320,57554,209,40670,40922,426,425,67.69,41.2,129.17,5.11,3.24,24.91,28,1,1.054,1.91,1433467.2,1138760,51016.38
FLIGHT_2438,A330,130578,656,37525,37987,416,418,88.88,38.54,576.1,6.84,4.85,20.57,34,1,1.007,2.57,2686341.82,1275850,212844.4
FLIGHT_2439,B777,169397,646,40829,40980,417,418,91.15,37.98,568.15,8.28,5.59,-11.58,28,1,1.045,2.44,-1961959.29,1143212,215636.33
FLIGHT_2440,A330,144318,657,40561,40338,472,471,93.55,40.72,579.2,7.16,5.06,-17.7,26,0,1.036,2.66,-2554700.4,1054586,190664.99
FLIGHT_2441,A330,122285,508,35693,35266,404,404,107.11,35.75,436.51,6.43,4.56,23.17,27,1,1.04,0.78,2832887.51,963711,160271.97
FLIGHT_2442,A330,149500,499,31846,32128,437,438,34.25,32.13,437.18,8.24,5.18,18.54,27,0,1.055,0.13,2772136.99,859842,177058.82
FLIGHT_2443,A320,51586,239,30252,30504,438,439,142.56,31.03,178.51,4.88,3.23,2.63,23,1,1.053,1.1,135509.43,695796,49283.76
FLIGHT_2444,B737,55160,110,37385,37620,419,417,21.24,36.07,36.48,4.83,3.43,-1.6,30,0,1.003,1.13,-88246.22,1121550,19573.64
FLIGHT_2445,B777,147702,376,35160,34974,404,403,61.58,34.73,305.98,7.76,5.26,17.45,32,0,1.01,2.42,2577204.93,1125120,129933.64
FLIGHT_2446,B777,172195,417,31475,31923,418,418,70.36,29.47,357.26,8.32,5.48,13.15,31,1,1.03,2.75,2264326.09,975725,151382.71
FLIGHT_2447,A330,120772,592,37306,37090,407,407,85.26,35.27,522.07,7.6,4.78,3.56,29,0,1.041,1.96,429761.13,1081874,181681.2
FLIGHT_2448,B777,151878,371,30152,30564,472,472,127.08,31.42,310.59,8.08,5.54,-17.56,32,1,1.038,0.78,-2667447.99,964864,116743.07
FLIGHT_2449,B737,47587,129,30555,30222,420,419,123.96,33.43,62.1,5.27,3.35,22.74,26,1,0.983,0.76,1082112.31,794430,28906.75
FLIGHT_2450,A330,167983,662,32050,32009,472,474,99.75,30.68,597.82,8.65,5.53,-14.63,32,1,1.065,1.96,-2456791.09,1025600,220288.31
FLIGHT_2451,B737,55831,192,40029,40351,469,470,125.63,38.31,113.88,4.64,3.25,-2.86,23,1,1.003,2.42,-159779.03,920667,34832.93
FLIGHT_2452,A330,141107,439,30397,30105,441,440,25.61,28.55,380.98,7.04,4.97,10.46,25,1,1.03,1.92,1475472.23,759925,141359.39
FLIGHT_2453,A330,178721,393,37753,37999,409,410,46.64,40.09,314.63,8.75,5.84,16.45,23,1,0.992,2.08,2939733.46,868319,146038.04
FLIGHT_2454,A320,56830,101,38542,38841,426,425,130.79,36.38,25.28,4.81,3.32,5.05,28,0,1.049,2.77,286994.15,1079176,19877.71
FLIGHT_2455,B777,139882,465,36002,36389,447,448,111.34,35.76,396.17,7.36,4.88,11.8,34,1,1.008,0.73,1650174.6,1224068,144731.73
FLIGHT_2456,B737,46642,105,32956,33259,446,444,139.93,31.3,46.31,4.55,3.07,-1.35,31,0,1.05,0.46,-62955.26,1021636,19205.1
FLIGHT_2457,B777,152019,317,38122,37634,430,430,20.4,35.37,245.67,7.4,5.18,27.06,30,0,1.027,0.45,4113329.89,1143660,111477.41
FLIGHT_2458,B777,136286,318,31117,31506,467,466,55.75,28.99,263.16,7.82,5.04,-12.31,28,1,1.066,2.13,-1677498.98,871276,97270.59
FLIGHT_2459,A330,173036,317,31204,31397,400,401,47.68,29.79,256.17,7.87,5.51,-13.32,23,1,0.994,2.79,-2304915.65,717692,97268.7
FLIGHT_2460,A320,60892,95,38181,37954,437,436,122.62,40.48,12.71,5.27,3.38,-1.57,28,0,1.025,1.76,-95659.51,1069068,18145.39
FLIGHT_2461,B777,152815,683,37136,36800,403,402,43.64,38.72,603.42,8.39,5.33,-15.56,26,0,1.006,2.06,-2378093.0,965536,204995.87
FLIGHT_2462,B737,54857,106,33608,33276,458,457,144.57,31.61,43.9,5.32,3.39,-16.27,23,1,1.008,1.64,-892538.35,772984,18600.43
FLIGHT_2463,A320,49795,218,36174,36537,478,478,123.48,37.13,140.73,4.72,3.11,-4.66,31,0,1.037,1.43,-232033.24,1121394,39331.19
FLIGHT_2464,B777,164152,490,35218,35577,456,455,71.7,36.2,422.02,8.32,5.22,25.41,27,0,1.051,2.93,4171874.93,950886,184711.84
FLIGHT_2465,A320,55332,60,31194,30719,462,461,35.21,31.39,0.0,4.86,3.39,-0.56,31,0,1.035,2.99,-31200.42,967014,11996.8
FLIGHT_2466,B737,56776,195,38164,37853,467,468,103.15,40.44,114.4,4.59,3.22,-16.98,23,1,1.011,0.23,-964317.2,877772,30552.43
FLIGHT_2467,A320,47428,208,33447,33240,468,469,99.35,31.75,144.29,5.15,3.22,23.8,29,1,1.026,2.91,1128969.16,969963,49687.96
FLIGHT_2468,B777,134094,411,36093,36561,464,465,123.74,35.33,343.72,7.33,4.67,13.95,26,1,1.014,1.75,1871228.16,938418,127120.58
FLIGHT_2469,B777,156773,597,37834,38019,405,405,31.97,39.08,522.26,8.12,5.23,19.99,33,1,1.018,0.77,3134498.35,1248522,208925.51
FLIGHT_2470,B737,49517,191,32934,32838,466,467,47.7,31.1,127.96,4.35,3.1,29.15,27,1,1.02,0.54,1443323.92,889218,42805.7
FLIGHT_2471,B737,58094,85,40186,39826,413,414,118.9,42.25,3.17,5.28,3.52,-6.27,22,1,1.057,0.77,-364291.0,884092,16822.56
FLIGHT_2472,B737,46766,130,32975,32692,408,409,112.5,30.79,66.17,4.42,3.01,27.89,31,0,1.013,1.62,1304245.23,1022225,27976.47
FLIGHT_2473,B737,60948,196,31593,31161,425,425,148.44,31.59,134.65,5.37,3.37,21.91,31,1,1.032,1.5,1335507.31,979383,47791.84
FLIGHT_2474,A330,154075,602,38826,39015,418,417,61.08,38.13,522.63,8.21,5.3,3.35,27,0,1.067,2.42,516636.46,1048302,208967.25
FLIGHT_2475,B777,155146,711,37066,37363,462,463,76.01,38.94,630.28,8.24,5.44,24.9,33,0,1.002,0.08,3863142.81,1223178,256209.07
FLIGHT_2476,A320,52677,180,32913,32565,454,455,135.78,33.36,113.15,4.68,3.2,0.94,29,1,1.042,0.92,49466.11,954477,34712.58
FLIGHT_2477,B777,129933,712,34278,34246,471,469,36.23,36.06,641.04,6.86,4.8,-16.19,34,1,0.99,1.9,-2103688.03,1165452,186426.91
FLIGHT_2478,A320,55545,161,33315,33295,479,480,148.98,34.78,89.52,4.6,3.14,14.09,29,0,1.008,2.4,782696.6,966135,32578.6
FLIGHT_2479,A320,53424,230,40046,40169,417,417,60.52,38.35,152.73,4.46,3.18,14.66,27,0,1.05,2.23,783287.14,1081242,49428.37
FLIGHT_2480,B777,151143,501,30723,30581,466,467,103.84,31.55,441.64,8.3,5.23,22.4,32,1,1.056,2.56,3385761.46,983136,187211.17
FLIGHT_2481,B777,151248,595,36870,37130,428,429,72.03,38.17,520.21,8.64,5.41,21.92,32,1,1.054,2.13,3315171.25,1179840,227197.82
FLIGHT_2482,B737,61833,87,30068,30140,432,430,28.5,31.39,23.32,5.18,3.46,-0.02,28,0,0.982,2.62,-1254.6,841904,16782.02
FLIGHT_2483,B777,129164,594,40289,40106,469,469,33.4,42.12,506.94,7.56,5.03,-8.6,30,1,1.066,1.81,-1110342.83,1208670,181876.84
FLIGHT_2484,A330,149779,605,36678,36752,467,467,23.69,37.54,534.45,7.62,5.03,14.65,22,1,1.023,2.89,2194105.47,806916,204460.57
FLIGHT_2485,B777,157445,517,40358,40745,416,416,137.65,41.94,436.21,7.83,5.35,28.08,25,1,0.982,2.7,4421452.88,1008950,185592.05
FLIGHT_2486,B737,45247,77,37807,37847,479,478,83.29,36.63,1.86,4.76,3.24,8.25,24,0,1.019,1.4,373098.27,907368,13783.84
FLIGHT_2487,A320,61958,60,37134,37132,404,405,114.11,35.44,0.0,5.45,3.48,20.38,26,0,0.984,0.54,1262810.51,965484,15136.73
FLIGHT_2488,A320,48790,208,34185,33822,459,461,30.38,33.61,143.59,5.14,3.28,-2.84,29,0,1.061,1.94,-138455.17,991365,42728.78
FLIGHT_2489,B777,178685,417,34101,33803,472,472,149.67,32.39,353.54,8.41,5.87,-6.25,25,1,1.061,2.19,-1117093.9,852525,151483.54
FLIGHT_2490,A320,61832,149,37009,36636,463,463,29.29,35.34,75.7,5.27,3.49,0.02,28,0,1.027,0.68,1377.97,1036252,30206.28
FLIGHT_2491,B777,154096,656,30176,30480,467,466,139.48,28.17,601.29,8.38,5.36,12.29,34,1,1.058,1.22,1893868.64,1025984,238004.76
FLIGHT_2492,B737,59953,200,37608,37135,444,442,137.0,35.42,130.95,4.88,3.3,-8.84,34,1,0.982,2.25,-530070.56,1278672,35693.28
FLIGHT_2493,A320,49663,238,35418,35331,414,415,68.62,35.32,170.49,4.81,3.16,16.77,27,0,1.061,0.84,833054.54,956286,53460.9
FLIGHT_2494,A320,47014,117,30272,29817,448,446,36.43,27.88,60.11,4.14,2.94,4.29,30,1,1.011,2.26,201584.98,908160,20431.71
FLIGHT_2495,A320,45855,107,36192,36464,412,410,83.74,38.09,28.75,4.68,3.06,-5.16,30,1,1.025,1.92,-236497.18,1085760,18165.13
FLIGHT_2496,B777,177169,639,36695,37004,416,417,87.02,37.16,561.93,8.9,5.78,-3.25,32,0,1.02,0.33,-575382.27,1174240,219572.56
FLIGHT_2497,B737,47513,149,31441,31059,466,465,109.19,30.89,86.33,4.69,3.14,3.63,27,0,1.057,0.42,172264.41,848907,29180.34
FLIGHT_2498,B777,137117,652,30957,31289,436,435,102.23,33.58,588.45,7.55,4.95,29.9,33,0,1.06,0.88,4099759.93,1021581,236694.11
FLIGHT_2499,B737,63673,174,40002,39780,451,451,139.94,38.92,99.22,5.43,3.63,3.46,26,0,1.017,2.07,220610.15,1040052,38230.99
FLIGHT_2500,A320,59044,239,35678,36116,406,406,105.25,33.24,175.84,4.78,3.41,28.85,34,0,0.996,2.55,1703139.3,1213052,58166.2
FLIGHT_2501,A330,161162,629,39151,38677,469,469,98.76,40.64,549.34,8.57,5.44,13.29,32,1,1.021,0.33,2141423.53,1252832,221026.23
FLIGHT_2502,A320,45112,178,31957,32342,437,437,72.67,31.36,118.42,4.45,3.12,21.54,22,0,1.057,0.06,971814.97,703054,39676.57
FLIGHT_2503,A330,136570,531,30981,30542,415,416,20.96,31.09,467.68,7.76,5.22,17.14,34,1,0.993,0.62,2340651.26,1053354,176917.53
FLIGHT_2504,B777,159236,596,30506,30876,414,412,114.02,29.86,533.82,7.82,5.56,-10.88,30,1,1.035,2.56,-1733179.11,915180,197443.03
FLIGHT_2505,A320,48330,148,37502,37195,411,413,25.59,37.44,72.48,4.52,3.16,19.88,32,0,1.044,0.13,960711.24,1200064,31172.51
FLIGHT_2506,A320,51926,87,35264,35760,470,471,91.61,35.77,18.86,4.64,3.09,-12.1,24,0,1.0,2.72,-628135.86,846336,13546.45
FLIGHT_2507,B737,57380,98,39625,39279,445,447,126.84,37.9,23.66,4.66,3.32,0.37,32,1,1.06,1.99,21260.9,1268000,18890.89
FLIGHT_2508,B737,48846,117,34288,34218,411,409,65.35,34.42,50.11,4.47,3.17,-17.58,29,1,0.991,1.66,-858876.96,994352,17828.13
FLIGHT_2509,B737,56539,72,40123,39972,402,402,52.73,37.2,0.0,4.97,3.35,12.58,25,1,1.022,0.68,711135.03,1003075,15006.47
FLIGHT_2510,A330,172444,396,39321,39730,462,462,100.93,41.08,315.54,7.99,5.53,-0.15,29,1,0.987,0.7,-26340.71,1140309,127495.16
FLIGHT_2511,A330,168405,353,37856,38278,423,424,36.39,40.84,269.63,8.21,5.63,17.75,25,1,0.999,1.37,2989831.45,946400,125448.31
FLIGHT_2512,B777,145416,616,34788,34730,429,429,106.3,36.78,540.09,7.72,5.17,18.8,34,1,1.055,1.29,2733402.76,1182792,219241.3
FLIGHT_2513,B777,177145,604,35047,34802,407,406,107.35,34.65,537.56,8.73,5.65,18.03,25,1,0.985,2.5,3193144.95,876175,221041.67
FLIGHT_2514,A330,167483,654,32687,32642,444,445,87.79,30.37,594.65,8.34,5.54,-10.9,25,0,1.002,1.15,-1826252.65,817175,207992.16
FLIGHT_2515,A320,55019,143,36205,36617,479,479,83.2,38.21,67.78,4.61,3.24,-4.8,25,1,0.981,1.55,-264148.29,905125,24738.93
FLIGHT_2516,B777,124811,676,38665,38557,412,413,24.22,37.91,599.01,6.49,4.54,-4.52,26,1,1.027,1.62,-563706.22,1005290,183931.36
FLIGHT_2517,A320,51463,178,31825,32108,477,475,100.7,31.83,111.3,4.83,3.16,17.38,28,1,1.013,2.82,894304.83,891100,38544.82
FLIGHT_2518,B777,172950,518,36177,36174,477,475,109.36,35.9,449.45,8.62,5.52,-7.16,32,1,1.065,0.56,-1237513.82,1157664,176587.74
FLIGHT_2519,B737,58123,165,39418,39101,409,408,140.74,40.35,84.32,4.77,3.31,-15.75,29,1,1.003,0.32,-915525.8,1143122,27118.97
FLIGHT_2520,B777,131261,569,31265,31494,412,414,100.88,32.78,505.92,6.57,4.66,23.15,34,1,1.051,0.18,3038381.86,1063010,185785.86
FLIGHT_2521,A330,167676,655,35553,35896,465,467,103.13,32.65,588.27,7.89,5.47,19.73,34,0,1.045,1.31,3307641.88,1208802,243466.1
FLIGHT_2522,A330,173455,540,40891,40551,441,441,40.85,40.81,454.81,8.5,5.56,29.89,22,0,1.07,2.02,5183917.09,899602,217892.99
FLIGHT_2523,B777,166008,423,36987,37426,472,472,22.84,36.08,348.89,8.61,5.5,5.94,28,1,0.989,1.86,986405.71,1035636,142188.76
FLIGHT_2524,B737,50648,170,39083,39309,457,458,83.01,38.38,93.65,5.06,3.32,-8.52,24,1,1.067,1.73,-431316.54,937992,33324.47
FLIGHT_2525,B777,169108,547,39462,39890,451,450,101.7,39.14,466.85,7.78,5.44,3.62,34,1,1.006,2.76,612861.38,1341708,183273.88
FLIGHT_2526,B777,148870,554,33276,33005,460,460,127.77,32.93,489.77,7.81,5.36,18.56,24,0,1.018,2.38,2763754.26,798624,198976.23
FLIGHT_2527,B777,150400,555,34758,34958,454,455,52.65,37.01,480.44,7.74,5.2,3.37,29,1,1.062,0.36,506181.95,1007982,183887.82
FLIGHT_2528,A320,50467,231,38685,38926,416,416,49.51,36.89,154.31,4.64,3.3,-2.84,32,1,1.039,0.73,-143134.28,1237920,43842.1
FLIGHT_2529,B777,170686,596,34141,33708,479,478,65.23,33.34,529.97,7.77,5.44,23.49,30,1,1.038,0.86,4008841.84,1024230,222553.06
FLIGHT_2530,A320,57317,125,39002,39019,437,435,92.19,40.62,43.49,4.89,3.49,-5.3,34,1,1.056,1.22,-303681.99,1326068,24296.53
FLIGHT_2531,B777,133240,427,34230,34625,422,424,41.1,37.17,351.86,7.63,4.98,20.34,32,0,1.022,1.67,2710710.41,1095360,143324.28
FLIGHT_2532,A330,174440,367,37587,37586,451,452,61.98,40.52,290.73,8.72,5.74,-4.36,31,1,1.052,2.72,-761406.58,1165197,132500.13
FLIGHT_2533,B737,62122,237,40977,41126,466,464,140.28,41.86,154.13,5.53,3.47,10.15,33,1,1.047,2.55,630554.07,1352241,55379.49
FLIGHT_2534,A330,156404,585,38543,38263,453,452,111.64,37.14,508.8,7.67,5.47,-10.48,34,0,1.041,0.98,-1639197.34,1310462,187363.04
FLIGHT_2535,B777,144914,681,40345,40734,472,470,85.64,38.81,601.8,7.77,5.07,-19.82,30,0,0.999,2.98,-2872114.71,1210350,190292.54
FLIGHT_2536,B777,143906,434,39838,40331,437,436,120.66,38.54,355.47,7.77,5.01,-18.06,24,1,0.991,1.41,-2599083.63,956112,117500.85
FLIGHT_2537,B777,148408,651,30099,30383,451,451,77.2,30.31,593.25,8.21,5.28,9.03,23,1,1.0,2.68,1339577.91,692277,219496.72
FLIGHT_2538,B777,145449,551,39538,39363,459,460,69.76,40.3,468.65,7.73,4.91,-4.45,27,0,1.02,1.09,-647423.13,1067526,161236.41
FLIGHT_2539,B777,166180,661,34677,34522,416,414,146.83,33.93,590.59,7.52,5.31,-19.18,33,1,1.023,1.49,-3187807.89,1144341,195973.68
FLIGHT_2540,A320,49326,122,37647,37337,453,452,123.12,37.04,52.39,4.66,3.06,8.07,25,0,1.038,1.53,398034.02,941175,24152.29
FLIGHT_2541,B777,174517,435,32368,32228,442,441,88.17,34.86,367.16,8.97,5.73,28.8,24,0,1.052,1.94,5026789.96,776832,178465.42
FLIGHT_2542,B737,57748,71,40062,40014,465,466,77.61,41.18,0.0,4.85,3.43,10.68,31,0,1.004,0.34,616563.95,1241922,15447.3
FLIGHT_2543,B737,45410,127,36324,35880,439,441,145.21,38.2,51.8,4.49,3.1,-1.47,25,1,1.058,2.67,-66832.79,908100,23451.68
FLIGHT_2544,B737,49800,188,33850,33369,413,415,49.09,31.73,126.49,4.75,3.24,29.08,25,0,1.024,1.87,1448174.46,846250,44826.77
FLIGHT_2545,A320,64591,157,35337,34986,441,440,101.66,35.83,88.79,5.36,3.47,8.32,32,0,1.036,0.48,537120.84,1130784,35315.09
FLIGHT_2546,B777,133634,422,35799,35453,474,475,27.48,37.38,347.59,7.21,4.99,27.83,28,1,1.066,0.95,3718519.74,1002372,151694.57
FLIGHT_2547,A330,133655,382,35971,35906,437,437,44.6,33.34,314.76,7.38,4.95,0.92,31,1,0.995,1.17,123174.95,1115101,111927.89
FLIGHT_2548,A320,47360,169,38646,38295,451,453,25.53,37.11,95.87,4.98,3.16,-10.76,31,0,1.067,2.5,-509810.34,1198026,30668.47
FLIGHT_2549,A320,50024,201,37559,37549,460,462,134.51,36.8,130.5,4.97,3.15,19.23,22,0,1.004,1.11,961765.78,826298,43689.67
FLIGHT_2550,B777,152836,656,36544,36610,476,478,130.54,37.54,580.38,8.14,5.28,-5.31,27,0,1.0,1.71,-811585.91,986688,203108.7
FLIGHT_2551,B737,63360,140,40886,40395,423,422,63.38,43.85,48.17,4.8,3.42,-4.59,26,1,1.056,0.1,-291099.79,1063036,25146.28
FLIGHT_2552,A320,46099,160,30321,30538,436,437,20.16,30.09,102.5,4.84,3.11,5.41,29,1,1.03,2.74,249296.98,879309,32507.29
FLIGHT_2553,B777,176693,545,36636,36545,418,416,146.94,34.52,475.32,8.59,5.62,2.73,26,1,1.005,0.73,482532.43,952536,185634.21
FLIGHT_2554,B777,141631,453,32734,32952,442,442,23.43,30.98,390.14,7.37,5.26,-10.78,25,1,1.065,0.86,-1526748.95,818350,142462.44
FLIGHT_2555,B737,50936,80,31191,30843,403,405,143.01,28.5,25.02,4.86,3.33,19.61,25,1,1.052,1.83,998776.28,779775,18507.34
FLIGHT_2556,B737,57672,180,31101,31576,442,442,67.7,32.5,113.82,5.37,3.37,25.11,33,0,1.058,2.0,1448212.95,1026333,45207.11
FLIGHT_2557,A330,156964,489,38915,38880,438,439,127.74,41.72,407.42,7.61,5.24,6.29,26,0,1.007,1.38,986934.36,1011790,158526.13
FLIGHT_2558,B737,51492,68,39680,39181,449,448,81.6,40.93,0.0,4.6,3.03,20.02,27,0,0.995,1.15,1031000.38,1071360,14984.14
FLIGHT_2559,B777,138457,522,38137,38362,466,464,52.63,36.61,446.96,7.51,5.02,29.88,26,0,1.053,1.04,4137027.45,991562,188715.99
FLIGHT_2560,A330,160758,537,34285,34047,432,430,52.46,35.15,468.41,8.21,5.48,25.46,34,1,1.002,1.66,4092844.06,1165690,198040.01
FLIGHT_2561,A330,140179,527,40159,40425,430,429,113.03,40.77,447.94,7.66,5.08,9.91,31,0,1.003,1.48,1388929.4,1244929,169106.77
FLIGHT_2562,B737,54086,227,34784,35135,469,467,93.24,33.3,161.56,4.81,3.32,-6.01,28,1,1.06,2.43,-324833.71,973952,44859.15
FLIGHT_2563,B777,147966,367,30803,30543,411,411,41.89,29.26,306.9,7.92,5.34,9.22,29,1,1.003,2.1,1364139.59,893287,122447.66
FLIGHT_2564,A330,147291,456,37651,37881,463,464,73.92,37.1,379.97,8.03,5.2,-19.77,25,0,1.014,1.82,-2912194.59,941275,130616.45
FLIGHT_2565,B777,151564,694,36584,36471,414,414,85.41,33.85,625.84,7.37,5.05,-2.65,27,0,0.981,1.87,-402157.61,987768,204480.16
FLIGHT_2566,A320,48547,172,34720,35096,444,445,24.77,36.24,101.26,4.95,3.24,10.16,34,0,1.0,0.52,493246.77,1180480,35082.15
FLIGHT_2567,B777,167873,615,31092,30627,452,451,37.18,30.75,554.47,8.9,5.63,27.76,24,1,1.062,1.55,4660560.25,746208,250212.27
FLIGHT_2568,B737,46292,180,40209,40570,446,446,146.48,37.23,105.21,4.84,3.2,25.1,22,1,1.009,2.26,1162160.48,884598,40748.28
FLIGHT_2569,B737,59363,136,31026,30732,457,455,116.3,33.82,70.06,5.03,3.45,-4.64,24,0,1.029,2.61,-275636.63,744624,26987.05
FLIGHT_2570,A320,53235,236,31385,30974,456,458,83.54,33.23,172.44,5.15,3.27,2.37,22,0,1.059,2.68,126064.52,690470,50408.63
FLIGHT_2571,B737,49395,225,37780,37616,403,404,52.9,38.64,145.15,5.14,3.23,6.42,33,0,1.008,2.07,317348.01,1246740,45574.23
FLIGHT_2572,A330,146120,663,35724,35295,419,419,92.27,33.54,595.78,7.26,5.09,26.69,34,0,1.052,2.97,3899406.71,1214616,243943.42
FLIGHT_2573,A330,135602,591,32436,32466,478,476,121.49,29.79,530.25,7.37,4.89,14.98,31,1,1.066,0.25,2031817.71,1005516,196720.93
FLIGHT_2574,A330,162839,510,37841,37850,421,420,96.08,37.14,439.76,7.99,5.36,-6.93,30,0,1.064,2.82,-1129162.81,1135230,171676.93
FLIGHT_2575,B777,174472,528,38531,38528,476,475,51.58,36.39,455.75,8.17,5.66,3.86,31,1,1.05,2.58,674326.04,1194461,193215.8
FLIGHT_2576,A330,154936,586,30278,30042,441,439,33.68,32.05,522.71,8.06,5.36,19.01,31,1,1.055,2.37,2944733.63,938618,219740.36
FLIGHT_2577,B737,55785,223,39333,38907,406,404,34.15,38.91,147.81,4.75,3.35,-11.29,29,0,0.995,1.27,-629984.16,1140657,39453.96
FLIGHT_2578,A320,46616,204,36612,36497,448,447,39.2,34.91,136.76,4.91,3.14,20.99,22,0,0.99,0.71,978667.8,805464,44056.83
FLIGHT_2579,A320,64202,198,39622,39781,463,463,26.59,37.65,125.73,5.11,3.58,1.24,34,1,1.048,0.9,79333.54,1347148,43261.83
FLIGHT_2580,A320,63335,174,40139,40486,427,429,85.11,43.03,85.11,5.09,3.52,-1.53,27,0,0.995,1.49,-96700.39,1083753,33723.41
FLIGHT_2581,B777,178144,656,35669,35795,420,420,95.5,33.02,587.12,9.3,5.94,14.42,34,0,1.037,2.21,2568886.56,1212746,259066.78
FLIGHT_2582,A330,160459,455,30480,30706,430,430,44.57,32.11,393.73,8.78,5.64,29.47,34,1,0.995,2.71,4729254.69,1036320,175687.24
FLIGHT_2583,B737,59966,189,37053,36830,468,467,124.12,38.79,114.64,4.97,3.34,0.96,34,0,1.013,2.34,57558.05,1259802,37744.57
FLIGHT_2584,B777,136435,329,30732,30844,402,401,148.69,33.41,259.61,7.08,4.97,-5.41,22,0,1.036,0.66,-738545.76,676104,95497.41
FLIGHT_2585,B737,60315,61,30402,30606,404,403,129.56,30.41,2.58,4.99,3.2,0.66,31,1,0.991,2.35,39711.4,942462,11462.72
FLIGHT_2586,A320,55503,63,33782,33881,417,418,57.19,32.87,0.0,4.74,3.35,15.5,33,1,1.022,2.8,860189.63,1114806,13219.61
FLIGHT_2587,B737,47962,193,31342,31144,425,423,110.37,34.31,126.34,4.64,3.06,5.78,31,0,1.025,1.64,277035.24,971602,37727.86
FLIGHT_2588,A320,47169,234,39024,39233,464,463,65.13,41.85,148.76,4.25,2.92,24.23,23,0,1.019,0.46,1142699.22,897552,48047.88
FLIGHT_2589,A330,140052,365,38547,38585,466,467,113.97,39.71,286.95,7.51,5.18,27.64,34,0,1.037,2.82,3871626.71,1310598,133282.61
FLIGHT_2590,B737,58757,112,38971,38543,461,461,122.16,40.87,27.46,4.68,3.11,-5.3,32,0,0.993,2.0,-311218.09,1247072,17733.46
FLIGHT_2591,B777,132997,686,36886,37002,452,452,73.37,39.35,603.59,6.99,4.64,7.97,29,0,1.019,0.0,1059501.11,1069694,200394.28
FLIGHT_2592,A320,49386,127,32095,32577,468,469,133.67,32.12,62.44,4.75,3.27,-15.59,23,0,1.046,2.38,-769960.36,738185,21274.06
FLIGHT_2593,A330,172945,461,36912,36923,476,477,38.04,39.41,378.98,7.97,5.67,19.04,25,1,1.04,0.72,3292397.42,922800,172104.0
FLIGHT_2594,A330,156945,303,35433,35888,447,448,108.24,36.99,233.06,8.68,5.45,-2.95,26,1,1.031,2.12,-463560.9,921258,101801.6
FLIGHT_2595,B737,55229,134,31200,30853,424,425,71.16,31.61,71.26,4.85,3.3,16.96,30,0,1.066,2.09,936419.58,936000,30751.83
FLIGHT_2596,A320,58327,136,37176,36799,443,442,30.88,38.22,60.26,5.45,3.53,17.04,27,1,1.02,1.63,993766.83,1003752,32177.37
FLIGHT_2597,B777,160306,640,30418,30681,422,421,137.52,31.02,580.64,8.57,5.42,10.39,22,1,0.993,1.06,1665189.45,669196,218359.69
FLIGHT_2598,B737,47794,102,35116,34785,465,465,81.6,37.3,25.77,5.07,3.23,-10.77,25,0,1.024,0.9,-514909.0,877900,17007.09
FLIGHT_2599,A330,170006,500,39150,38908,450,451,48.72,41.4,417.29,9.19,5.79,-11.7,28,0,1.023,0.69,-1989811.02,1096200,166891.85
FLIGHT_2600,A320,50578,147,37834,37699,450,452,53.68,36.51,71.13,4.91,3.19,-9.63,27,1,1.054,0.61,-486908.69,1021518,26337.25
FLIGHT_2601,A330,147469,376,36669,36709,476,476,141.49,39.12,301.14,7.98,5.28,-16.6,24,0,1.066,2.41,-2448202.07,880056,117426.82
FLIGHT_2602,B777,135670,619,32912,33239,436,434,121.67,31.0,558.54,7.56,4.85,-14.86,34,1,0.982,0.27,-2016034.14,1119008,162882.55
FLIGHT_2603,A330,131767,365,40677,40974,450,449,65.19,38.36,291.21,6.76,4.77,7.63,22,1,1.015,2.1,1004890.32,894894,109871.24
FLIGHT_2604,A320,52231,220,30267,30142,411,412,34.99,29.26,160.08,4.41,3.09,6.66,32,0,0.993,0.71,347831.32,968544,40936.35
FLIGHT_2605,B737,46267,163,32549,32196,434,432,135.77,33.96,98.25,4.77,3.19,-1.52,27,0,1.068,1.97,-70480.17,878823,32320.45
FLIGHT_2606,A320,53447,91,39279,39282,444,446,35.22,40.58,14.09,5.21,3.27,-19.32,27,1,1.034,2.11,-1032643.33,1060533,15930.2
FLIGHT_2607,B737,45364,163,39194,39234,473,472,88.62,36.68,92.19,4.84,3.29,22.49,30,1,1.041,0.45,1020178.06,1175820,38236.66
FLIGHT_2608,B777,146872,554,38588,38688,450,450,128.66,37.72,481.28,7.69,5.12,23.55,30,0,1.014,0.79,3458682.3,1157640,191836.36
FLIGHT_2609,A320,50984,157,38955,39119,450,451,30.91,36.64,84.71,4.77,3.13,2.22,26,1,1.003,2.02,113193.74,1012830,29269.81
FLIGHT_2610,A320,50206,216,32163,32350,439,440,62.91,30.3,155.38,4.74,3.29,1.48,25,0,1.024,1.24,74263.84,804075,43174.85
FLIGHT_2611,B737,59225,146,30643,30382,414,414,115.46,31.1,86.54,5.24,3.54,23.92,31,1,1.033,2.9,1416847.14,949933,37053.71
FLIGHT_2612,B777,158132,515,33768,33901,412,410,143.03,32.38,448.47,8.56,5.42,22.68,29,1,1.036,2.47,3585746.05,979272,193756.75
FLIGHT_2613,A330,160238,717,39584,39990,410,409,121.0,37.36,643.79,8.31,5.24,-9.01,30,1,1.016,0.87,-1443476.98,1187520,219359.27
FLIGHT_2614,A330,166378,648,39293,39294,447,448,61.12,40.3,570.2,8.09,5.67,-5.52,23,1,1.056,1.18,-918414.05,903739,226733.87
FLIGHT_2615,A330,175138,452,38524,38435,416,415,56.33,40.58,369.48,9.27,5.86,-2.73,33,0,0.993,0.58,-477897.97,1271292,153941.73
FLIGHT_2616,B777,152877,615,40416,40711,474,475,36.67,38.2,538.77,7.88,5.2,21.2,29,1,1.035,1.33,3240554.45,1172064,218723.02
FLIGHT_2617,A320,49333,181,31615,31766,453,454,76.48,30.66,120.44,5.2,3.26,29.44,28,1,1.063,2.37,1452500.26,885220,46418.05
FLIGHT_2618,B737,51077,122,40955,40609,476,475,70.52,43.3,35.41,4.61,2.99,6.05,33,1,1.023,0.71,309210.8,1351515,22290.45
FLIGHT_2619,A330,167578,578,35420,35895,465,466,33.95,38.25,499.83,7.84,5.53,28.66,31,0,1.0,1.43,4802719.49,1098020,214359.71
FLIGHT_2620,A320,50742,71,30211,29975,459,459,62.95,28.59,16.52,4.95,3.1,-7.92,26,1,0.983,2.15,-402067.93,785486,12319.59
FLIGHT_2621,B737,51223,97,39429,39561,431,431,127.87,39.8,19.29,4.65,3.17,19.94,26,1,1.046,1.81,1021262.41,1025154,21202.15
FLIGHT_2622,B777,152347,510,32081,32299,449,449,111.91,34.6,438.3,7.49,5.2,7.25,28,0,0.993,1.92,1104837.11,898268,162253.95
FLIGHT_2623,B777,171240,650,32282,31864,455,453,50.45,31.78,585.8,8.15,5.62,13.09,28,0,1.056,1.08,2241862.6,903896,243529.25
FLIGHT_2624,A330,161327,406,40751,40393,462,464,85.34,40.62,326.56,8.15,5.42,-0.27,25,1,0.993,0.24,-43633.44,1018775,128680.28
FLIGHT_2625,B777,139914,713,37426,37901,475,477,116.49,40.32,629.96,7.93,5.04,16.66,29,0,0.984,0.92,2330491.32,1085354,229436.65
FLIGHT_2626,B737,45489,191,33581,34015,470,469,87.87,34.55,121.83,4.99,3.16,-12.14,34,1,0.995,0.65,-552264.21,1141754,32156.55
FLIGHT_2627,B737,53268,117,30295,30415,459,460,75.02,31.8,50.77,5.04,3.16,10.71,33,0,0.999,1.59,570272.79,999735,23151.63
FLIGHT_2628,B777,127981,317,34449,34292,446,448,24.7,34.38,248.76,6.86,4.67,-4.89,29,1,0.985,1.65,-625393.27,999021,84785.48
FLIGHT_2629,B737,58986,70,35555,35544,404,404,147.97,37.91,0.0,5.02,3.46,20.12,24,1,1.065,0.21,1186791.1,853320,17228.24
FLIGHT_2630,A320,53843,223,32170,31986,439,439,143.02,30.67,164.48,4.67,3.11,-10.01,32,0,1.065,0.14,-538822.2,1029440,39726.52
FLIGHT_2631,B777,123531,428,33359,33808,464,463,24.57,31.18,368.2,6.47,4.47,25.46,33,0,1.056,0.4,3145589.13,1100847,136878.04
FLIGHT_2632,A330,165500,547,32879,32835,455,455,106.67,32.86,482.1,8.81,5.52,-14.47,24,0,1.033,0.74,-2394596.99,789096,175097.07
FLIGHT_2633,A320,58798,106,31161,31265,446,444,55.65,30.21,44.33,4.74,3.34,-8.46,31,0,0.998,1.33,-497710.35,965991,17739.85
FLIGHT_2634,A330,131163,557,30125,30253,477,478,98.66,31.12,492.71,7.35,4.9,-2.01,27,0,1.024,1.2,-263739.63,813375,165736.14
FLIGHT_2635,B737,58073,83,40552,40811,401,402,138.79,39.72,0.77,5.61,3.53,28.49,33,0,0.984,0.07,1654769.2,1338216,18831.7
FLIGHT_2636,B777,176324,501,32278,32362,439,440,110.68,33.09,435.4,8.96,5.65,-12.92,30,1,0.991,1.4,-2277699.96,968340,159732.6
FLIGHT_2637,A320,54906,69,37108,37168,474,473,148.33,38.92,0.0,5.21,3.32,27.21,25,1,0.99,1.02,1493915.16,927700,17105.91
FLIGHT_2638,B737,49279,189,36224,35772,432,432,77.31,39.07,114.11,4.84,3.27,-11.27,24,0,1.058,2.38,-555344.81,869376,35163.62
FLIGHT_2639,A330,148858,451,34600,34478,423,424,61.79,34.22,381.08,7.39,5.22,21.43,34,0,1.021,1.09,3190460.9,1176400,156073.49
FLIGHT_2640,B777,155443,690,30059,30197,459,461,146.04,29.93,632.12,8.14,5.24,26.53,30,0,1.04,1.83,4124418.48,901770,257133.2
FLIGHT_2641,A330,125055,553,31814,31884,476,475,127.43,33.85,484.06,6.67,4.53,-6.05,22,0,0.991,2.54,-756119.52,699908,144953.79
FLIGHT_2642,A330,145976,550,34701,34379,476,475,61.62,37.45,476.16,7.21,5.14,28.97,24,1,0.991,2.52,4228721.72,832824,192032.56
FLIGHT_2643,A330,129439,436,31536,31701,466,466,107.27,28.91,378.97,7.03,4.79,-5.16,25,1,1.021,0.7,-667529.49,788400,123711.02
FLIGHT_2644,B777,121152,598,32316,32360,461,460,138.39,32.42,532.51,7.2,4.56,-12.36,31,0,1.009,1.14,-1497506.79,1001796,153988.12
FLIGHT_2645,B777,160838,306,38538,38821,410,411,52.74,35.93,237.19,8.77,5.51,1.9,25,0,0.989,2.99,305499.62,963450,103121.27
FLIGHT_2646,A320,52063,169,39375,38953,405,404,109.25,40.3,86.85,4.56,3.04,-5.19,23,1,1.014,1.8,-270126.59,905625,28482.73
FLIGHT_2647,A330,166611,351,34333,34447,421,420,143.09,36.25,276.13,8.71,5.55,29.09,30,1,0.997,1.94,4846523.69,1029990,132209.15
FLIGHT_2648,B777,150940,528,35266,35179,468,466,147.0,33.89,460.16,7.72,5.18,6.65,28,1,1.017,0.56,1004403.4,987448,170407.78
FLIGHT_2649,B777,129584,477,31772,31922,413,414,88.8,30.01,416.93,7.43,4.92,-12.66,33,0,1.004,1.89,-1640353.52,1048476,132635.0
FLIGHT_2650,A320,60127,172,36410,36099,414,415,34.66,39.21,94.25,5.23,3.49,18.52,28,0,1.037,1.64,1113624.52,1019480,41310.61
FLIGHT_2651,A330,166428,551,33131,32959,470,471,40.21,31.56,489.69,7.74,5.47,17.37,23,1,1.063,0.9,2891541.46,762013,206603.75
FLIGHT_2652,A330,122532,318,32539,32361,454,455,136.63,34.76,250.37,6.91,4.56,7.66,24,0,1.05,2.02,939153.9,780936,94841.18
FLIGHT_2653,B777,164981,317,39144,38807,431,430,21.72,40.9,236.66,7.99,5.26,-18.43,22,0,0.986,0.98,-3041064.27,861168,88572.74
FLIGHT_2654,B777,159603,405,33893,33608,463,463,37.85,32.86,339.0,7.56,5.35,-10.91,34,1,1.006,0.19,-1741765.13,1152362,121610.26
FLIGHT_2655,B737,49535,197,38573,38520,431,432,58.38,38.03,120.96,5.04,3.24,26.98,27,1,0.995,1.49,1336479.68,1041471,45353.43
FLIGHT_2656,B777,146382,399,30816,31075,440,439,62.08,33.81,332.9,7.22,5.12,24.48,34,0,1.013,1.31,3583041.49,1047744,137440.11
FLIGHT_2657,A330,152482,608,37336,37565,442,441,41.96,37.39,536.24,7.65,5.37,27.49,29,1,1.027,0.6,4192194.98,1082744,225611.15
FLIGHT_2658,A330,139638,339,39087,39268,429,431,45.81,41.55,258.72,7.34,4.91,10.9,31,1,0.992,1.61,1522373.48,1211697,104208.19
FLIGHT_2659,A330,135674,704,34925,35332,443,444,37.9,32.09,641.86,7.07,4.92,26.04,32,1,1.008,0.52,3533422.93,1117600,236221.24
FLIGHT_2660,A320,54446,222,33492,33220,459,459,102.8,35.81,147.14,4.7,3.24,28.07,28,0,1.011,0.56,1528232.3,937776,51230.72
FLIGHT_2661,B777,174176,372,39700,39774,433,432,109.23,40.06,295.42,8.34,5.85,-18.19,29,1,1.024,0.77,-3168582.89,1151300,120690.95
FLIGHT_2662,A320,55702,177,36347,36704,424,423,104.22,36.11,106.14,4.79,3.41,-0.81,27,1,1.001,2.25,-45352.5,981369,34437.34
FLIGHT_2663,A330,176476,663,38035,37682,426,426,120.34,40.07,581.33,8.78,5.73,2.18,31,0,1.07,1.44,385455.01,1179085,246576.58
FLIGHT_2664,A320,50304,64,40502,40577,415,417,55.99,41.36,0.0,4.89,3.34,-2.96,25,1,1.021,0.26,-149052.22,1012550,14342.11
FLIGHT_2665,B737,52428,116,33332,33571,429,429,52.27,31.32,57.34,4.51,3.14,-13.56,28,0,1.021,0.05,-711126.77,933296,18825.91
FLIGHT_2666,B777,169200,543,34339,34347,421,420,84.5,35.06,472.84,8.42,5.47,9.7,31,0,1.027,1.18,1640715.51,1064509,191128.42
FLIGHT_2667,B777,154272,578,30179,30331,421,419,122.45,28.65,518.7,8.33,5.45,22.7,25,1,1.01,2.13,3501435.61,754475,212712.78
FLIGHT_2668,A330,124115,693,36667,36192,404,405,49.38,38.53,617.05,7.25,4.64,-19.77,29,0,0.983,0.38,-2453700.72,1063343,168742.86
FLIGHT_2669,A320,49733,188,34197,33899,405,403,131.41,37.13,114.43,5.14,3.25,-4.7,23,1,1.062,0.09,-233704.41,786531,37038.13
FLIGHT_2670,B777,152858,717,36194,36148,455,456,102.99,36.75,643.57,8.32,5.31,-17.88,31,1,1.033,2.89,-2733843.96,1122014,220423.41
FLIGHT_2671,A320,53065,121,35044,34781,439,440,120.91,37.29,43.87,5.04,3.18,18.05,29,0,1.045,0.66,957894.65,1016276,25953.17
FLIGHT_2672,B737,55774,121,38144,37738,450,449,88.79,40.73,40.02,5.19,3.36,17.03,30,0,0.989,0.46,949791.72,1144320,25496.87
FLIGHT_2673,B777,134078,688,36980,37289,446,447,140.52,36.6,617.9,7.01,4.86,2.1,33,0,1.054,2.72,281260.38,1220340,216854.32
FLIGHT_2674,B737,54940,203,37691,37381,418,417,43.44,39.7,121.08,5.2,3.55,-18.78,33,0,1.057,0.03,-1031868.24,1243803,36221.5
FLIGHT_2675,B777,156895,546,35947,36406,419,419,30.37,33.94,480.46,8.61,5.4,21.47,28,0,0.997,1.11,3369026.7,1006516,194475.36
FLIGHT_2676,B777,139781,322,40014,40426,474,472,40.86,40.23,239.75,6.96,4.94,-15.06,30,1,1.027,2.44,-2104560.55,1200420,89040.28
FLIGHT_2677,A320,64984,103,38759,38619,436,437,117.6,39.84,23.41,5.39,3.53,-13.64,23,0,1.069,0.21,-886570.56,891457,19117.71
FLIGHT_2678,A320,59275,200,31345,30971,401,400,87.58,32.03,136.97,5.04,3.33,4.01,24,0,1.066,2.86,237802.31,752280,43964.06
FLIGHT_2679,B737,53872,143,36510,36615,406,407,71.8,38.48,67.29,5.02,3.25,23.56,32,0,1.001,0.83,1269083.63,1168320,32076.18
FLIGHT_2680,B777,120948,406,31358,31134,451,449,111.69,28.39,349.06,6.8,4.62,28.42,34,0,1.06,1.93,3437115.94,1066172,137130.97
FLIGHT_2681,A330,169108,638,35544,35928,400,400,136.35,37.57,562.74,8.31,5.76,7.9,34,1,1.054,0.15,1335888.47,1208496,236695.28
FLIGHT_2682,A330,139916,406,32699,32781,425,425,123.0,32.07,342.02,7.87,4.98,5.89,26,1,1.041,2.71,824519.94,850174,131724.93
FLIGHT_2683,A330,148708,564,37556,37209,428,427,149.73,37.79,492.08,7.47,5.22,25.91,31,0,0.984,2.99,3853561.26,1164236,198106.54
FLIGHT_2684,B737,55544,220,38398,38442,456,456,136.59,37.79,142.38,4.84,3.18,18.96,31,0,1.003,1.31,1053062.89,1190338,46765.17
FLIGHT_2685,A320,60100,236,31678,31493,460,459,125.16,32.19,174.68,5.16,3.27,-9.01,23,1,1.04,1.82,-541640.83,728594,45141.47
FLIGHT_2686,A320,62059,159,33503,33070,421,422,144.87,32.12,96.6,5.02,3.29,-1.79,24,0,1.0,0.32,-111176.38,804072,29870.22
FLIGHT_2687,B777,172656,501,37313,37437,442,443,37.93,36.42,427.8,8.43,5.66,5.54,31,0,0.987,1.69,955892.8,1156703,172375.18
FLIGHT_2688,A330,169188,367,35754,35312,463,464,65.98,38.66,290.12,8.32,5.73,16.36,25,0,0.994,2.7,2767523.19,893850,133941.6
FLIGHT_2689,A320,53697,204,40999,41044,446,445,100.05,41.15,124.26,4.81,3.35,-2.77,24,1,1.021,2.86,-148717.91,983976,39872.34
FLIGHT_2690,A330,161796,395,32419,32206,419,420,20.96,29.56,337.34,8.15,5.53,-15.63,24,0,1.013,1.34,-2528757.36,778056,122450.95
FLIGHT_2691,B737,54826,196,37511,37715,450,451,60.53,37.34,122.66,4.86,3.17,-2.53,28,1,1.016,1.38,-138587.86,1050308,36427.03
FLIGHT_2692,B777,153219,480,34154,34526,456,458,32.41,35.97,408.85,7.72,5.2,8.09,31,1,1.031,1.85,1240147.83,1058774,161196.75
FLIGHT_2693,A320,52274,108,39114,39364,401,402,83.81,36.29,37.17,4.5,3.2,17.13,25,1,0.993,2.88,895558.23,977850,22032.24
FLIGHT_2694,A320,56796,148,38888,39137,435,436,107.93,39.72,69.12,4.57,3.25,-19.18,34,1,1.036,2.76,-1089523.92,1322192,24018.13
FLIGHT_2695,A320,60406,186,36056,36209,401,401,74.31,33.6,119.51,5.31,3.5,-16.62,27,1,1.022,2.59,-1003700.59,973512,34617.61
FLIGHT_2696,A320,49314,92,36269,36160,447,447,137.47,37.99,15.77,4.95,3.27,-17.44,25,0,1.068,0.77,-859918.65,906725,14518.07
FLIGHT_2697,B737,57041,235,35477,35671,400,399,120.89,38.13,158.88,5.03,3.19,27.49,27,1,1.024,1.62,1567870.2,957879,56040.96
FLIGHT_2698,A320,63074,83,38544,38964,442,440,111.09,35.69,11.53,4.99,3.44,2.58,22,1,1.042,0.57,163017.19,847968,16590.3
FLIGHT_2699,B777,157596,664,40677,40507,421,420,34.95,43.34,576.2,8.05,5.35,3.77,26,0,0.984,1.33,594634.57,1057602,212082.66
FLIGHT_2700,B737,59129,223,35361,35018,408,409,57.8,33.05,156.1,5.2,3.37,6.1,26,0,0.982,1.82,360837.84,919386,45643.19
FLIGHT_2701,A320,49028,183,31720,31355,405,407,118.13,30.24,123.35,4.57,2.94,14.48,24,1,1.024,0.18,709941.37,761280,36720.45
FLIGHT_2702,B777,165746,351,34451,34427,469,469,95.83,34.52,281.7,8.57,5.45,-17.07,32,1,1.065,0.15,-2828879.45,1102432,110920.1
FLIGHT_2703,B777,178850,429,39759,40172,438,437,39.12,37.15,352.51,8.15,5.77,13.24,28,0,1.052,2.69,2368211.15,1113252,164797.5
FLIGHT_2704,B777,132755,415,33578,33191,436,435,34.54,34.24,344.2,7.04,4.87,-10.47,33,0,1.045,1.22,-1389892.64,1108074,117305.36
FLIGHT_2705,A320,47804,130,30353,30838,425,425,119.14,30.32,72.45,4.78,3.35,7.84,30,0,1.006,2.42,374888.17,910590,27162.8
FLIGHT_2706,B737,59077,179,34164,34377,417,417,122.63,36.84,102.74,5.04,3.32,28.25,26,0,1.015,1.69,1668960.05,888264,42497.46
FLIGHT_2707,A330,122224,368,40174,40253,443,441,40.32,42.72,283.78,6.53,4.53,25.75,32,1,1.023,1.72,3147611.13,1285568,115845.5
FLIGHT_2708,B737,62935,103,35368,35069,447,446,133.85,35.44,29.89,5.72,3.61,-5.48,32,1,1.021,2.57,-345055.29,1131776,20996.17
FLIGHT_2709,B777,157906,561,34981,34787,414,415,67.36,32.87,497.03,7.72,5.41,-5.66,34,1,1.062,1.15,-893375.32,1189354,188243.26
FLIGHT_2710,B777,131612,365,38397,37925,421,422,112.13,36.62,294.02,7.09,4.76,-2.23,33,1,1.041,1.45,-293590.64,1267101,107128.19
FLIGHT_2711,B777,122574,553,39919,39513,443,445,57.14,42.89,468.61,7.66,4.81,25.07,32,0,1.038,1.64,3073483.49,1277408,188129.12
FLIGHT_2712,B737,51713,196,36149,36260,458,457,127.56,36.25,121.96,5.18,3.28,-11.98,24,0,1.061,0.88,-619470.36,867576,36057.46
FLIGHT_2713,A330,171342,616,39640,39753,445,445,35.38,40.06,536.07,8.21,5.76,12.5,22,0,1.041,0.5,2142607.04,872080,230567.63
FLIGHT_2714,A330,145952,599,39589,39923,452,451,125.05,42.05,515.37,7.49,5.02,-2.94,31,0,1.004,2.45,-429589.95,1227259,179137.23
FLIGHT_2715,B737,64470,211,33876,34181,440,439,128.14,33.19,146.42,4.98,3.43,4.02,34,0,1.042,1.48,259166.89,1151784,45399.28
FLIGHT_2716,A320,50027,80,31425,31839,427,425,95.3,33.8,12.32,4.89,3.23,26.73,24,0,0.99,0.69,1337116.95,754200,17494.17
FLIGHT_2717,B777,173161,338,33487,33432,422,421,30.74,32.15,273.09,8.51,5.74,26.36,29,0,0.996,1.51,4564552.87,971123,128441.04
FLIGHT_2718,B777,157059,618,36684,36759,432,430,32.93,36.73,547.63,7.96,5.33,-16.85,33,0,1.006,0.93,-2646965.86,1210572,182940.15
FLIGHT_2719,B737,52151,222,37871,37787,429,428,124.84,35.69,150.51,4.65,3.27,5.55,28,0,0.986,2.2,289318.61,1060388,43517.67
FLIGHT_2720,A330,156152,491,37796,37527,457,455,31.41,36.08,416.64,8.12,5.18,23.6,33,0,0.996,1.58,3685869.9,1247268,169508.28
FLIGHT_2721,B737,61898,119,33924,34285,450,452,22.29,32.02,53.06,5.32,3.45,10.35,23,0,0.986,0.47,640706.73,780252,24471.18
FLIGHT_2722,A320,52526,103,35685,36056,471,472,63.52,38.35,28.47,4.25,3.01,11.56,22,0,0.981,0.79,607389.26,785070,17855.76
FLIGHT_2723,B737,53331,196,40806,40972,466,464,49.08,38.37,123.57,5.05,3.24,3.53,25,0,0.984,1.75,188325.34,1020150,38627.1
FLIGHT_2724,B737,49182,163,38744,38884,436,437,121.18,39.92,81.16,4.77,3.2,-11.9,23,0,1.016,2.51,-585157.03,891112,27423.82
FLIGHT_2725,B777,155085,674,32371,32248,411,412,144.07,33.88,604.84,8.48,5.38,-2.22,24,0,1.02,2.83,-344114.42,776904,224086.21
FLIGHT_2726,B777,122979,605,32546,32071,459,457,119.15,34.35,535.68,6.97,4.75,24.91,27,1,0.994,1.66,3063805.3,878742,194052.89
FLIGHT_2727,B777,156016,303,38474,38075,425,426,32.64,35.7,234.71,7.67,5.36,14.3,22,0,0.988,0.91,2231181.73,846428,100338.17
FLIGHT_2728,B737,54847,230,37076,37250,423,424,122.2,37.38,157.06,4.67,3.25,-18.39,23,0,1.025,1.0,-1008878.19,852748,37760.83
FLIGHT_2729,A320,56550,206,36047,36422,426,425,144.34,38.78,128.49,5.21,3.29,28.83,34,1,1.046,0.97,1630127.53,1225598,51365.86
FLIGHT_2730,B737,52867,139,34326,33887,476,478,60.34,35.75,70.78,4.46,3.16,24.58,24,1,1.039,0.82,1299582.13,823824,31224.56
FLIGHT_2731,A330,173969,533,37174,37013,417,415,116.72,35.15,460.64,7.95,5.3,-10.34,31,1,1.039,1.32,-1799662.31,1152394,166049.21
FLIGHT_2732,B737,61020,195,35432,35456,478,479,68.27,33.12,130.57,5.39,3.48,25.28,32,0,0.999,0.56,1542727.19,1133824,47314.53
FLIGHT_2733,B777,179730,323,34236,34569,460,459,118.58,35.83,253.24,8.81,5.87,11.27,25,1,1.055,0.24,2026202.15,855900,123531.44
FLIGHT_2734,B737,54898,179,39911,39949,457,456,76.73,40.96,99.44,4.8,3.34,4.07,22,1,0.981,2.35,223324.95,878042,34798.25
FLIGHT_2735,A320,54570,167,30523,30360,425,425,22.8,31.75,102.5,4.72,3.36,-11.8,24,1,1.032,0.63,-643775.02,732552,29493.86
FLIGHT_2736,A330,157067,571,34596,34231,425,427,89.87,35.12,504.39,7.95,5.4,19.65,33,0,0.987,1.53,3085928.27,1141668,199400.91
FLIGHT_2737,A330,162783,622,34008,33721,414,414,115.85,36.17,550.36,8.63,5.54,15.9,22,1,1.063,2.82,2587463.48,748176,239166.86
FLIGHT_2738,A330,169064,438,40741,41127,408,409,109.35,41.57,357.4,8.52,5.49,3.28,27,0,1.037,0.13,555284.04,1100007,149692.45
FLIGHT_2739,A330,138543,527,38660,38353,404,403,32.75,41.16,442.76,7.45,5.29,19.1,32,0,0.997,0.63,2646611.45,1237120,178728.27
FLIGHT_2740,A330,146549,583,37719,37879,439,437,57.13,38.62,504.8,7.12,5.01,2.93,34,0,1.061,0.02,430005.89,1282446,184220.45
FLIGHT_2741,B737,46964,141,30767,30616,447,446,85.36,32.0,75.38,4.57,3.26,-14.09,33,0,1.0,1.91,-661817.32,1015311,22365.5
FLIGHT_2742,B777,124072,336,32114,32597,449,448,46.11,31.2,272.31,6.41,4.52,4.86,26,0,0.996,0.4,603452.52,834964,90538.11
FLIGHT_2743,A330,132976,306,33163,32958,441,440,98.36,35.36,236.46,7.12,4.83,-4.93,27,1,1.031,0.51,-655772.2,895401,87393.91
FLIGHT_2744,B777,152842,669,32881,33042,458,460,86.4,30.25,607.72,7.51,5.2,19.82,26,1,0.992,2.6,3029592.04,854906,229034.31
FLIGHT_2745,B777,176423,463,31446,30983,467,467,112.01,31.68,400.55,8.96,5.8,0.01,31,0,0.998,0.71,1029.52,974826,160203.95
FLIGHT_2746,A330,150437,612,31620,31753,412,412,129.09,30.72,549.21,8.04,5.14,-7.26,31,0,1.045,1.02,-1092092.33,980220,190665.0
FLIGHT_2747,B777,130514,715,35993,36451,406,407,134.62,35.25,644.37,7.15,4.9,4.91,27,1,1.0,0.03,641475.52,971811,213104.19
FLIGHT_2748,A330,141125,712,33944,34098,426,427,87.39,33.3,646.21,7.2,5.12,-3.3,26,0,0.994,0.4,-465896.96,882544,211542.99
FLIGHT_2749,A330,131885,417,34071,33652,406,405,119.51,32.36,355.17,7.28,4.85,-17.03,25,0,1.068,0.92,-2246570.68,851775,117800.71
FLIGHT_2750,A320,62218,209,35743,36037,437,439,81.31,33.47,142.26,5.11,3.49,-0.64,31,1,1.047,1.26,-39848.01,1108033,44375.62
FLIGHT_2751,A320,60779,92,30353,29919,420,422,84.93,30.25,33.48,5.05,3.38,25.69,25,0,1.049,0.26,1561234.32,758825,22384.87
FLIGHT_2752,B777,135824,326,31229,31149,439,441,31.76,28.43,270.55,7.3,4.96,-9.54,26,0,1.012,2.12,-1296314.19,811954,93222.51
FLIGHT_2753,B737,54473,104,36307,36721,426,427,106.16,34.11,38.63,4.94,3.17,-13.04,30,1,1.023,2.87,-710560.63,1089210,18260.99
FLIGHT_2754,B737,55351,94,39082,38649,477,478,92.74,37.99,15.84,5.17,3.27,0.31,27,0,0.993,1.45,16906.92,1055214,17146.85
FLIGHT_2755,B777,167180,521,40445,40849,415,413,116.32,42.27,435.12,8.23,5.48,-13.74,34,1,1.058,0.08,-2297690.71,1375130,166630.96
FLIGHT_2756,B777,134915,490,38234,37827,443,443,89.83,38.87,413.07,7.4,4.95,27.72,28,0,1.025,0.1,3739994.6,1070552,168058.16
FLIGHT_2757,A320,46206,221,36908,36502,426,425,36.17,34.67,155.39,4.93,3.09,4.15,34,1,1.052,2.34,191869.08,1254872,45395.23
FLIGHT_2758,A330,136015,599,39368,38971,461,462,108.2,39.69,523.64,7.12,4.81,-5.46,24,1,0.989,0.88,-742654.67,944832,165517.78
FLIGHT_2759,B737,48852,169,33402,33368,466,467,70.27,34.4,98.85,4.99,3.25,26.8,31,0,1.026,2.12,1309030.57,1035462,39732.55
FLIGHT_2760,A320,55326,134,33476,33188,403,403,102.19,32.48,69.85,4.9,3.35,13.98,32,0,0.981,1.25,773472.03,1071232,28119.44
FLIGHT_2761,A330,155564,466,36111,36209,467,468,98.33,36.81,395.23,8.41,5.55,-10.28,28,0,1.03,0.36,-1598966.63,1011108,151002.51
FLIGHT_2762,B777,163183,310,37656,37602,468,469,143.61,36.16,235.87,8.3,5.54,10.63,28,0,0.993,2.76,1734233.62,1054368,106540.38
FLIGHT_2763,A330,133342,620,39323,39320,473,472,51.22,41.62,537.46,7.66,4.89,6.69,26,0,0.985,2.05,891856.79,1022398,186927.21
FLIGHT_2764,A320,48687,129,33929,34091,473,471,107.0,32.63,61.15,4.74,3.25,21.84,24,0,1.054,1.33,1063500.4,814296,29022.26
FLIGHT_2765,B777,155732,429,32835,32695,421,421,79.25,30.51,365.88,8.28,5.34,28.31,26,1,1.017,1.53,4408807.47,853710,158745.16
FLIGHT_2766,B777,178996,334,30397,30399,476,474,63.2,29.73,276.58,9.05,6.06,-5.8,28,0,1.036,0.2,-1038819.41,851116,120561.11
FLIGHT_2767,A320,52018,77,32678,32700,444,445,110.97,30.12,14.7,4.6,3.2,28.26,27,0,1.055,1.18,1469856.46,882306,17216.4
FLIGHT_2768,B777,155335,550,32565,32133,449,449,147.21,32.23,486.56,8.35,5.25,6.28,32,0,1.014,1.01,974821.92,1042080,181721.78
FLIGHT_2769,B777,173090,541,38222,38325,439,437,54.78,40.81,462.99,8.24,5.62,-12.55,29,0,1.059,0.44,-2171947.17,1108438,179935.59
FLIGHT_2770,B737,61226,184,40771,40452,476,476,86.38,38.05,112.61,4.52,3.22,14.24,24,0,0.981,2.16,871688.67,978504,37992.46
FLIGHT_2771,B777,165228,586,38646,38377,426,424,46.67,37.92,514.01,7.69,5.41,-4.9,26,0,1.002,0.01,-809235.16,1004796,183539.82
FLIGHT_2772,B737,63306,157,40332,40497,406,407,22.8,37.76,81.97,5.14,3.49,16.53,27,0,1.008,2.71,1046612.73,1088964,36038.06
FLIGHT_2773,A330,161896,384,36559,36894,442,441,69.08,37.22,310.97,8.49,5.45,22.48,24,1,1.049,2.54,3639505.07,877416,146714.09
FLIGHT_2774,B777,128186,311,30112,30165,428,428,33.88,29.54,254.86,7.3,4.88,-12.75,33,0,1.069,1.14,-1633861.68,993696,90528.9
FLIGHT_2775,A330,140541,313,31774,32250,434,433,131.26,31.53,250.5,7.23,5.13,-2.29,25,1,1.047,2.68,-321533.55,794350,99446.27
FLIGHT_2776,A330,157148,338,40174,39910,468,468,137.86,41.72,255.29,7.87,5.25,0.41,24,0,1.005,1.7,63692.14,964176,105851.84
FLIGHT_2777,A330,152692,542,39578,39311,444,445,24.8,36.97,467.84,7.52,5.29,21.6,30,0,1.056,1.05,3298555.92,1187340,198416.3
FLIGHT_2778,B777,158686,591,40259,39926,433,434,45.91,41.41,510.09,8.11,5.48,18.11,30,0,1.069,0.19,2873760.13,1207770,222118.24
FLIGHT_2779,B777,122086,714,40997,40545,409,411,44.09,43.07,626.9,6.64,4.49,-15.31,23,0,0.994,0.57,-1868806.96,942931,172343.4
FLIGHT_2780,A320,53346,88,36609,36173,433,431,30.63,34.07,17.13,5.08,3.18,1.07,22,0,1.02,0.81,56894.15,805398,16436.12
FLIGHT_2781,B737,64574,117,38585,38742,412,411,118.53,38.47,40.09,5.06,3.53,4.92,29,1,1.028,0.2,317737.14,1118965,24292.81
FLIGHT_2782,A330,131254,549,32761,32307,462,462,79.59,32.98,481.65,7.4,4.78,25.66,31,0,1.066,2.78,3367931.31,1015591,192746.22
FLIGHT_2783,A330,178336,619,31622,31675,423,422,55.71,28.97,562.01,8.43,5.69,6.05,26,0,1.04,1.22,1078443.85,822172,226387.75
FLIGHT_2784,A330,121303,583,34490,34269,464,464,79.72,37.04,507.57,7.0,4.64,-4.45,22,0,1.031,0.31,-540260.29,758780,161445.06
FLIGHT_2785,A330,155409,680,31138,31321,438,437,39.55,32.31,615.32,8.14,5.34,0.6,32,1,1.004,1.63,92735.68,996416,221454.48
FLIGHT_2786,B737,58380,203,35725,35994,472,471,25.31,33.19,134.05,5.66,3.57,15.1,29,0,0.986,0.61,881496.33,1036025,46571.53
FLIGHT_2787,A330,164023,679,34257,34109,447,448,140.2,33.68,615.47,7.75,5.37,4.26,31,1,1.018,0.99,699119.2,1061967,226942.97
FLIGHT_2788,B777,131672,454,40596,40180,416,416,64.63,40.95,369.22,7.21,4.91,12.95,28,1,1.013,2.53,1704835.63,1136688,143607.23
FLIGHT_2789,A320,52095,103,35049,34629,429,430,126.42,34.28,31.54,4.85,3.27,18.31,33,1,0.986,0.81,953721.29,1156617,20616.69
FLIGHT_2790,A330,147008,333,37737,37795,400,398,25.06,39.62,253.25,7.35,5.11,-10.27,24,1,1.046,0.38,-1509184.43,905688,98141.94
FLIGHT_2791,A320,50347,110,38679,38311,476,474,89.56,37.38,33.64,5.02,3.2,24.46,31,1,1.034,0.56,1231390.06,1199049,24645.84
FLIGHT_2792,B777,139311,718,33773,34246,402,402,149.45,35.72,644.08,7.35,5.04,16.78,28,0,1.066,0.67,2337478.05,945644,248471.4
FLIGHT_2793,B737,58689,171,31115,30920,405,404,79.81,29.23,114.46,5.19,3.27,6.62,25,0,1.056,2.77,388487.93,777875,37719.84
FLIGHT_2794,A320,49309,206,35810,36193,469,470,45.93,37.17,134.57,4.45,3.04,13.53,29,0,1.039,0.67,667137.32,1038490,41807.52
FLIGHT_2795,A320,51251,74,31573,31352,478,477,21.03,30.5,11.57,4.54,3.24,1.02,23,0,1.035,1.66,52041.22,726179,12737.71
FLIGHT_2796,A330,167339,690,39430,39824,433,434,64.38,39.37,609.2,8.37,5.46,-14.39,29,0,1.023,1.35,-2408236.11,1143470,215902.35
FLIGHT_2797,B777,177664,703,34262,34566,401,400,98.15,33.85,634.93,8.48,5.68,15.98,27,1,1.042,2.23,2838921.58,925074,269639.67
FLIGHT_2798,A320,50021,121,39592,39732,428,429,124.65,41.19,40.21,5.03,3.17,-8.14,31,1,0.985,1.53,-407092.76,1227352,21019.96
FLIGHT_2799,A330,128376,605,33054,32803,412,413,61.14,35.11,533.12,6.72,4.71,-18.66,28,1,1.006,2.35,-2395548.47,925512,155653.04
FLIGHT_2800,B737,54634,222,40841,40754,420,421,111.24,42.07,140.09,4.74,3.25,19.45,29,0,1.053,1.08,1062546.68,1184389,50866.19
FLIGHT_2801,A320,57245,112,39966,39508,427,426,92.93,37.81,33.79,5.01,3.36,12.2,32,0,1.065,0.87,698202.26,1278912,24247.6
FLIGHT_2802,A320,46645,227,38738,38360,469,467,95.58,38.46,149.98,4.49,2.83,-5.05,33,1,0.993,1.78,-235525.71,1278354,36606.54
FLIGHT_2803,A320,63716,144,30170,30255,467,469,98.61,31.88,81.18,5.49,3.58,11.21,24,1,1.034,1.84,714245.11,724080,34033.13
FLIGHT_2804,B737,53907,190,32996,32935,422,421,57.45,34.52,120.26,4.72,3.16,-18.42,29,0,0.981,0.7,-993199.48,956884,28387.72
FLIGHT_2805,B737,54990,83,31334,31805,418,419,73.65,33.18,17.09,5.13,3.21,-14.0,32,1,0.985,0.83,-769839.61,1002688,13756.35
FLIGHT_2806,A330,171628,645,31358,31583,449,449,124.46,29.46,584.86,8.11,5.63,24.08,22,1,1.033,2.58,4133587.98,689876,251374.5
FLIGHT_2807,A330,143038,642,37444,37437,456,458,109.18,38.92,564.7,7.37,5.05,0.65,24,0,0.988,2.81,93600.34,898656,194712.77
FLIGHT_2808,A320,49042,198,31063,31023,414,412,148.66,33.52,130.11,4.86,3.29,18.05,28,0,1.059,0.06,885091.1,869764,45155.6
FLIGHT_2809,B777,155984,357,40078,40437,436,436,100.23,40.67,279.01,7.87,5.53,-18.42,33,0,1.011,3.0,-2873491.9,1322574,109762.65
FLIGHT_2810,B737,50103,60,32050,32546,429,429,48.19,30.86,0.0,5.0,3.3,0.54,22,1,1.036,0.92,26968.2,705100,11472.63
FLIGHT_2811,A330,159177,418,39587,39650,406,408,129.48,42.34,332.91,8.24,5.4,2.44,22,1,1.034,0.54,387708.3,870914,140025.46
FLIGHT_2812,A330,139170,443,39522,39359,452,452,126.27,41.4,361.07,7.41,4.99,-5.01,34,0,1.054,2.54,-697887.21,1343748,135985.35
FLIGHT_2813,A330,167844,608,36734,37005,431,431,96.98,39.37,526.83,7.86,5.35,-2.8,33,1,1.038,0.49,-469533.72,1212222,196053.04
FLIGHT_2814,B777,174458,567,39959,40102,445,446,121.7,41.08,489.39,8.61,5.68,21.31,22,1,1.044,2.22,3716907.58,879098,222641.47
FLIGHT_2815,A320,62520,96,31766,31287,402,404,136.83,29.73,33.82,5.4,3.5,29.21,27,1,1.002,2.0,1826474.22,857682,23116.31
FLIGHT_2816,A330,143116,602,38877,38568,473,472,102.11,36.78,528.96,7.82,5.06,-13.78,34,1,1.023,1.1,-1972552.55,1321818,173992.93
FLIGHT_2817,A330,178134,431,30234,29887,413,414,47.06,32.36,364.5,8.08,5.7,-15.54,29,0,1.043,1.45,-2769039.67,876786,140796.93
FLIGHT_2818,A320,50750,110,35960,36122,454,454,47.56,33.97,39.69,4.37,3.04,16.77,22,1,0.989,2.64,851239.93,791120,21116.6
FLIGHT_2819,B737,49748,201,33012,32688,462,461,117.28,31.71,137.59,4.87,3.23,-16.82,28,1,1.051,1.84,-836620.92,924336,34899.97
FLIGHT_2820,A330,121124,403,30419,30259,477,476,84.47,30.41,342.46,7.07,4.75,-16.37,22,0,1.059,2.11,-1982856.96,669218,111737.85
FLIGHT_2821,B737,48885,233,32592,32230,440,440,86.47,29.79,174.32,4.55,3.18,-9.43,25,0,1.024,0.12,-460854.28,814800,40552.32
FLIGHT_2822,A330,164496,470,33831,33363,445,447,91.74,35.56,401.86,7.68,5.39,-9.95,26,1,1.041,0.76,-1637459.4,879606,148752.92
FLIGHT_2823,A330,151782,438,36839,36608,464,462,106.73,35.47,367.87,7.57,5.22,0.3,24,0,1.069,1.34,45589.78,884136,144871.84
FLIGHT_2824,A330,159254,440,40470,40491,474,473,109.1,42.35,355.43,7.8,5.42,29.4,26,0,1.002,2.66,4682012.6,1052220,162077.11
FLIGHT_2825,B737,58893,71,39968,40023,441,441,90.23,41.75,0.0,4.91,3.5,25.28,34,0,1.022,1.94,1488697.13,1358912,17768.55
FLIGHT_2826,A320,50657,224,36241,35802,409,410,33.14,34.68,151.6,5.18,3.26,-4.06,27,0,1.068,1.05,-205535.94,978507,43944.07
FLIGHT_2827,B777,136729,433,35384,35125,462,461,108.77,34.25,368.08,7.5,4.84,-6.95,29,0,1.031,2.08,-949910.35,1026136,126019.29
FLIGHT_2828,A330,148201,638,30607,30511,410,410,135.92,29.33,582.1,8.37,5.39,17.91,29,1,1.053,2.21,2654734.16,887603,238588.38
FLIGHT_2829,A330,153281,345,38473,38701,471,469,70.28,36.53,273.54,7.98,5.44,-18.78,27,1,1.007,0.91,-2878894.43,1038771,102263.58
FLIGHT_2830,A320,57263,199,37106,37411,414,415,126.79,37.52,122.44,5.11,3.43,20.09,33,1,1.041,1.3,1150675.96,1224498,46952.45
FLIGHT_2831,A320,53596,194,36662,36996,478,479,97.64,35.68,121.13,5.24,3.28,-0.84,31,0,1.016,1.64,-44854.32,1136522,37924.83
FLIGHT_2832,B737,54873,152,33295,33462,400,401,147.39,33.39,85.31,4.68,3.28,-1.12,28,1,1.051,2.24,-61402.64,932260,29668.36
FLIGHT_2833,A320,51280,64,38241,38268,424,426,40.39,38.16,0.0,5.28,3.36,-10.41,22,1,1.023,2.97,-533829.19,841302,13559.75
FLIGHT_2834,B777,163306,624,38874,39049,434,433,103.5,41.4,545.49,8.01,5.45,-12.86,27,0,0.987,2.42,-2099856.55,1049598,191717.58
FLIGHT_2835,A320,57958,73,35219,34865,457,459,91.18,36.68,0.0,5.39,3.42,26.8,34,0,0.984,1.46,1553042.76,1197446,16661.91
FLIGHT_2836,B737,58608,80,36248,36134,422,421,50.65,36.34,7.9,4.94,3.52,26.87,24,1,0.985,1.38,1574913.77,869952,17535.21
FLIGHT_2837,B777,169562,598,39528,39672,470,470,27.88,37.58,524.32,8.72,5.49,-12.66,24,1,1.037,1.66,-2147246.33,948672,193848.44
FLIGHT_2838,B737,56414,167,40280,40211,439,439,58.28,39.01,92.71,5.19,3.4,-16.78,30,0,1.054,1.32,-946625.55,1208400,30777.97
FLIGHT_2839,A330,164984,496,30567,30342,457,457,45.32,30.63,436.91,7.75,5.48,15.77,24,1,0.995,0.99,2602350.75,733608,173339.24
FLIGHT_2840,B737,64413,142,31773,31642,473,474,133.32,33.58,75.12,5.02,3.58,-15.34,26,1,1.046,0.79,-988112.74,826098,26695.11
FLIGHT_2841,A330,153479,416,34431,34623,415,414,27.07,32.68,353.97,7.61,5.33,10.3,34,1,1.031,0.17,1581358.02,1170654,141654.53
FLIGHT_2842,A330,151398,670,31649,31626,440,439,120.24,33.04,601.77,8.07,5.14,-1.97,28,0,1.06,1.02,-298755.21,886172,216256.62
FLIGHT_2843,B737,49403,238,31185,30837,469,470,141.02,30.9,175.96,4.95,3.17,4.5,32,0,1.0,1.81,222499.2,997920,46769.21
FLIGHT_2844,B777,145200,475,35035,34882,438,439,51.12,36.75,404.31,7.79,5.22,15.12,31,1,1.026,1.7,2195072.72,1086085,163615.05
FLIGHT_2845,A320,59789,168,30063,30360,435,434,138.87,29.62,108.03,5.04,3.42,4.07,27,1,1.028,0.3,243520.59,811701,35292.68
FLIGHT_2846,B777,178465,617,31893,32111,464,466,103.91,31.03,555.13,8.41,6.01,-3.33,33,0,1.006,1.28,-595042.57,1052469,219155.1
FLIGHT_2847,B737,47939,170,38501,38738,472,473,94.0,38.12,91.0,5.06,3.29,10.63,27,1,1.014,0.3,509694.84,1039527,35093.84
FLIGHT_2848,B737,55255,111,40073,40456,403,402,133.47,38.03,37.05,4.72,3.23,-19.68,28,0,1.049,1.76,-1087616.14,1122044,17733.4
FLIGHT_2849,B777,144080,345,35682,36065,412,414,42.12,35.35,278.15,7.32,5.2,2.08,34,1,1.046,1.09,299341.23,1213188,112283.83
FLIGHT_2850,A330,151368,651,38353,38253,472,474,44.0,37.18,578.43,8.66,5.45,27.02,34,1,0.98,2.84,4089628.83,1304002,239624.2
FLIGHT_2851,A330,126369,344,39810,39665,466,466,41.43,41.63,259.22,7.48,4.69,-5.03,29,1,0.999,1.12,-635209.81,1154490,92943.01
FLIGHT_2852,A330,179241,536,32833,32629,419,420,130.6,30.67,476.49,8.99,5.85,16.97,32,1,1.044,1.81,3042407.21,1050656,212092.91
FLIGHT_2853,A320,56873,106,32831,32446,453,453,130.51,32.06,42.5,5.15,3.35,19.12,34,1,1.07,1.19,1087696.65,1116254,25526.01
FLIGHT_2854,A320,64480,201,38955,39151,454,454,87.98,40.84,115.8,4.79,3.4,-18.2,29,1,1.054,0.33,-1173687.25,1129695,33985.24
FLIGHT_2855,B777,175352,311,37843,37537,451,449,47.8,35.93,241.71,9.25,5.89,24.91,33,1,1.031,0.77,4368411.35,1248819,125337.78
FLIGHT_2856,B777,121295,582,32410,32824,466,468,31.68,34.88,513.43,7.22,4.75,15.0,30,0,1.019,0.45,1819018.73,972300,180939.5
FLIGHT_2857,B737,62017,65,38721,39212,448,447,83.9,36.41,0.0,5.47,3.51,-19.49,28,0,1.019,1.96,-1208512.78,1084188,13009.28
FLIGHT_2858,B777,166556,414,35875,35749,434,436,53.25,34.65,347.67,8.41,5.55,-6.02,27,0,1.024,0.46,-1002828.96,968625,136292.93
FLIGHT_2859,B777,177320,648,35925,35716,464,462,29.45,34.76,576.19,9.45,5.91,15.06,31,1,1.042,1.39,2670656.12,1113675,255429.02
FLIGHT_2860,B777,144443,682,40878,40545,452,451,84.59,43.19,592.71,7.95,5.01,29.55,32,0,1.01,1.26,4267992.58,1308096,237239.66
FLIGHT_2861,B737,51606,195,33695,33589,446,444,129.0,31.7,133.3,4.98,3.3,-6.95,22,1,1.034,0.29,-358683.23,741290,36720.9
FLIGHT_2862,B737,58567,158,36775,36929,456,455,37.15,35.6,88.34,5.18,3.27,5.15,30,1,1.04,1.57,301502.7,1103250,33011.34
FLIGHT_2863,A330,147296,605,35643,35321,470,471,58.82,33.1,537.82,7.68,5.18,-0.5,27,1,0.984,2.47,-73712.41,962361,186640.68
FLIGHT_2864,B777,143988,700,39671,39222,437,436,72.38,37.64,628.9,7.46,5.06,-8.04,25,0,0.996,2.09,-1157092.3,991775,205613.01
FLIGHT_2865,A330,127621,549,39901,40372,449,447,120.99,39.18,467.2,7.17,4.72,11.08,33,1,0.993,0.88,1413960.57,1316733,161839.56
FLIGHT_2866,B777,167308,625,33721,33753,402,403,84.97,33.7,558.41,7.89,5.48,2.09,24,1,1.06,2.19,349018.19,809304,221651.76
FLIGHT_2867,A320,51862,108,34555,34096,467,466,86.65,33.43,40.36,4.58,3.22,13.59,28,0,1.037,2.55,704850.75,967540,21915.13
FLIGHT_2868,A330,155199,414,33360,33808,457,458,32.16,31.26,349.41,7.83,5.48,14.51,34,0,1.016,2.81,2251294.24,1134240,147572.74
FLIGHT_2869,B737,55841,159,31129,31260,450,450,86.12,29.72,99.16,5.08,3.2,10.56,29,1,1.008,2.58,589855.63,902741,33109.4
FLIGHT_2870,A320,49783,164,40688,40795,402,402,134.68,43.14,75.24,4.61,3.18,5.18,22,0,1.008,1.87,257883.48,895136,30953.36
FLIGHT_2871,A330,143759,358,39752,39346,455,455,28.7,38.33,279.99,7.43,5.05,-6.99,25,0,1.067,1.89,-1004773.15,993800,110736.39
FLIGHT_2872,A320,47179,105,34076,33580,450,448,64.72,35.5,32.25,4.75,3.07,-2.43,29,1,0.985,1.25,-114668.77,988204,17567.01
FLIGHT_2873,A330,152118,710,37914,38078,416,417,141.2,39.82,634.62,8.6,5.49,1.12,34,0,1.033,2.19,169836.29,1289076,247231.16
FLIGHT_2874,B737,58978,169,38543,38915,427,429,30.2,37.88,91.33,4.87,3.4,16.57,25,1,1.008,2.99,977533.16,963575,37267.87
FLIGHT_2875,B777,133895,715,36242,36244,439,438,24.06,35.41,642.62,7.35,4.79,24.92,24,1,1.018,0.52,3336035.67,869808,235679.45
FLIGHT_2876,B777,146678,494,38150,38431,452,450,82.75,36.05,419.76,8.16,5.15,-4.42,32,0,1.01,0.66,-648871.54,1220800,149213.52
FLIGHT_2877,A330,121022,659,34309,34656,456,457,80.24,35.62,588.88,6.7,4.66,20.68,30,0,1.03,1.48,2503110.3,1029270,210705.71
FLIGHT_2878,A320,46202,98,37806,37447,441,441,142.35,39.78,22.45,4.78,3.11,26.45,27,0,1.018,1.25,1221957.52,1020762,21545.76
FLIGHT_2879,A320,63988,62,33309,33032,476,477,145.18,33.87,0.0,4.73,3.27,7.53,26,0,1.037,1.82,481686.85,866034,12465.39
FLIGHT_2880,B737,60208,89,30611,30123,437,439,31.88,30.4,26.95,5.19,3.53,-4.92,31,0,1.003,2.2,-296050.89,948941,16964.86
FLIGHT_2881,A330,162750,627,36567,36972,463,463,92.94,36.06,556.89,7.86,5.46,9.8,30,0,1.041,1.24,1594562.61,1097010,223024.49
FLIGHT_2882,A320,48858,220,30666,30501,420,420,73.4,28.82,161.31,4.38,3.06,29.03,23,0,1.046,1.37,1418575.89,705318,51210.52
FLIGHT_2883,A320,56308,238,40529,40979,439,440,147.03,41.79,158.62,4.78,3.36,26.34,34,1,1.069,2.01,1483339.73,1377986,60406.16
FLIGHT_2884,B777,164953,399,34040,33697,474,473,32.07,36.2,329.35,8.37,5.6,17.9,33,0,1.054,0.03,2952519.28,1123320,150418.46
FLIGHT_2885,A320,51093,217,35789,35518,416,417,89.15,37.98,139.25,4.62,3.03,19.05,31,0,1.035,0.31,973543.47,1109459,45861.01
FLIGHT_2886,B777,127730,414,35286,35340,476,476,35.09,36.77,343.63,6.92,4.79,28.83,33,0,1.022,0.95,3681861.6,1164438,138798.49
FLIGHT_2887,B737,52978,63,34626,34580,411,413,53.74,33.56,0.0,4.39,3.11,-3.07,30,1,1.019,0.14,-162757.46,1038780,10803.7
FLIGHT_2888,A330,158356,551,40572,40929,421,423,85.22,37.81,476.7,8.03,5.2,-3.22,34,1,1.018,0.76,-509769.12,1379448,171356.8
FLIGHT_2889,B737,56819,100,33297,33662,474,475,70.6,30.6,39.61,5.11,3.35,-11.8,27,0,1.003,0.95,-670528.52,899019,17299.2
FLIGHT_2890,B737,54118,145,32453,32698,460,461,48.97,34.48,78.66,4.92,3.3,16.95,24,0,1.022,3.0,917270.95,778872,32812.65
FLIGHT_2891,A320,51044,104,37755,37690,445,447,134.52,36.88,29.87,5.0,3.29,-8.77,33,0,0.995,2.45,-447465.17,1245915,17658.49
FLIGHT_2892,A330,143984,568,35955,35786,458,456,41.76,37.56,493.99,8.08,5.11,-11.7,28,0,1.068,2.93,-1684784.55,1006740,179198.54
FLIGHT_2893,A320,51866,202,39075,39028,412,413,78.53,36.7,126.14,5.06,3.22,22.05,25,0,0.994,2.06,1143611.57,976875,44501.81
FLIGHT_2894,A330,174020,642,34277,34102,426,428,23.42,32.62,579.1,8.02,5.55,11.13,25,1,1.016,1.04,1936719.76,856925,227507.27
FLIGHT_2895,B737,62684,65,33811,33633,414,415,35.62,35.89,0.0,5.57,3.56,20.5,33,0,1.017,0.29,1285136.92,1115763,16441.01
FLIGHT_2896,A330,157630,576,39751,39922,437,436,140.81,41.39,496.66,8.59,5.44,-17.73,25,0,1.055,2.1,-2795227.02,993775,185150.52
FLIGHT_2897,B737,51340,70,33027,32926,426,426,134.27,35.46,0.09,4.8,3.18,-13.69,24,0,1.017,1.45,-703054.94,792648,10889.21
FLIGHT_2898,B737,60638,146,32388,31964,452,454,134.13,30.05,89.13,4.96,3.44,4.35,24,1,1.062,0.78,263734.6,777312,32309.73
FLIGHT_2899,A320,50699,138,39191,39080,408,407,135.22,36.43,68.97,4.36,3.05,-5.51,32,0,1.064,1.48,-279450.16,1254112,24594.23
FLIGHT_2900,B777,155638,362,30663,30926,404,404,27.73,27.77,308.42,8.39,5.25,18.48,33,0,1.032,1.11,2875440.29,1011879,128561.86
FLIGHT_2901,A330,132116,601,38878,38387,431,432,88.45,40.91,518.37,7.4,4.78,6.2,25,0,1.041,1.56,819341.11,971950,184786.4
FLIGHT_2902,A320,53312,167,38834,38690,422,424,81.15,37.22,91.2,4.94,3.42,22.02,28,1,1.01,1.7,1173957.61,1087352,38216.13
FLIGHT_2903,A320,63949,108,32396,32164,445,445,75.32,33.07,44.67,5.6,3.58,24.25,25,0,1.034,0.13,1550609.15,809900,27319.34
FLIGHT_2904,A320,64204,116,39208,38964,403,401,21.76,39.66,37.26,5.66,3.64,4.31,24,1,1.054,1.38,276785.24,940992,26322.85
FLIGHT_2905,A320,59863,200,34015,34364,445,447,121.26,35.73,128.08,4.66,3.24,-4.5,32,1,1.03,1.08,-269270.83,1088480,36941.76
FLIGHT_2906,A330,150889,642,36035,35787,409,411,87.65,34.73,574.44,8.34,5.28,17.63,23,0,1.042,1.71,2660049.33,828805,232168.71
FLIGHT_2907,B737,60802,223,38086,38013,402,402,134.91,37.49,147.71,5.26,3.3,20.54,30,1,0.998,0.14,1249140.52,1142580,50117.19
FLIGHT_2908,B777,174313,373,37907,37551,417,417,49.72,35.06,304.13,8.51,5.68,-0.93,26,1,1.052,0.39,-162683.46,985582,131061.93
FLIGHT_2909,A330,132086,660,36969,37465,448,446,26.26,38.13,588.41,7.57,4.94,20.58,31,0,1.068,0.45,2718551.96,1146039,230437.64
FLIGHT_2910,A320,56872,221,37710,37534,464,462,42.96,39.51,145.21,4.64,3.29,19.76,27,0,1.024,0.94,1123722.75,1018170,49445.07
FLIGHT_2911,A330,159626,470,39050,38634,409,408,103.14,41.27,385.6,8.16,5.5,16.1,25,1,0.991,0.06,2570726.22,976250,161950.36
FLIGHT_2912,A330,138874,365,40533,40153,400,400,88.39,43.14,281.47,7.11,5.02,-7.98,28,1,1.032,2.61,-1107845.2,1134924,108765.52
FLIGHT_2913,B777,148374,398,38149,37691,472,473,138.39,39.41,320.76,7.15,4.86,10.25,34,1,1.0,0.18,1521242.98,1297066,119297.42
FLIGHT_2914,B777,159187,676,38283,38284,467,468,108.24,39.97,594.11,8.38,5.36,11.87,32,1,1.037,0.07,1889428.72,1225056,235982.72
FLIGHT_2915,A330,161855,384,34268,34020,450,449,140.06,31.61,319.32,7.46,5.28,24.32,23,0,1.042,1.31,3936331.17,788164,138976.95
FLIGHT_2916,A320,63532,205,31760,31667,436,435,140.55,29.33,148.28,5.14,3.31,-12.4,33,1,0.995,1.92,-788080.68,1048080,36921.75
FLIGHT_2917,B777,145324,707,37071,37464,430,432,59.18,37.41,628.6,7.46,5.07,-14.9,25,0,1.068,1.37,-2165444.9,926775,211615.34
FLIGHT_2918,A330,166764,547,38663,38825,416,418,32.89,39.29,466.76,8.65,5.54,15.86,33,1,0.992,2.33,2645087.19,1275879,195016.12
FLIGHT_2919,B737,45880,172,31199,31213,447,446,90.86,32.0,108.73,4.46,3.09,-19.46,28,0,1.016,0.26,-893014.01,873572,25468.16
FLIGHT_2920,B737,55187,175,38812,39276,442,440,147.05,35.9,105.84,5.09,3.27,-12.46,32,0,1.0,2.4,-687782.62,1241984,30835.37
FLIGHT_2921,A330,127086,606,39431,39779,409,409,133.21,39.77,529.48,7.29,4.78,26.72,23,1,1.06,1.68,3396232.97,906913,211296.98
FLIGHT_2922,B737,59565,155,30288,30536,426,426,114.59,31.67,89.15,5.1,3.28,18.0,33,0,0.992,2.5,1071909.6,999504,33771.93
FLIGHT_2923,A330,134062,481,34490,34613,472,472,75.05,36.61,407.76,6.64,4.7,-11.59,31,1,1.006,1.43,-1553314.81,1069190,126713.77
FLIGHT_2924,B737,53675,172,33189,33274,406,404,137.0,31.47,111.04,4.78,3.35,-18.98,22,1,1.049,2.41,-1018908.34,730158,30639.21
FLIGHT_2925,B777,148614,369,40371,40350,406,405,124.73,39.91,293.49,7.87,4.98,6.26,30,0,0.981,1.99,930703.49,1211130,112339.85
FLIGHT_2926,A320,58166,123,32269,32323,461,459,58.55,32.83,59.57,5.06,3.3,-16.8,27,0,1.051,0.14,-977390.88,871263,21218.74
FLIGHT_2927,A330,175370,319,34473,33983,419,419,142.62,37.39,243.27,8.52,5.77,-19.65,27,1,1.029,0.01,-3446826.3,930771,100440.73
FLIGHT_2928,A330,159303,711,38702,39035,462,460,143.83,40.41,633.82,8.48,5.32,16.64,25,0,1.069,1.77,2650906.41,967550,265168.04
FLIGHT_2929,B777,166809,315,38028,38168,438,438,26.63,37.21,241.63,8.07,5.61,21.21,34,1,1.052,2.08,3537740.64,1292952,121391.65
FLIGHT_2930,A330,149012,302,33097,32877,421,423,83.98,31.33,241.4,7.51,5.25,-2.97,25,1,1.018,2.89,-443081.19,827425,95607.78
FLIGHT_2931,A330,141257,525,35345,34923,457,458,69.26,36.97,452.63,7.04,5.02,3.05,30,0,1.04,1.12,430187.5,1060350,164919.11
FLIGHT_2932,A320,57360,83,36029,35833,476,476,131.01,37.86,6.61,5.15,3.23,6.47,33,1,1.022,0.37,371354.44,1188957,16800.41
FLIGHT_2933,B777,154078,363,37065,36597,407,405,122.62,34.8,292.9,8.18,5.4,-7.62,25,1,0.995,1.31,-1174744.56,926625,112406.95
FLIGHT_2934,A330,157516,640,38009,38089,449,449,76.67,36.72,564.09,7.65,5.39,-13.9,23,0,1.065,1.73,-2189497.71,874207,205685.34
FLIGHT_2935,B777,145319,423,35556,35371,414,415,136.84,38.33,346.91,7.2,5.01,25.81,34,0,1.001,2.23,3750258.07,1208904,143478.95
FLIGHT_2936,A330,153977,368,30754,30915,414,415,118.48,28.16,313.95,8.01,5.26,-3.94,23,0,1.005,0.99,-606733.95,707342,114286.03
FLIGHT_2937,A320,60690,221,34768,34685,450,449,28.39,32.86,156.52,5.08,3.41,-0.75,33,0,0.991,1.8,-45802.56,1147344,43691.17
FLIGHT_2938,A320,47747,112,40899,40621,411,411,74.36,43.45,22.07,4.91,3.29,7.7,28,0,1.023,1.97,367808.86,1145172,21954.61
FLIGHT_2939,B777,165750,698,40511,40269,468,469,128.21,39.54,621.9,8.78,5.66,25.34,31,1,1.021,0.05,4200830.35,1255841,267666.79
FLIGHT_2940,A320,63298,84,36767,36996,475,476,147.1,35.52,14.88,5.3,3.34,15.02,23,1,1.012,0.12,950676.83,845641,18353.88
FLIGHT_2941,B777,175630,330,31600,31591,413,411,37.79,31.61,267.49,8.76,5.67,18.33,34,1,1.016,1.32,3219897.34,1074400,122556.21
FLIGHT_2942,A330,126696,616,33231,33546,462,461,87.06,34.12,551.66,7.08,4.75,-4.24,26,0,1.003,1.37,-537570.87,864006,172762.79
FLIGHT_2943,A330,173573,451,33913,34021,404,406,141.16,36.56,378.65,8.39,5.69,2.42,32,1,1.0,1.71,420046.66,1085216,155627.83
FLIGHT_2944,B777,143117,559,40860,40528,418,419,96.38,40.76,480.82,7.1,4.92,7.36,25,1,1.016,0.21,1053278.67,1021500,171960.9
FLIGHT_2945,B737,58194,215,36965,36947,443,442,139.58,35.72,145.75,5.02,3.44,15.11,26,1,1.048,1.23,879102.79,961090,50768.49
FLIGHT_2946,B777,154252,530,38536,38901,408,406,89.27,37.23,454.81,7.96,5.27,-6.52,29,0,1.016,2.68,-1006138.4,1117544,166737.98
FLIGHT_2947,A330,122028,433,32160,32271,413,415,78.55,32.56,369.17,7.47,4.7,29.98,25,0,1.058,2.78,3658865.07,804000,152658.91
FLIGHT_2948,B737,51897,212,40026,39951,479,480,145.15,42.67,130.2,4.81,3.09,17.03,24,0,1.052,0.68,883902.76,960624,46008.96
FLIGHT_2949,B737,54303,63,37064,37172,437,439,143.23,39.89,0.0,4.97,3.21,8.82,28,1,1.041,2.39,478828.26,1037792,15559.93
FLIGHT_2950,B777,145826,640,30382,30686,472,470,30.68,32.39,574.66,7.42,5.22,-12.73,27,1,0.995,1.25,-1857082.94,820314,186685.97
FLIGHT_2951,A330,174656,457,33585,33874,449,451,78.48,31.24,397.24,7.96,5.63,24.63,23,1,1.066,2.8,4302308.98,772455,184802.95
FLIGHT_2952,B737,57873,64,32700,32931,471,470,53.6,30.66,0.96,4.94,3.31,-16.83,30,1,1.054,1.5,-973999.27,981000,10049.37
FLIGHT_2953,A320,56003,229,35776,35343,474,473,77.25,35.57,162.03,4.88,3.24,-7.76,25,1,1.044,1.74,-434367.02,894400,43674.88
FLIGHT_2954,A320,46181,100,39297,39067,459,461,53.67,39.26,24.77,4.48,2.97,-18.07,23,1,1.068,2.58,-834305.79,903831,15667.07
FLIGHT_2955,A320,49845,70,34374,33881,460,461,53.85,32.89,2.51,4.87,3.41,22.94,26,0,1.045,0.79,1143285.68,893724,15263.37
FLIGHT_2956,B777,121339,532,35899,35649,420,422,64.56,36.9,456.39,7.11,4.71,-18.17,25,0,1.036,2.53,-2204356.03,897475,141603.3
FLIGHT_2957,A320,60661,111,40285,40317,465,466,58.86,39.45,30.08,5.2,3.34,-7.41,26,1,1.023,2.11,-449549.99,1047410,20087.0
FLIGHT_2958,B737,46410,127,33324,33110,425,424,74.92,33.6,61.44,4.87,3.18,20.09,27,1,0.98,1.26,932283.27,899748,27110.52
FLIGHT_2959,B777,169652,553,39823,39773,469,467,90.48,41.94,471.98,8.09,5.48,15.37,32,1,1.009,1.82,2607597.99,1274336,196638.24
FLIGHT_2960,A320,56295,126,30405,30798,401,400,108.04,28.38,67.4,4.56,3.23,1.83,27,1,0.992,1.4,102916.71,820935,22962.4
FLIGHT_2961,A320,57668,216,39749,39302,426,426,83.2,37.06,140.41,4.76,3.22,3.82,32,0,1.044,2.56,220041.06,1271968,43505.57
FLIGHT_2962,A330,142438,458,39617,39960,432,432,88.21,40.94,377.51,7.66,4.95,12.81,23,0,1.042,0.78,1825291.62,911191,149383.87
FLIGHT_2963,B737,53149,115,37439,37209,410,411,46.74,36.53,40.24,4.93,3.09,-19.12,30,1,1.062,0.86,-1016177.19,1123170,18045.71
FLIGHT_2964,B777,121927,456,35360,35178,452,452,54.02,32.85,390.29,7.31,4.6,-19.57,31,0,1.042,0.5,-2386191.31,1096160,116596.2
FLIGHT_2965,B777,155032,440,34252,33789,465,465,22.95,35.22,369.23,8.1,5.3,18.03,33,1,1.028,0.54,2795233.27,1130316,154095.72
FLIGHT_2966,B737,55032,96,30642,30295,405,405,73.35,32.31,31.35,4.67,3.17,12.15,33,1,1.038,0.55,668633.22,1011186,19633.86
FLIGHT_2967,B777,164280,442,35621,36117,444,442,39.87,35.06,374.83,8.62,5.54,-9.38,31,0,0.984,2.45,-1540769.58,1104251,140997.81
FLIGHT_2968,A320,58256,183,35830,35608,426,425,136.02,32.91,117.26,4.98,3.23,3.74,25,1,1.004,1.83,217773.41,895750,36227.65
FLIGHT_2969,A330,151022,327,32545,32363,438,439,99.48,32.33,260.05,7.99,5.12,8.41,28,0,1.061,1.33,1269426.35,911260,109715.42
FLIGHT_2970,B777,177777,452,34437,34016,469,470,74.1,32.86,387.4,8.34,5.56,-12.13,28,1,1.057,1.47,-2157309.18,964236,151250.92
FLIGHT_2971,A330,176890,712,34872,34377,441,440,53.0,32.87,650.26,8.64,5.8,10.64,22,0,0.999,2.55,1881883.65,767184,263185.94
FLIGHT_2972,B737,48057,108,37357,37355,459,460,83.84,38.4,32.45,4.47,3.18,8.22,23,0,1.045,1.9,394935.2,859211,20835.41
FLIGHT_2973,A330,170508,504,33532,33689,463,464,137.13,35.8,430.68,8.68,5.69,15.86,23,0,0.993,1.6,2704548.54,771236,182808.36
FLIGHT_2974,A320,63693,176,38999,38933,435,434,20.14,41.43,97.91,5.89,3.75,25.53,33,1,0.982,2.33,1625804.54,1286967,45353.26
FLIGHT_2975,B737,64250,157,36041,35830,416,414,86.82,35.7,83.11,4.76,3.11,29.61,30,1,1.069,0.29,1902363.39,1081230,37494.68
FLIGHT_2976,B737,57354,135,36093,36209,462,464,144.51,39.06,59.85,5.09,3.37,11.01,22,0,1.053,1.38,631651.77,794046,29782.49
FLIGHT_2977,B737,63001,137,33348,33156,415,417,76.38,35.95,64.85,5.22,3.55,11.98,27,0,1.044,0.23,754612.36,900396,30699.23
FLIGHT_2978,A330,156596,675,32299,32165,476,475,149.3,34.5,606.34,7.67,5.34,-1.65,25,1,1.051,1.66,-258183.43,807475,226139.68
FLIGHT_2979,A320,56127,186,39972,40338,479,479,96.79,42.7,101.64,4.75,3.23,3.07,32,1,0.999,0.02,172140.04,1279104,35270.61
FLIGHT_2980,B737,56505,75,40966,41305,443,442,87.9,38.24,0.91,5.33,3.43,-17.14,26,0,1.061,1.02,-968462.27,1065116,12946.31
FLIGHT_2981,A320,50109,183,37856,37845,427,425,75.88,40.1,99.98,5.1,3.29,0.77,26,0,1.02,0.66,38540.81,984256,35529.56
FLIGHT_2982,A320,54140,84,35877,36207,468,468,103.71,33.56,14.37,4.95,3.3,9.03,30,0,1.04,0.08,488773.89,1076310,16528.53
FLIGHT_2983,B777,129942,560,39554,39708,408,410,147.21,38.33,484.41,7.04,4.92,-9.82,30,1,1.048,2.95,-1275691.42,1186620,165903.78
FLIGHT_2984,B737,52791,129,33061,33497,468,468,84.86,33.82,64.77,5.36,3.36,-14.52,33,0,0.994,1.73,-766485.12,1091013,23000.36
FLIGHT_2985,A320,51921,179,31178,30778,442,440,48.57,33.6,108.86,4.7,3.35,25.8,29,1,1.034,0.95,1339675.82,904162,42071.51
FLIGHT_2986,B777,171958,607,40433,40689,415,414,106.52,38.05,531.94,8.56,5.67,18.8,23,0,1.046,2.89,3232580.72,929959,237784.86
FLIGHT_2987,A330,169686,702,36580,36088,438,439,97.59,34.7,635.73,8.41,5.58,10.6,23,1,1.056,0.94,1799396.19,841340,260932.59
FLIGHT_2988,A320,62828,105,39897,40110,469,470,112.18,40.97,21.16,5.63,3.58,22.08,29,1,1.051,0.4,1387047.0,1157013,26153.94
FLIGHT_2989,A320,46229,116,32341,32328,479,478,128.8,30.77,53.15,4.86,3.18,8.12,29,1,1.017,1.6,375245.23,937889,23255.7
FLIGHT_2990,B737,64854,191,39860,39646,434,435,127.39,41.75,108.74,5.26,3.48,-4.43,22,1,0.991,1.23,-287438.27,876920,37078.36
FLIGHT_2991,A330,158586,503,36499,36641,429,431,26.88,35.52,435.1,8.37,5.24,29.77,28,1,0.993,2.53,4720751.18,1021972,182913.2
FLIGHT_2992,B777,131622,676,33969,34083,472,472,20.2,33.38,608.82,6.93,4.78,24.52,34,1,1.014,2.8,3226904.39,1154946,224623.17
FLIGHT_2993,B777,179169,717,40844,40541,477,475,57.64,42.94,630.59,9.31,6.04,18.94,33,0,0.998,1.58,3393308.95,1347852,280245.63
FLIGHT_2994,B737,51553,130,35916,36006,464,464,22.14,37.75,56.81,4.47,3.19,-16.65,33,0,1.003,1.99,-858381.06,1185228,19897.87
FLIGHT_2995,B777,172296,551,31822,31725,417,418,105.17,28.87,492.38,8.77,5.56,3.19,25,0,1.017,2.76,549440.33,795550,193058.96
FLIGHT_2996,A320,45160,80,39725,39376,454,453,79.99,39.22,3.39,4.95,3.16,-5.4,33,0,1.042,1.77,-244040.32,1310925,14258.09
FLIGHT_2997,B777,167332,508,39006,39118,471,469,81.42,38.52,432.37,7.74,5.35,8.63,24,1,1.039,0.59,1444281.96,936144,174111.14
FLIGHT_2998,A320,51171,172,33903,34039,403,402,63.73,31.47,109.5,4.59,3.07,-8.51,34,0,1.066,0.92,-435216.69,1152702,29976.96
FLIGHT_2999,A330,172231,691,37534,37046,454,455,148.82,34.87,624.43,8.15,5.79,-12.24,30,0,1.011,0.48,-2108632.79,1126020,227553.35
FLIGHT_3000,B777,150216,644,31732,31643,478,480,92.79,34.36,574.46,7.2,5.05,-9.13,24,0,1.014,2.67,-1371379.73,761568,190321.84
